user_id,retained_d7,retained_d30,total_revenue_30d,churn_risk
U00001,1,1,0.0,low
U00002,1,1,6.75,low
U00003,1,1,68.41,low
U00004,1,0,10.1,low
U00005,1,1,42.73,low
U00006,1,1,16.73,low
U00007,1,1,21.27,low
U00008,1,1,0.0,low
U00009,1,1,16.76,low
U00010,1,1,27.98,low
U00011,1,1,33.11,low
U00012,1,1,32.16,medium
U00013,1,1,66.91,low
U00014,1,1,0.0,low
U00015,0,0,45.11,medium
U00016,0,1,0.0,low
U00017,0,1,0.0,medium
U00018,1,0,0.0,low
U00019,1,0,0.0,low
U00020,0,0,0.0,medium
U00021,0,0,0.0,medium
U00022,0,0,0.0,high
U00023,0,1,65.0,low
U00024,1,0,0.0,low
U00025,1,0,0.0,low
U00026,0,0,6.35,medium
U00027,1,1,37.35,low
U00028,1,1,36.76,low
U00029,0,0,0.0,low
U00030,1,0,17.36,low
U00031,0,1,37.88,low
U00032,1,1,23.36,low
U00033,1,1,48.16,low
U00034,1,1,28.44,low
U00035,1,1,55.17,low
U00036,0,0,8.83,medium
U00037,1,1,36.78,low
U00038,0,0,0.0,medium
U00039,0,1,13.02,low
U00040,1,1,9.54,low
U00041,1,1,18.8,low
U00042,1,0,0.0,low
U00043,1,0,51.03,low
U00044,1,1,23.41,low
U00045,0,0,27.75,high
U00046,0,0,28.43,low
U00047,0,0,16.44,high
U00048,1,1,0.0,low
U00049,1,1,24.98,low
U00050,0,0,8.35,medium
U00051,1,1,0.0,low
U00052,1,0,0.0,low
U00053,1,1,0.0,medium
U00054,1,1,40.4,low
U00055,1,0,39.79,low
U00056,0,0,0.0,high
U00057,1,1,0.0,low
U00058,1,0,0.0,low
U00059,0,0,0.0,low
U00060,1,1,0.0,medium
U00061,1,1,37.39,low
U00062,1,1,0.0,low
U00063,1,1,0.0,low
U00064,1,0,0.0,medium
U00065,1,1,0.0,low
U00066,1,1,0.0,low
U00067,0,1,0.0,medium
U00068,1,0,0.0,medium
U00069,1,1,62.71,low
U00070,0,1,29.5,low
U00071,1,0,0.0,low
U00072,1,1,8.69,medium
U00073,1,1,0.0,low
U00074,1,0,0.0,low
U00075,1,1,0.0,medium
U00076,0,0,0.0,medium
U00077,0,0,0.0,high
U00078,0,0,0.0,medium
U00079,0,1,42.41,low
U00080,1,1,18.52,low
U00081,1,1,0.0,low
U00082,1,0,0.0,low
U00083,0,0,9.56,medium
U00084,1,1,10.41,low
U00085,1,1,21.22,medium
U00086,0,0,0.0,medium
U00087,1,1,6.78,low
U00088,1,1,19.31,low
U00089,1,1,0.0,low
U00090,1,1,0.0,medium
U00091,1,1,0.0,low
U00092,0,0,0.0,high
U00093,1,1,0.0,low
U00094,1,1,21.48,medium
U00095,1,1,0.0,low
U00096,1,1,0.0,low
U00097,0,0,0.0,medium
U00098,1,1,87.01,low
U00099,1,1,0.0,low
U00100,1,1,7.96,low
U00101,1,1,0.0,low
U00102,1,1,61.27,low
U00103,1,1,0.0,low
U00104,1,1,0.0,medium
U00105,0,1,0.0,low
U00106,1,1,8.37,low
U00107,0,1,0.0,low
U00108,1,0,64.55,low
U00109,1,1,0.0,low
U00110,1,0,9.44,medium
U00111,1,1,15.45,low
U00112,1,0,18.85,low
U00113,1,1,0.0,medium
U00114,1,1,0.0,low
U00115,1,0,0.0,low
U00116,1,1,78.51,low
U00117,1,1,20.47,low
U00118,0,1,0.0,low
U00119,1,1,28.98,low
U00120,0,0,0.0,low
U00121,1,1,20.45,low
U00122,0,0,0.0,low
U00123,1,1,12.21,medium
U00124,1,1,0.0,low
U00125,0,1,10.49,medium
U00126,1,1,17.95,low
U00127,1,1,0.0,low
U00128,1,1,58.1,low
U00129,1,1,5.4,low
U00130,1,1,11.14,low
U00131,0,1,2.82,low
U00132,0,0,0.0,medium
U00133,0,0,0.0,medium
U00134,1,0,0.0,low
U00135,1,1,10.73,low
U00136,0,1,0.0,low
U00137,0,0,0.0,low
U00138,0,0,32.23,medium
U00139,0,1,0.0,medium
U00140,1,0,0.0,low
U00141,1,0,0.0,low
U00142,0,0,0.0,high
U00143,0,0,0.0,medium
U00144,1,0,42.09,low
U00145,0,0,0.0,high
U00146,0,0,0.0,medium
U00147,1,1,21.04,low
U00148,0,0,0.0,high
U00149,1,1,19.63,low
U00150,1,1,6.64,medium
U00151,1,1,20.03,low
U00152,0,0,0.0,high
U00153,1,1,4.88,low
U00154,1,1,28.03,low
U00155,1,0,0.0,low
U00156,1,1,28.32,medium
U00157,0,0,10.92,medium
U00158,1,1,0.0,low
U00159,0,0,0.0,low
U00160,1,0,0.0,medium
U00161,1,1,0.0,low
U00162,0,1,40.81,low
U00163,1,1,7.65,low
U00164,1,0,0.0,medium
U00165,1,1,23.95,low
U00166,1,1,18.74,low
U00167,0,0,68.21,low
U00168,0,1,0.0,low
U00169,0,0,0.0,low
U00170,1,1,0.0,low
U00171,1,1,73.77,low
U00172,0,0,0.0,low
U00173,1,0,0.0,low
U00174,0,0,0.0,medium
U00175,1,0,9.65,medium
U00176,1,1,70.22,low
U00177,1,0,23.41,low
U00178,0,1,10.16,low
U00179,0,0,43.4,low
U00180,0,0,0.0,low
U00181,1,1,34.02,low
U00182,1,0,9.77,low
U00183,1,1,19.22,low
U00184,1,0,0.0,low
U00185,1,0,0.0,low
U00186,1,0,0.0,medium
U00187,0,0,0.0,low
U00188,1,0,16.29,low
U00189,1,1,0.0,low
U00190,1,0,0.0,low
U00191,1,1,0.0,low
U00192,0,0,0.0,high
U00193,1,0,27.35,high
U00194,1,1,70.55,low
U00195,0,0,0.0,low
U00196,1,1,63.88,low
U00197,1,1,0.0,low
U00198,1,1,25.51,low
U00199,1,1,0.0,medium
U00200,0,0,0.0,medium
U00201,0,0,33.3,medium
U00202,1,1,43.14,low
U00203,0,0,30.25,medium
U00204,1,1,0.0,low
U00205,1,0,38.46,medium
U00206,1,1,71.15,low
U00207,1,1,0.0,low
U00208,1,1,0.0,medium
U00209,1,1,0.0,low
U00210,1,1,0.0,low
U00211,1,1,32.04,low
U00212,1,1,40.48,low
U00213,0,0,15.34,low
U00214,0,1,0.0,medium
U00215,1,1,0.0,low
U00216,1,1,31.99,low
U00217,0,1,0.0,low
U00218,1,1,0.0,low
U00219,0,0,0.0,medium
U00220,0,1,89.89,low
U00221,1,1,37.37,medium
U00222,1,1,0.0,low
U00223,1,0,0.0,low
U00224,0,0,5.28,high
U00225,1,0,12.49,low
U00226,1,0,21.93,low
U00227,1,1,11.15,low
U00228,0,0,0.0,medium
U00229,1,1,32.84,low
U00230,1,1,0.0,low
U00231,1,1,21.93,low
U00232,1,1,44.81,low
U00233,1,0,0.0,low
U00234,0,0,0.0,medium
U00235,1,1,9.21,low
U00236,1,1,30.93,low
U00237,1,1,46.47,low
U00238,1,1,0.0,low
U00239,1,1,0.0,low
U00240,1,1,0.0,medium
U00241,0,0,0.0,high
U00242,1,1,39.59,medium
U00243,0,1,22.66,low
U00244,0,0,0.0,medium
U00245,0,1,16.53,medium
U00246,0,0,0.0,medium
U00247,0,1,18.47,medium
U00248,0,1,5.32,low
U00249,1,0,0.0,low
U00250,1,0,0.0,medium
U00251,1,0,49.65,low
U00252,1,1,43.38,low
U00253,1,0,6.24,high
U00254,1,1,0.0,low
U00255,0,1,0.0,low
U00256,1,0,0.0,high
U00257,1,1,59.79,low
U00258,1,1,50.79,low
U00259,1,1,0.0,medium
U00260,0,1,0.0,medium
U00261,1,0,12.19,low
U00262,1,1,45.03,low
U00263,0,0,0.0,low
U00264,1,0,0.0,low
U00265,0,0,0.0,high
U00266,1,1,0.0,low
U00267,1,1,29.1,low
U00268,1,1,0.0,low
U00269,1,1,60.45,low
U00270,1,1,44.36,medium
U00271,1,0,47.6,low
U00272,1,0,0.0,low
U00273,1,1,24.02,low
U00274,1,1,0.0,low
U00275,1,1,0.0,low
U00276,0,0,0.0,high
U00277,1,0,10.05,medium
U00278,1,1,4.3,low
U00279,1,1,0.0,medium
U00280,0,1,84.84,medium
U00281,1,0,7.8,low
U00282,1,0,0.0,medium
U00283,0,1,0.0,low
U00284,1,0,0.0,medium
U00285,0,0,0.0,low
U00286,1,1,14.58,low
U00287,1,1,0.0,low
U00288,1,1,0.0,low
U00289,0,1,0.0,medium
U00290,1,1,0.0,low
U00291,1,1,0.0,low
U00292,1,1,34.32,low
U00293,0,0,0.0,medium
U00294,1,0,0.0,low
U00295,1,1,10.71,medium
U00296,0,1,0.0,low
U00297,0,0,58.57,medium
U00298,1,1,53.51,low
U00299,1,1,32.16,low
U00300,0,1,0.0,medium
U00301,1,1,34.59,low
U00302,1,1,0.0,low
U00303,1,1,0.0,low
U00304,1,1,21.04,low
U00305,0,1,12.51,medium
U00306,0,1,0.0,low
U00307,0,1,23.98,low
U00308,0,0,0.0,medium
U00309,0,0,18.62,low
U00310,0,1,0.0,low
U00311,1,1,30.33,low
U00312,1,1,9.14,low
U00313,1,1,31.25,low
U00314,1,0,0.0,low
U00315,1,1,30.96,low
U00316,0,0,3.09,medium
U00317,0,0,0.0,high
U00318,0,0,0.0,high
U00319,1,1,37.97,low
U00320,0,0,8.61,medium
U00321,1,1,0.0,low
U00322,1,1,8.03,medium
U00323,1,0,0.0,low
U00324,0,0,0.0,low
U00325,0,0,3.76,medium
U00326,1,0,0.0,low
U00327,1,1,4.91,low
U00328,1,1,0.0,low
U00329,1,1,33.77,low
U00330,0,0,0.0,medium
U00331,0,0,4.18,low
U00332,1,1,11.84,low
U00333,0,0,20.5,medium
U00334,1,0,0.0,low
U00335,1,1,47.17,low
U00336,0,1,12.79,low
U00337,1,0,25.07,low
U00338,1,0,34.73,low
U00339,1,1,0.0,low
U00340,0,0,0.0,high
U00341,1,1,0.0,low
U00342,1,1,5.41,low
U00343,0,0,30.38,high
U00344,0,0,0.0,high
U00345,0,1,56.46,low
U00346,1,1,0.0,low
U00347,1,0,0.0,medium
U00348,1,1,0.0,low
U00349,1,0,66.85,low
U00350,1,0,28.74,medium
U00351,1,1,0.0,low
U00352,1,1,0.0,low
U00353,1,1,0.0,low
U00354,1,1,0.0,low
U00355,1,1,65.81,low
U00356,1,1,0.0,low
U00357,1,1,39.89,low
U00358,1,1,15.23,low
U00359,0,1,9.73,low
U00360,0,0,0.0,high
U00361,1,1,31.72,low
U00362,1,1,8.11,low
U00363,1,0,32.0,medium
U00364,1,1,0.0,low
U00365,0,1,0.0,low
U00366,0,0,0.0,medium
U00367,1,0,0.0,low
U00368,1,1,0.0,low
U00369,1,1,32.25,low
U00370,0,0,0.0,low
U00371,1,1,34.9,low
U00372,1,1,0.0,medium
U00373,1,0,18.13,low
U00374,1,1,0.0,low
U00375,0,0,0.0,medium
U00376,1,1,25.05,low
U00377,1,1,0.0,low
U00378,0,0,16.71,medium
U00379,1,1,76.84,low
U00380,1,0,0.0,low
U00381,1,1,17.45,low
U00382,1,1,18.24,low
U00383,1,0,0.0,low
U00384,1,0,30.34,medium
U00385,1,0,0.0,low
U00386,1,1,0.0,low
U00387,0,1,0.0,low
U00388,0,0,0.0,medium
U00389,1,0,27.26,low
U00390,1,1,17.94,low
U00391,0,1,0.0,low
U00392,0,0,62.88,low
U00393,1,1,0.0,low
U00394,1,1,54.23,low
U00395,1,0,0.0,medium
U00396,0,1,0.0,low
U00397,1,1,56.4,low
U00398,1,0,0.0,medium
U00399,0,0,0.0,medium
U00400,1,0,0.0,low
U00401,0,1,30.79,medium
U00402,1,1,49.21,low
U00403,0,0,0.0,medium
U00404,1,1,42.85,medium
U00405,1,0,0.0,medium
U00406,0,0,0.0,medium
U00407,0,0,4.75,medium
U00408,1,1,0.0,low
U00409,0,0,5.22,high
U00410,1,1,0.0,low
U00411,0,0,0.0,low
U00412,1,1,65.0,low
U00413,0,0,0.0,medium
U00414,0,1,6.26,low
U00415,1,1,0.0,low
U00416,0,0,38.49,medium
U00417,0,0,9.75,medium
U00418,1,1,36.95,low
U00419,1,1,0.0,low
U00420,0,0,0.0,medium
U00421,0,0,41.48,low
U00422,1,1,0.0,low
U00423,0,0,49.45,low
U00424,1,0,34.87,low
U00425,0,0,7.98,low
U00426,1,1,0.0,low
U00427,1,1,0.0,medium
U00428,1,0,0.0,low
U00429,1,1,0.0,low
U00430,1,1,28.95,low
U00431,1,1,47.83,low
U00432,1,1,0.0,low
U00433,1,1,10.92,low
U00434,0,1,0.0,low
U00435,0,0,0.0,medium
U00436,0,0,0.0,medium
U00437,0,0,0.0,medium
U00438,1,0,0.0,low
U00439,1,1,34.61,low
U00440,1,1,0.0,low
U00441,1,1,0.0,low
U00442,1,1,0.0,low
U00443,0,0,0.0,low
U00444,1,1,19.55,low
U00445,0,0,0.0,low
U00446,0,1,0.0,low
U00447,1,1,49.65,high
U00448,0,0,0.0,high
U00449,1,0,0.0,low
U00450,1,1,0.0,low
U00451,1,0,0.0,medium
U00452,1,1,0.0,low
U00453,0,0,0.0,medium
U00454,0,0,32.96,high
U00455,0,0,39.22,medium
U00456,1,1,65.5,low
U00457,1,1,10.04,low
U00458,1,1,0.0,low
U00459,0,0,10.6,medium
U00460,1,1,55.39,low
U00461,1,1,0.0,low
U00462,1,0,0.0,low
U00463,0,0,0.0,medium
U00464,1,1,66.05,low
U00465,0,0,0.0,low
U00466,1,0,0.0,medium
U00467,1,1,0.0,medium
U00468,1,1,84.01,low
U00469,0,0,21.15,low
U00470,1,1,0.0,low
U00471,0,1,0.0,medium
U00472,0,0,0.0,medium
U00473,1,1,0.0,low
U00474,1,0,0.0,medium
U00475,0,0,22.09,low
U00476,0,1,66.71,low
U00477,1,1,8.69,low
U00478,0,0,21.24,low
U00479,1,1,23.03,low
U00480,0,0,0.0,low
U00481,1,0,39.75,low
U00482,1,0,0.0,low
U00483,1,1,36.18,low
U00484,0,0,0.0,low
U00485,1,1,4.52,low
U00486,1,0,24.18,low
U00487,1,0,0.0,low
U00488,1,1,14.61,low
U00489,0,0,0.0,low
U00490,1,1,6.96,low
U00491,1,0,22.86,medium
U00492,1,1,0.0,low
U00493,1,1,0.0,low
U00494,1,1,22.48,low
U00495,1,1,27.03,low
U00496,0,1,0.0,medium
U00497,1,1,24.25,medium
U00498,1,1,0.0,low
U00499,1,0,33.47,medium
U00500,0,1,12.68,low
U00501,1,0,21.82,low
U00502,1,1,41.75,low
U00503,0,0,129.5,low
U00504,0,1,0.0,low
U00505,1,0,0.0,low
U00506,1,1,43.67,medium
U00507,0,0,0.0,medium
U00508,0,1,0.0,medium
U00509,1,1,0.0,low
U00510,1,0,6.41,medium
U00511,0,0,0.0,medium
U00512,0,0,0.0,low
U00513,1,1,0.0,medium
U00514,1,1,0.0,low
U00515,1,1,24.11,low
U00516,1,1,24.53,low
U00517,1,0,0.0,low
U00518,1,0,11.59,low
U00519,1,0,0.0,low
U00520,1,0,0.0,low
U00521,0,0,2.56,low
U00522,0,1,0.0,high
U00523,1,1,16.52,low
U00524,0,1,17.61,low
U00525,0,0,0.0,medium
U00526,1,1,0.0,low
U00527,0,0,14.37,medium
U00528,1,1,56.91,low
U00529,1,1,0.0,low
U00530,1,1,32.24,medium
U00531,1,1,15.39,low
U00532,1,1,0.0,low
U00533,1,1,24.59,low
U00534,1,1,0.0,low
U00535,1,1,0.0,low
U00536,1,1,49.89,low
U00537,1,1,19.45,medium
U00538,1,1,43.1,low
U00539,1,1,0.0,low
U00540,1,1,0.0,medium
U00541,1,1,0.0,low
U00542,0,1,0.0,low
U00543,1,1,0.0,low
U00544,0,0,0.0,high
U00545,1,1,0.0,medium
U00546,1,1,61.14,low
U00547,1,0,0.0,low
U00548,0,1,0.0,medium
U00549,1,1,56.72,low
U00550,1,1,48.53,low
U00551,1,1,0.0,low
U00552,1,1,15.55,low
U00553,1,1,14.4,low
U00554,0,0,0.0,high
U00555,0,1,49.01,medium
U00556,1,1,23.62,low
U00557,0,1,37.96,low
U00558,0,0,28.69,high
U00559,0,0,0.0,medium
U00560,0,0,0.0,high
U00561,0,0,0.0,high
U00562,0,0,0.0,low
U00563,0,0,0.0,low
U00564,1,1,15.25,low
U00565,1,0,0.0,high
U00566,1,1,56.26,low
U00567,1,0,0.0,low
U00568,0,0,0.0,high
U00569,1,0,9.22,low
U00570,1,1,0.0,low
U00571,1,1,0.0,medium
U00572,0,1,14.12,low
U00573,1,1,0.0,low
U00574,1,1,0.0,low
U00575,0,1,0.0,low
U00576,1,1,8.72,low
U00577,0,0,0.0,high
U00578,1,0,44.87,low
U00579,1,0,14.18,medium
U00580,0,1,44.75,medium
U00581,0,0,0.0,medium
U00582,1,1,0.0,low
U00583,1,1,0.0,medium
U00584,0,0,0.0,medium
U00585,1,0,29.61,medium
U00586,1,1,0.0,low
U00587,0,0,23.42,low
U00588,0,1,36.82,low
U00589,1,1,34.25,low
U00590,1,0,0.0,medium
U00591,1,0,0.0,low
U00592,1,0,0.0,low
U00593,1,0,0.0,medium
U00594,1,1,44.03,low
U00595,1,1,0.0,medium
U00596,1,1,5.41,low
U00597,1,0,28.74,low
U00598,1,1,0.0,low
U00599,1,1,0.0,low
U00600,1,1,0.0,low
U00601,1,0,0.0,medium
U00602,1,1,16.1,low
U00603,0,1,0.0,low
U00604,1,1,0.0,low
U00605,1,0,0.0,medium
U00606,1,1,0.0,low
U00607,1,0,0.0,low
U00608,1,1,17.83,low
U00609,0,1,0.0,medium
U00610,1,1,24.24,low
U00611,0,1,35.02,medium
U00612,1,1,59.19,low
U00613,1,1,42.52,low
U00614,1,1,41.94,low
U00615,0,0,0.0,low
U00616,1,0,0.0,low
U00617,1,1,0.0,low
U00618,1,1,0.0,low
U00619,1,1,0.0,low
U00620,0,0,0.0,low
U00621,1,1,60.37,low
U00622,1,0,0.0,low
U00623,1,0,0.0,low
U00624,0,0,49.23,medium
U00625,1,1,35.09,low
U00626,1,1,0.0,medium
U00627,1,1,0.0,low
U00628,0,0,5.18,medium
U00629,0,1,0.0,low
U00630,1,1,0.0,low
U00631,1,1,29.94,low
U00632,1,1,4.51,low
U00633,1,1,0.0,low
U00634,0,0,11.38,medium
U00635,1,1,14.24,low
U00636,0,1,35.84,low
U00637,1,1,23.76,low
U00638,0,0,9.23,medium
U00639,0,0,91.59,medium
U00640,1,0,31.41,medium
U00641,1,1,19.68,low
U00642,1,1,0.0,low
U00643,0,0,0.0,medium
U00644,1,1,0.0,low
U00645,0,0,0.0,medium
U00646,0,0,0.0,low
U00647,0,0,0.0,high
U00648,1,1,0.0,low
U00649,0,0,0.0,low
U00650,1,1,0.0,low
U00651,1,0,0.0,medium
U00652,1,1,14.6,low
U00653,0,0,0.0,high
U00654,1,1,75.15,low
U00655,1,1,64.89,low
U00656,0,0,0.0,medium
U00657,0,1,0.0,high
U00658,1,1,14.19,low
U00659,0,0,0.0,low
U00660,0,0,0.0,low
U00661,1,1,0.0,low
U00662,1,0,0.0,medium
U00663,1,0,0.0,medium
U00664,0,1,29.89,low
U00665,0,1,16.23,low
U00666,0,0,0.0,high
U00667,1,1,0.0,low
U00668,1,0,18.82,low
U00669,0,1,0.0,high
U00670,1,1,0.0,medium
U00671,0,0,0.0,low
U00672,1,1,26.8,low
U00673,0,1,49.18,low
U00674,0,1,0.0,low
U00675,1,0,0.0,low
U00676,1,0,10.56,low
U00677,1,0,0.0,low
U00678,0,0,0.0,high
U00679,1,1,24.72,low
U00680,1,1,0.0,low
U00681,1,0,35.71,low
U00682,0,1,9.03,low
U00683,1,1,0.0,low
U00684,1,1,31.9,low
U00685,0,1,0.0,high
U00686,1,1,0.0,medium
U00687,1,1,39.55,low
U00688,1,1,49.68,low
U00689,0,1,0.0,low
U00690,0,1,6.27,low
U00691,1,1,0.0,medium
U00692,0,0,0.0,low
U00693,1,1,0.0,low
U00694,0,1,46.09,low
U00695,1,0,9.32,low
U00696,0,0,8.22,medium
U00697,1,1,0.0,low
U00698,1,0,0.0,medium
U00699,1,1,85.6,low
U00700,0,0,0.0,high
U00701,1,0,0.0,low
U00702,1,1,0.0,low
U00703,1,1,5.0,low
U00704,0,0,24.42,low
U00705,1,0,0.0,low
U00706,1,1,18.49,low
U00707,0,0,42.63,high
U00708,0,1,17.04,low
U00709,0,0,53.31,low
U00710,0,0,0.0,high
U00711,0,0,0.0,low
U00712,0,0,0.0,medium
U00713,0,0,14.95,medium
U00714,0,1,0.0,medium
U00715,1,1,0.0,low
U00716,1,1,0.0,medium
U00717,0,1,36.61,medium
U00718,0,0,95.0,low
U00719,0,0,21.28,low
U00720,1,0,0.0,low
U00721,1,0,0.0,medium
U00722,1,1,22.78,low
U00723,1,0,0.0,low
U00724,1,1,8.71,low
U00725,0,1,0.0,low
U00726,0,0,15.19,medium
U00727,0,0,0.0,medium
U00728,0,1,0.0,medium
U00729,0,1,24.95,low
U00730,1,1,0.0,low
U00731,0,0,0.0,high
U00732,0,0,40.83,medium
U00733,1,1,35.93,low
U00734,0,1,0.0,low
U00735,1,1,0.0,low
U00736,1,1,0.0,low
U00737,1,1,9.87,low
U00738,1,1,0.0,low
U00739,1,0,40.44,high
U00740,1,0,0.0,low
U00741,1,1,0.0,low
U00742,1,0,0.0,low
U00743,0,0,27.4,medium
U00744,0,0,46.89,medium
U00745,1,1,0.0,low
U00746,1,1,35.52,low
U00747,1,1,0.0,low
U00748,1,1,26.16,low
U00749,1,0,0.0,low
U00750,1,1,4.3,low
U00751,1,0,0.0,medium
U00752,0,1,9.43,low
U00753,0,0,0.0,medium
U00754,1,1,0.0,low
U00755,0,1,0.0,low
U00756,1,1,0.0,low
U00757,1,0,0.0,medium
U00758,0,0,25.82,low
U00759,1,1,35.52,low
U00760,1,1,0.0,low
U00761,0,0,0.0,medium
U00762,1,1,36.4,low
U00763,0,0,0.0,medium
U00764,1,1,0.0,low
U00765,1,0,19.21,low
U00766,1,0,0.0,low
U00767,1,1,0.0,low
U00768,0,1,0.0,high
U00769,0,0,0.0,high
U00770,1,1,0.0,low
U00771,1,0,0.0,low
U00772,1,1,34.34,low
U00773,1,0,37.17,low
U00774,1,1,0.0,low
U00775,0,1,0.0,low
U00776,0,0,0.0,medium
U00777,1,1,50.94,low
U00778,1,0,15.54,medium
U00779,1,1,25.42,low
U00780,1,0,0.0,low
U00781,1,0,21.83,medium
U00782,1,0,0.0,low
U00783,1,0,37.56,low
U00784,1,1,28.8,low
U00785,0,0,0.0,medium
U00786,1,0,0.0,medium
U00787,0,0,14.76,high
U00788,1,1,0.0,low
U00789,1,0,0.0,medium
U00790,0,1,0.0,medium
U00791,0,1,0.0,low
U00792,1,1,21.84,medium
U00793,1,1,29.05,low
U00794,1,1,0.0,low
U00795,1,1,17.81,low
U00796,1,1,24.61,low
U00797,1,1,0.0,low
U00798,1,1,0.0,low
U00799,0,0,0.0,high
U00800,1,1,35.01,medium
U00801,1,1,0.0,low
U00802,0,0,13.42,low
U00803,1,1,0.0,low
U00804,0,0,0.0,low
U00805,1,1,0.0,medium
U00806,1,1,20.29,low
U00807,1,0,22.66,low
U00808,0,0,24.46,medium
U00809,1,1,0.0,low
U00810,0,1,0.0,low
U00811,0,0,0.0,medium
U00812,1,1,46.45,low
U00813,1,1,97.03,low
U00814,0,0,0.0,high
U00815,1,1,52.32,medium
U00816,1,1,4.27,low
U00817,1,0,0.0,low
U00818,1,0,12.48,low
U00819,0,0,13.43,low
U00820,0,0,0.0,low
U00821,1,1,0.0,medium
U00822,1,1,0.0,low
U00823,1,1,10.01,low
U00824,1,0,3.37,medium
U00825,1,1,33.63,low
U00826,0,0,0.0,medium
U00827,0,0,36.93,medium
U00828,0,1,0.0,low
U00829,1,0,35.29,low
U00830,1,0,0.0,medium
U00831,1,0,0.0,medium
U00832,0,0,36.93,low
U00833,1,1,30.28,low
U00834,1,1,43.25,medium
U00835,0,0,0.0,medium
U00836,0,0,0.0,high
U00837,1,1,0.0,medium
U00838,1,1,0.0,low
U00839,1,1,4.84,low
U00840,1,1,0.0,low
U00841,1,1,12.09,low
U00842,1,1,14.91,low
U00843,1,1,0.0,low
U00844,1,1,50.92,low
U00845,0,1,0.0,low
U00846,0,0,25.14,medium
U00847,1,0,30.68,medium
U00848,0,1,20.4,medium
U00849,1,1,0.0,low
U00850,0,1,0.0,low
U00851,1,1,56.84,low
U00852,1,1,13.58,low
U00853,1,1,0.0,low
U00854,1,1,0.0,low
U00855,1,0,3.0,low
U00856,1,1,0.0,medium
U00857,1,0,43.05,low
U00858,1,1,0.0,low
U00859,1,1,0.0,low
U00860,1,1,0.0,low
U00861,1,0,0.0,medium
U00862,1,1,22.68,low
U00863,1,0,51.52,low
U00864,0,0,34.87,high
U00865,0,1,0.0,medium
U00866,0,1,34.71,low
U00867,1,0,28.51,low
U00868,1,1,0.0,low
U00869,1,1,0.0,low
U00870,1,1,0.0,medium
U00871,1,1,0.0,low
U00872,1,1,0.0,low
U00873,0,0,0.0,medium
U00874,0,1,31.49,medium
U00875,1,0,0.0,low
U00876,1,1,27.93,medium
U00877,1,0,18.84,low
U00878,1,1,32.85,low
U00879,1,1,5.89,low
U00880,1,1,14.22,medium
U00881,1,1,0.0,low
U00882,1,1,0.0,low
U00883,0,1,0.0,medium
U00884,1,0,0.0,low
U00885,0,0,12.14,low
U00886,0,1,0.0,low
U00887,1,0,25.41,low
U00888,0,0,0.0,low
U00889,0,0,0.0,high
U00890,1,1,0.0,low
U00891,1,1,0.0,low
U00892,1,1,5.33,low
U00893,1,0,74.18,low
U00894,1,0,0.0,medium
U00895,1,0,0.0,low
U00896,0,0,15.34,low
U00897,0,1,9.06,low
U00898,1,0,0.0,medium
U00899,0,0,0.0,medium
U00900,0,1,12.57,low
U00901,1,1,16.53,low
U00902,0,0,8.07,high
U00903,1,1,0.0,low
U00904,1,1,40.1,low
U00905,0,0,34.77,medium
U00906,1,0,0.0,high
U00907,0,1,25.31,low
U00908,0,0,36.44,medium
U00909,0,0,56.48,low
U00910,1,1,38.94,low
U00911,1,0,0.0,low
U00912,1,1,34.65,low
U00913,1,1,45.95,low
U00914,0,0,0.0,low
U00915,1,1,28.0,low
U00916,0,0,0.0,low
U00917,0,0,24.4,low
U00918,1,0,0.0,medium
U00919,1,1,0.0,medium
U00920,1,1,0.0,low
U00921,1,1,0.0,low
U00922,1,1,29.07,low
U00923,0,0,0.0,low
U00924,0,0,0.0,medium
U00925,1,1,0.0,low
U00926,1,1,0.0,low
U00927,0,0,7.03,medium
U00928,1,0,26.59,medium
U00929,1,1,36.25,low
U00930,1,0,0.0,medium
U00931,1,0,4.5,low
U00932,1,1,0.0,low
U00933,1,0,11.08,medium
U00934,1,0,0.0,low
U00935,1,1,43.12,low
U00936,0,0,0.0,medium
U00937,1,0,0.0,medium
U00938,1,1,4.76,low
U00939,0,0,0.0,high
U00940,1,1,11.47,low
U00941,0,0,18.41,medium
U00942,1,0,47.15,low
U00943,0,1,79.24,medium
U00944,0,0,0.0,medium
U00945,0,1,0.0,medium
U00946,1,1,0.0,medium
U00947,1,1,0.0,low
U00948,0,0,0.0,low
U00949,0,1,0.0,low
U00950,1,1,43.79,low
U00951,1,1,23.58,medium
U00952,0,1,0.0,medium
U00953,0,0,0.0,medium
U00954,0,1,16.53,low
U00955,1,0,0.0,low
U00956,0,0,0.0,medium
U00957,1,0,23.5,medium
U00958,0,1,0.0,low
U00959,1,0,0.0,medium
U00960,0,0,0.0,medium
U00961,0,0,0.0,medium
U00962,0,1,0.0,low
U00963,0,1,3.72,medium
U00964,1,1,46.89,low
U00965,0,1,0.0,low
U00966,1,1,28.76,low
U00967,1,1,0.0,low
U00968,1,0,53.15,low
U00969,1,0,0.0,low
U00970,1,1,39.24,low
U00971,1,0,32.72,low
U00972,1,1,0.0,low
U00973,1,1,17.85,low
U00974,1,1,19.68,low
U00975,1,0,48.67,low
U00976,0,0,0.0,low
U00977,1,1,71.59,low
U00978,1,1,0.0,low
U00979,1,1,0.0,low
U00980,1,1,50.17,low
U00981,1,1,0.0,medium
U00982,1,1,72.35,low
U00983,1,1,26.6,low
U00984,0,1,0.0,low
U00985,0,1,0.0,low
U00986,1,1,32.33,medium
U00987,0,0,0.0,low
U00988,0,1,0.0,low
U00989,1,1,9.57,low
U00990,0,0,18.44,medium
U00991,1,1,16.23,low
U00992,0,0,0.0,high
U00993,0,0,27.46,high
U00994,0,0,12.57,high
U00995,1,1,39.34,low
U00996,1,0,0.0,low
U00997,1,1,9.84,low
U00998,1,0,0.0,low
U00999,1,1,0.0,medium
U01000,1,1,12.8,low
U01001,1,0,10.34,medium
U01002,1,1,11.19,low
U01003,1,0,29.27,low
U01004,0,0,0.0,medium
U01005,0,0,16.21,low
U01006,1,1,20.35,low
U01007,1,1,0.0,low
U01008,0,0,22.67,high
U01009,1,1,0.0,low
U01010,0,0,5.0,high
U01011,1,1,18.29,low
U01012,1,0,75.85,low
U01013,1,1,56.61,low
U01014,0,1,0.0,medium
U01015,0,1,20.57,low
U01016,1,0,0.0,low
U01017,1,0,0.0,low
U01018,1,1,0.0,low
U01019,0,1,24.73,low
U01020,1,1,0.0,low
U01021,1,1,7.13,low
U01022,1,1,9.99,low
U01023,1,0,8.95,medium
U01024,0,1,9.61,low
U01025,0,0,42.7,low
U01026,1,1,9.74,medium
U01027,1,0,36.2,low
U01028,1,1,35.71,low
U01029,1,1,50.91,low
U01030,1,1,0.0,medium
U01031,0,0,0.0,low
U01032,1,1,31.99,medium
U01033,1,1,0.0,low
U01034,1,0,18.18,high
U01035,1,1,0.0,medium
U01036,1,0,0.0,low
U01037,1,0,0.0,medium
U01038,0,0,36.89,medium
U01039,1,1,48.22,low
U01040,1,0,0.0,low
U01041,1,1,17.41,low
U01042,1,1,0.0,medium
U01043,0,0,0.0,low
U01044,1,1,0.0,low
U01045,1,1,29.19,low
U01046,0,1,34.08,low
U01047,1,0,0.0,medium
U01048,1,1,53.97,low
U01049,1,1,7.48,low
U01050,1,1,28.6,low
U01051,0,0,0.0,low
U01052,1,1,0.0,low
U01053,1,1,0.0,low
U01054,0,1,0.0,medium
U01055,1,1,25.06,low
U01056,1,1,21.75,low
U01057,1,0,28.72,medium
U01058,1,0,29.62,medium
U01059,0,0,11.44,high
U01060,1,1,19.74,low
U01061,0,0,0.0,low
U01062,0,1,0.0,low
U01063,0,0,0.0,medium
U01064,1,0,0.0,low
U01065,0,0,47.1,medium
U01066,1,1,41.32,low
U01067,1,0,4.39,medium
U01068,0,0,9.61,medium
U01069,0,0,0.0,medium
U01070,1,1,0.0,low
U01071,0,0,0.0,low
U01072,0,1,37.91,low
U01073,0,1,0.0,medium
U01074,0,0,30.59,low
U01075,0,0,0.0,low
U01076,1,1,66.6,low
U01077,1,1,0.0,low
U01078,0,0,0.0,medium
U01079,1,0,0.0,low
U01080,1,0,0.0,low
U01081,0,0,3.57,medium
U01082,1,1,0.0,low
U01083,0,0,0.0,low
U01084,0,0,17.74,low
U01085,0,1,0.0,medium
U01086,1,1,28.53,low
U01087,0,0,0.0,high
U01088,1,1,31.68,low
U01089,0,0,0.0,medium
U01090,0,0,0.0,medium
U01091,1,0,45.95,low
U01092,0,0,35.44,medium
U01093,1,1,0.0,low
U01094,0,1,13.43,low
U01095,1,0,78.05,low
U01096,1,0,30.39,low
U01097,1,1,0.0,medium
U01098,1,1,0.0,low
U01099,1,1,21.64,medium
U01100,0,1,0.0,low
U01101,0,0,19.4,high
U01102,0,0,0.0,low
U01103,1,1,0.0,low
U01104,0,0,0.0,medium
U01105,1,0,9.84,low
U01106,1,1,0.0,medium
U01107,0,0,0.0,low
U01108,1,0,0.0,high
U01109,0,0,0.0,medium
U01110,1,1,27.82,low
U01111,0,0,28.16,medium
U01112,1,0,0.0,medium
U01113,1,1,14.22,low
U01114,1,1,0.0,low
U01115,0,1,16.33,medium
U01116,1,1,0.0,low
U01117,1,1,55.8,low
U01118,1,0,19.83,medium
U01119,1,1,9.56,low
U01120,0,0,0.0,medium
U01121,1,1,32.93,medium
U01122,0,0,0.0,medium
U01123,1,1,0.0,low
U01124,1,1,24.23,low
U01125,1,0,0.0,low
U01126,0,1,62.32,low
U01127,1,1,0.0,low
U01128,0,0,0.0,low
U01129,0,0,0.0,medium
U01130,0,1,0.0,low
U01131,1,1,0.0,low
U01132,1,0,55.16,low
U01133,0,1,37.67,medium
U01134,0,0,22.55,medium
U01135,1,0,0.0,medium
U01136,1,0,39.43,high
U01137,1,0,0.0,low
U01138,0,1,21.04,medium
U01139,1,0,92.6,low
U01140,1,1,14.65,low
U01141,1,1,21.16,low
U01142,1,1,26.35,low
U01143,0,1,70.9,low
U01144,1,1,0.0,low
U01145,0,0,0.0,medium
U01146,1,0,33.84,low
U01147,1,1,0.0,low
U01148,1,0,56.21,medium
U01149,0,0,0.0,low
U01150,0,0,0.0,high
U01151,0,0,39.34,low
U01152,1,1,0.0,low
U01153,1,1,0.0,low
U01154,1,1,0.0,medium
U01155,0,0,0.0,low
U01156,1,1,0.0,low
U01157,1,1,0.0,low
U01158,0,0,0.0,low
U01159,0,0,0.0,medium
U01160,1,1,28.2,low
U01161,1,0,16.59,low
U01162,1,1,26.97,low
U01163,0,1,0.0,low
U01164,1,0,0.0,high
U01165,1,1,5.79,low
U01166,0,0,42.83,low
U01167,0,1,37.0,high
U01168,0,1,0.0,low
U01169,1,1,0.0,low
U01170,1,1,0.0,medium
U01171,0,0,62.01,medium
U01172,0,1,0.0,low
U01173,1,1,30.49,low
U01174,0,0,63.66,medium
U01175,1,0,9.56,medium
U01176,1,0,0.0,low
U01177,0,0,49.84,medium
U01178,0,1,0.0,low
U01179,1,0,0.0,medium
U01180,0,1,0.0,low
U01181,1,1,6.68,low
U01182,1,1,0.0,low
U01183,0,1,0.0,medium
U01184,0,0,0.0,low
U01185,0,0,63.59,medium
U01186,1,1,0.0,low
U01187,0,1,23.77,medium
U01188,1,0,0.0,low
U01189,0,0,0.0,medium
U01190,1,1,27.74,low
U01191,1,1,0.0,low
U01192,0,0,31.3,low
U01193,1,1,15.17,low
U01194,1,1,27.43,low
U01195,1,1,31.56,low
U01196,1,1,14.46,low
U01197,1,1,0.0,low
U01198,1,1,4.55,low
U01199,1,1,62.79,low
U01200,1,1,0.0,low
U01201,1,0,0.0,low
U01202,0,1,0.0,high
U01203,1,1,52.5,low
U01204,1,1,20.73,low
U01205,1,1,4.6,low
U01206,1,1,19.32,low
U01207,1,1,6.42,low
U01208,0,1,0.0,high
U01209,1,0,0.0,low
U01210,1,1,0.0,low
U01211,1,1,38.46,low
U01212,0,0,0.0,high
U01213,1,0,59.4,low
U01214,1,0,15.74,low
U01215,1,1,26.45,low
U01216,0,0,0.0,low
U01217,1,1,51.24,low
U01218,1,0,36.09,low
U01219,0,0,38.57,low
U01220,0,1,0.0,low
U01221,1,1,0.0,low
U01222,1,1,38.06,low
U01223,1,1,0.0,low
U01224,1,1,13.02,low
U01225,0,0,21.06,medium
U01226,1,1,0.0,low
U01227,1,1,0.0,low
U01228,0,0,0.0,low
U01229,0,1,29.67,medium
U01230,1,1,0.0,medium
U01231,0,0,0.0,low
U01232,1,1,0.0,low
U01233,1,1,14.85,low
U01234,1,1,0.0,low
U01235,1,1,0.0,medium
U01236,0,0,59.53,low
U01237,0,0,0.0,medium
U01238,0,0,0.0,medium
U01239,1,1,54.99,low
U01240,1,1,14.56,low
U01241,1,1,0.0,medium
U01242,0,0,0.0,low
U01243,1,0,0.0,medium
U01244,1,1,0.0,low
U01245,0,0,0.0,medium
U01246,0,1,0.0,low
U01247,1,1,0.0,medium
U01248,0,0,0.0,medium
U01249,1,1,0.0,low
U01250,0,0,8.01,low
U01251,1,1,31.82,low
U01252,0,0,0.0,high
U01253,1,1,0.0,low
U01254,1,1,0.0,low
U01255,0,1,0.0,low
U01256,0,0,31.77,low
U01257,1,1,5.45,low
U01258,1,1,0.0,low
U01259,1,0,18.06,low
U01260,1,0,0.0,low
U01261,0,0,29.24,medium
U01262,1,1,19.31,low
U01263,1,1,0.0,low
U01264,0,0,0.0,medium
U01265,0,0,31.52,low
U01266,1,1,0.0,low
U01267,1,0,0.0,low
U01268,1,0,0.0,low
U01269,1,1,13.0,low
U01270,0,0,0.0,low
U01271,0,0,0.0,low
U01272,1,1,41.65,low
U01273,0,0,0.0,medium
U01274,1,0,0.0,low
U01275,1,1,0.0,high
U01276,1,1,0.0,low
U01277,1,1,0.0,medium
U01278,0,1,0.0,low
U01279,1,0,0.0,low
U01280,0,0,0.0,high
U01281,1,1,0.0,low
U01282,0,0,0.0,medium
U01283,0,1,29.11,low
U01284,1,0,34.52,low
U01285,0,0,2.47,medium
U01286,1,0,0.0,medium
U01287,0,1,0.0,medium
U01288,1,1,0.0,low
U01289,1,1,0.0,low
U01290,1,0,19.14,low
U01291,0,0,0.0,high
U01292,1,1,27.53,low
U01293,1,0,0.0,low
U01294,1,1,0.0,low
U01295,0,0,0.0,low
U01296,1,0,0.0,low
U01297,1,1,39.85,low
U01298,0,1,16.94,low
U01299,1,1,0.0,low
U01300,1,1,22.68,low
U01301,0,1,0.0,low
U01302,0,1,0.0,low
U01303,1,1,12.49,low
U01304,0,0,0.0,low
U01305,1,0,0.0,medium
U01306,1,1,0.0,low
U01307,0,1,56.66,low
U01308,1,1,0.0,low
U01309,1,1,0.0,high
U01310,1,1,0.0,low
U01311,1,1,25.51,low
U01312,0,1,0.0,low
U01313,0,0,35.52,medium
U01314,1,1,54.19,low
U01315,0,0,0.0,medium
U01316,1,1,0.0,low
U01317,1,1,39.79,low
U01318,0,0,0.0,high
U01319,1,0,0.0,high
U01320,1,1,0.0,low
U01321,1,0,0.0,low
U01322,0,1,34.47,low
U01323,1,1,0.0,low
U01324,1,1,5.16,high
U01325,1,1,25.06,low
U01326,1,1,55.75,low
U01327,0,0,26.28,high
U01328,1,1,0.0,low
U01329,1,0,0.0,medium
U01330,1,0,25.02,low
U01331,0,0,0.0,low
U01332,0,1,0.0,low
U01333,1,1,0.0,low
U01334,0,0,0.0,medium
U01335,1,1,0.0,low
U01336,1,0,0.0,medium
U01337,0,1,0.0,medium
U01338,0,0,17.97,medium
U01339,1,1,0.0,low
U01340,1,0,0.0,medium
U01341,1,1,0.0,low
U01342,1,1,0.0,low
U01343,0,0,0.0,high
U01344,0,0,3.94,medium
U01345,1,0,10.16,low
U01346,1,1,0.0,low
U01347,1,1,0.0,low
U01348,0,1,7.44,low
U01349,0,0,33.22,low
U01350,1,1,0.0,low
U01351,0,1,0.0,low
U01352,1,0,0.0,medium
U01353,1,1,37.9,low
U01354,0,0,20.36,medium
U01355,1,1,0.0,medium
U01356,1,1,0.0,low
U01357,0,0,0.0,medium
U01358,0,0,0.0,low
U01359,1,1,0.0,low
U01360,0,1,20.19,low
U01361,0,1,13.03,low
U01362,1,0,0.0,low
U01363,1,1,33.81,low
U01364,0,1,19.59,medium
U01365,1,1,38.4,low
U01366,1,1,61.26,low
U01367,1,1,0.0,low
U01368,1,1,0.0,high
U01369,1,1,38.86,low
U01370,1,0,20.61,low
U01371,1,1,3.72,low
U01372,1,1,30.06,low
U01373,1,1,37.72,low
U01374,1,1,9.98,low
U01375,0,0,0.0,low
U01376,1,0,26.37,low
U01377,1,1,16.77,low
U01378,1,1,0.0,low
U01379,0,0,0.0,low
U01380,1,1,0.0,low
U01381,1,1,0.0,low
U01382,0,1,45.12,low
U01383,0,0,0.0,high
U01384,1,1,0.0,medium
U01385,1,1,0.0,low
U01386,0,0,0.0,low
U01387,1,1,35.09,low
U01388,0,0,0.0,medium
U01389,1,1,26.53,low
U01390,1,0,0.0,high
U01391,1,1,0.0,high
U01392,0,0,0.0,high
U01393,0,0,0.0,medium
U01394,1,1,0.0,high
U01395,1,1,0.0,low
U01396,1,1,0.0,low
U01397,0,0,23.86,low
U01398,1,1,20.54,low
U01399,0,0,0.0,medium
U01400,1,1,25.04,low
U01401,1,1,35.45,low
U01402,1,1,9.24,low
U01403,1,1,0.0,low
U01404,1,1,11.89,low
U01405,1,1,47.68,low
U01406,0,0,0.0,medium
U01407,0,1,0.0,low
U01408,1,1,44.87,low
U01409,0,0,0.0,low
U01410,1,1,9.73,medium
U01411,0,0,27.6,low
U01412,1,1,44.33,low
U01413,1,0,10.12,low
U01414,1,1,0.0,low
U01415,0,0,0.0,low
U01416,1,1,69.17,low
U01417,0,1,0.0,low
U01418,1,1,32.89,low
U01419,0,0,0.0,low
U01420,0,0,0.0,medium
U01421,0,0,49.46,medium
U01422,1,1,0.0,low
U01423,1,1,0.0,low
U01424,0,0,0.0,low
U01425,0,0,64.0,medium
U01426,1,1,0.0,low
U01427,1,1,7.14,low
U01428,1,1,25.57,low
U01429,1,1,26.15,low
U01430,0,0,0.0,medium
U01431,0,1,0.0,low
U01432,0,0,0.0,high
U01433,0,1,0.0,medium
U01434,1,1,64.5,low
U01435,1,0,0.0,low
U01436,1,1,0.0,low
U01437,1,1,0.0,low
U01438,1,1,0.0,low
U01439,0,0,0.0,low
U01440,0,0,0.0,low
U01441,1,0,0.0,low
U01442,1,0,57.68,low
U01443,1,0,0.0,medium
U01444,0,1,0.0,high
U01445,1,1,89.51,low
U01446,1,1,18.6,low
U01447,1,0,0.0,low
U01448,1,1,3.54,low
U01449,1,1,0.0,high
U01450,1,1,0.0,medium
U01451,0,0,0.0,high
U01452,1,1,62.72,medium
U01453,0,0,0.0,high
U01454,1,1,12.28,medium
U01455,0,0,0.0,high
U01456,0,0,0.0,low
U01457,1,1,0.0,low
U01458,0,1,0.0,low
U01459,1,0,0.0,low
U01460,0,0,0.0,high
U01461,1,1,40.49,medium
U01462,0,0,0.0,low
U01463,1,1,0.0,low
U01464,1,0,0.0,medium
U01465,1,1,36.75,low
U01466,1,1,0.0,low
U01467,1,1,0.0,low
U01468,0,0,0.0,high
U01469,0,1,0.0,low
U01470,1,1,0.0,medium
U01471,1,1,20.98,low
U01472,0,0,0.0,medium
U01473,1,1,0.0,low
U01474,1,1,9.83,low
U01475,1,1,28.92,low
U01476,1,0,0.0,low
U01477,1,1,32.33,low
U01478,0,0,0.0,medium
U01479,0,0,0.0,medium
U01480,1,0,7.96,low
U01481,1,0,0.0,high
U01482,0,0,26.85,medium
U01483,1,1,17.42,low
U01484,1,1,33.26,low
U01485,1,1,0.0,low
U01486,0,0,0.0,medium
U01487,1,1,16.63,low
U01488,1,0,0.0,high
U01489,0,0,63.85,low
U01490,1,1,56.85,low
U01491,0,1,0.0,low
U01492,1,1,5.58,low
U01493,1,1,0.0,low
U01494,1,0,23.2,low
U01495,1,1,4.99,low
U01496,1,0,17.82,medium
U01497,1,1,0.0,low
U01498,0,0,0.0,high
U01499,1,1,0.0,medium
U01500,1,1,0.0,low
U01501,1,1,15.87,low
U01502,0,0,5.62,medium
U01503,1,1,0.0,medium
U01504,1,1,0.0,low
U01505,1,1,16.33,low
U01506,1,0,0.0,medium
U01507,1,1,43.37,low
U01508,1,1,62.22,low
U01509,0,0,0.0,medium
U01510,1,1,0.0,medium
U01511,0,0,23.83,medium
U01512,0,1,0.0,low
U01513,1,0,8.83,medium
U01514,1,0,0.0,low
U01515,1,0,0.0,low
U01516,0,0,32.24,low
U01517,0,0,38.38,low
U01518,0,1,0.0,low
U01519,0,0,17.2,high
U01520,0,0,31.43,low
U01521,0,0,25.12,medium
U01522,1,0,0.0,low
U01523,1,1,0.0,low
U01524,1,1,0.0,medium
U01525,1,1,0.0,medium
U01526,0,1,0.0,medium
U01527,1,0,0.0,medium
U01528,1,0,0.0,medium
U01529,0,0,4.12,medium
U01530,0,1,0.0,low
U01531,1,1,0.0,low
U01532,1,1,30.61,low
U01533,1,1,46.36,low
U01534,1,1,0.0,low
U01535,0,0,31.26,low
U01536,1,1,12.38,low
U01537,0,0,0.0,low
U01538,1,1,40.24,low
U01539,0,0,0.0,medium
U01540,1,1,50.79,low
U01541,1,0,48.21,medium
U01542,0,0,0.0,high
U01543,0,0,31.72,medium
U01544,1,1,45.21,low
U01545,1,1,0.0,low
U01546,1,1,21.24,low
U01547,0,1,57.26,medium
U01548,0,0,0.0,low
U01549,0,0,11.98,medium
U01550,1,1,0.0,low
U01551,1,1,0.0,low
U01552,0,1,0.0,medium
U01553,1,1,0.0,medium
U01554,0,1,36.87,low
U01555,1,1,54.65,low
U01556,1,1,31.62,low
U01557,1,1,22.9,low
U01558,1,1,0.0,low
U01559,1,0,12.5,low
U01560,1,1,19.94,low
U01561,1,1,0.0,low
U01562,1,1,24.63,low
U01563,1,1,23.22,low
U01564,1,0,30.88,low
U01565,1,1,15.86,low
U01566,1,1,0.0,low
U01567,1,0,0.0,medium
U01568,1,1,30.4,low
U01569,1,1,10.75,low
U01570,1,1,44.59,low
U01571,0,0,0.0,high
U01572,1,1,71.67,low
U01573,0,1,0.0,medium
U01574,1,1,11.44,low
U01575,0,0,0.0,medium
U01576,1,0,52.9,low
U01577,1,0,0.0,low
U01578,1,0,41.35,high
U01579,0,0,0.0,medium
U01580,1,0,17.27,low
U01581,1,1,0.0,low
U01582,1,1,32.43,low
U01583,1,1,0.0,low
U01584,1,1,0.0,medium
U01585,1,1,3.85,low
U01586,0,1,38.2,low
U01587,1,1,43.96,medium
U01588,0,0,16.43,high
U01589,1,0,0.0,low
U01590,1,0,35.37,medium
U01591,0,0,0.0,medium
U01592,0,0,0.0,low
U01593,1,1,0.0,low
U01594,0,0,0.0,medium
U01595,1,1,22.11,low
U01596,0,1,36.92,low
U01597,0,0,0.0,low
U01598,1,1,22.23,low
U01599,1,1,8.42,low
U01600,0,0,33.77,medium
U01601,0,0,29.39,medium
U01602,1,0,0.0,medium
U01603,0,1,0.0,low
U01604,1,0,0.0,low
U01605,1,0,0.0,medium
U01606,0,1,0.0,low
U01607,1,1,0.0,medium
U01608,1,1,42.25,low
U01609,0,0,0.0,medium
U01610,1,0,0.0,low
U01611,1,1,0.0,low
U01612,0,0,0.0,low
U01613,1,1,24.01,medium
U01614,1,1,0.0,low
U01615,1,1,0.0,low
U01616,0,1,30.22,low
U01617,1,1,0.0,low
U01618,1,1,77.16,low
U01619,0,0,0.0,low
U01620,1,1,0.0,low
U01621,1,1,0.0,low
U01622,1,1,0.0,low
U01623,0,0,0.0,high
U01624,1,1,32.96,low
U01625,1,1,26.41,low
U01626,0,0,0.0,low
U01627,0,1,0.0,low
U01628,1,0,0.0,low
U01629,1,1,0.0,medium
U01630,1,1,24.76,low
U01631,0,0,36.8,medium
U01632,0,0,0.0,medium
U01633,1,1,40.31,low
U01634,1,0,0.0,medium
U01635,1,0,5.53,low
U01636,0,0,57.45,high
U01637,0,0,19.64,medium
U01638,1,1,43.55,low
U01639,1,1,41.42,low
U01640,1,0,13.12,medium
U01641,1,1,0.0,low
U01642,1,1,6.49,low
U01643,1,1,20.71,low
U01644,0,0,0.0,medium
U01645,0,0,0.0,medium
U01646,1,0,52.73,low
U01647,1,0,0.0,low
U01648,0,0,0.0,low
U01649,0,0,10.02,medium
U01650,1,0,29.66,low
U01651,1,1,0.0,low
U01652,0,1,0.0,high
U01653,1,0,13.15,low
U01654,1,1,9.87,low
U01655,0,0,0.0,low
U01656,1,1,0.0,low
U01657,1,0,0.0,low
U01658,1,1,0.0,low
U01659,1,1,0.0,medium
U01660,0,1,13.86,high
U01661,1,1,0.0,low
U01662,1,1,22.08,low
U01663,1,1,43.2,low
U01664,0,1,0.0,low
U01665,1,1,19.95,low
U01666,1,0,0.0,medium
U01667,0,0,6.7,high
U01668,0,1,54.17,low
U01669,0,1,0.0,medium
U01670,0,1,46.1,medium
U01671,0,0,59.82,medium
U01672,1,1,23.56,low
U01673,0,1,9.05,low
U01674,0,0,0.0,high
U01675,1,1,24.19,low
U01676,0,1,0.0,low
U01677,1,1,0.0,low
U01678,1,1,0.0,low
U01679,1,1,0.0,low
U01680,1,1,0.0,low
U01681,0,1,12.31,low
U01682,1,1,14.13,low
U01683,0,0,0.0,low
U01684,1,1,44.06,low
U01685,1,0,0.0,medium
U01686,1,1,0.0,medium
U01687,1,1,21.72,low
U01688,0,0,0.0,medium
U01689,1,1,37.84,low
U01690,0,1,24.28,medium
U01691,0,0,28.29,high
U01692,1,0,32.45,low
U01693,1,0,0.0,medium
U01694,1,0,37.16,low
U01695,1,1,0.0,low
U01696,1,1,45.75,low
U01697,1,1,0.0,low
U01698,1,1,54.81,low
U01699,0,0,20.43,low
U01700,1,1,21.6,low
U01701,1,1,60.21,low
U01702,1,1,26.21,low
U01703,0,0,11.92,medium
U01704,0,1,0.0,medium
U01705,0,1,12.32,low
U01706,1,1,26.97,low
U01707,0,0,5.02,high
U01708,1,1,15.71,low
U01709,1,0,26.81,medium
U01710,1,0,0.0,low
U01711,1,1,22.44,low
U01712,1,0,0.0,medium
U01713,1,1,0.0,low
U01714,1,0,0.0,low
U01715,1,0,10.44,low
U01716,1,1,0.0,low
U01717,0,0,11.84,low
U01718,1,1,14.9,low
U01719,1,1,15.21,low
U01720,0,1,43.36,low
U01721,0,0,0.0,low
U01722,1,1,51.2,low
U01723,1,1,0.0,low
U01724,0,0,29.98,low
U01725,1,1,67.19,low
U01726,0,1,36.72,low
U01727,1,0,0.0,low
U01728,1,1,17.26,low
U01729,1,1,0.0,low
U01730,0,0,0.0,medium
U01731,0,0,0.0,medium
U01732,1,1,5.97,low
U01733,1,0,0.0,medium
U01734,1,1,0.0,low
U01735,1,0,26.43,medium
U01736,1,0,0.0,low
U01737,1,0,0.0,medium
U01738,1,0,73.15,medium
U01739,1,1,30.29,low
U01740,0,0,0.0,medium
U01741,1,1,58.79,low
U01742,0,1,0.0,low
U01743,1,1,0.0,low
U01744,0,0,20.55,low
U01745,1,0,0.0,low
U01746,0,0,52.88,low
U01747,0,0,0.0,medium
U01748,0,1,69.77,low
U01749,1,1,62.62,low
U01750,1,0,35.35,low
U01751,0,1,33.91,low
U01752,1,1,0.0,low
U01753,1,0,0.0,high
U01754,0,1,22.66,low
U01755,0,0,35.5,medium
U01756,1,1,52.89,low
U01757,1,1,0.0,low
U01758,1,1,0.0,low
U01759,1,0,0.0,low
U01760,1,1,0.0,low
U01761,1,1,0.0,low
U01762,1,1,45.85,medium
U01763,1,1,2.91,low
U01764,1,1,27.28,low
U01765,1,1,27.13,low
U01766,1,0,29.36,low
U01767,1,0,0.0,high
U01768,1,1,0.0,low
U01769,1,1,9.7,low
U01770,0,0,39.54,low
U01771,0,0,0.0,high
U01772,1,1,0.0,low
U01773,1,1,0.0,medium
U01774,1,0,27.23,medium
U01775,1,0,0.0,high
U01776,1,1,0.0,low
U01777,1,1,0.0,low
U01778,0,0,26.28,medium
U01779,1,1,37.04,low
U01780,1,0,0.0,low
U01781,0,0,0.0,medium
U01782,1,1,45.69,low
U01783,1,1,0.0,low
U01784,0,0,0.0,low
U01785,1,1,0.0,low
U01786,1,1,0.0,low
U01787,0,0,0.0,low
U01788,1,1,0.0,low
U01789,1,1,25.94,low
U01790,0,0,0.0,high
U01791,1,1,0.0,low
U01792,1,0,0.0,medium
U01793,1,1,0.0,low
U01794,0,0,0.0,low
U01795,1,1,16.64,low
U01796,1,1,0.0,low
U01797,1,1,9.39,low
U01798,0,0,5.48,medium
U01799,1,0,0.0,low
U01800,1,1,35.17,medium
U01801,1,1,0.0,low
U01802,1,0,0.0,medium
U01803,1,0,11.76,low
U01804,1,1,36.82,low
U01805,1,1,0.0,low
U01806,0,0,0.0,medium
U01807,1,0,0.0,medium
U01808,1,1,0.0,low
U01809,1,0,28.09,medium
U01810,1,1,58.71,medium
U01811,1,1,21.51,low
U01812,1,0,3.11,low
U01813,1,0,37.53,high
U01814,0,0,0.0,medium
U01815,1,1,17.43,low
U01816,1,1,7.24,low
U01817,0,1,0.0,low
U01818,0,1,0.0,low
U01819,0,0,0.0,medium
U01820,0,0,0.0,high
U01821,0,0,0.0,high
U01822,1,1,27.07,low
U01823,0,0,17.93,low
U01824,0,0,0.0,high
U01825,1,0,0.0,low
U01826,1,1,0.0,low
U01827,1,1,0.0,low
U01828,1,1,0.0,medium
U01829,1,1,0.0,medium
U01830,1,1,59.23,low
U01831,0,0,0.0,low
U01832,1,1,34.88,medium
U01833,0,0,0.0,medium
U01834,1,1,35.84,low
U01835,1,1,0.0,low
U01836,1,1,25.4,medium
U01837,1,1,56.99,low
U01838,1,1,35.87,low
U01839,1,1,23.43,low
U01840,1,1,0.0,medium
U01841,1,0,34.1,medium
U01842,0,0,0.0,low
U01843,0,0,0.0,high
U01844,0,0,0.0,medium
U01845,0,0,0.0,high
U01846,0,0,0.0,low
U01847,1,0,64.49,medium
U01848,1,1,6.44,low
U01849,1,1,0.0,low
U01850,0,0,0.0,medium
U01851,1,1,42.62,low
U01852,1,0,0.0,low
U01853,1,1,0.0,low
U01854,1,1,0.0,medium
U01855,0,0,13.79,low
U01856,0,0,0.0,high
U01857,1,1,0.0,low
U01858,1,1,0.0,low
U01859,0,0,13.22,low
U01860,1,1,0.0,medium
U01861,1,1,0.0,low
U01862,1,1,0.0,medium
U01863,1,1,50.42,low
U01864,1,1,0.0,high
U01865,1,1,10.61,low
U01866,1,1,0.0,low
U01867,0,1,27.5,low
U01868,1,0,0.0,low
U01869,1,0,19.58,low
U01870,0,0,0.0,low
U01871,1,0,0.0,medium
U01872,1,0,0.0,low
U01873,1,0,0.0,high
U01874,1,1,0.0,low
U01875,1,1,0.0,low
U01876,0,0,18.09,medium
U01877,1,1,28.57,low
U01878,0,1,58.96,medium
U01879,0,0,0.0,high
U01880,0,0,0.0,high
U01881,1,1,24.86,low
U01882,0,1,0.0,medium
U01883,1,1,21.31,low
U01884,1,1,0.0,low
U01885,1,1,23.56,low
U01886,0,1,0.0,medium
U01887,0,1,0.0,medium
U01888,1,1,47.5,low
U01889,1,1,0.0,low
U01890,1,1,12.72,low
U01891,1,1,0.0,low
U01892,1,0,0.0,high
U01893,1,1,0.0,low
U01894,1,1,49.27,low
U01895,0,0,23.32,high
U01896,0,0,68.24,low
U01897,0,0,0.0,medium
U01898,1,1,0.0,low
U01899,1,0,0.0,low
U01900,0,0,0.0,medium
U01901,1,1,29.09,low
U01902,1,1,0.0,low
U01903,1,1,4.44,low
U01904,1,1,0.0,low
U01905,1,0,0.0,low
U01906,0,0,0.0,high
U01907,1,1,21.18,medium
U01908,1,0,64.57,medium
U01909,1,1,42.85,low
U01910,0,0,11.89,low
U01911,1,1,0.0,medium
U01912,1,1,0.0,low
U01913,1,0,74.5,medium
U01914,1,1,0.0,medium
U01915,1,1,29.98,low
U01916,0,1,58.8,medium
U01917,0,0,7.03,low
U01918,0,1,0.0,medium
U01919,1,0,23.59,low
U01920,1,1,17.5,low
U01921,1,1,30.59,low
U01922,0,0,63.59,high
U01923,0,0,0.0,low
U01924,1,1,0.0,low
U01925,1,1,0.0,low
U01926,1,0,0.0,low
U01927,1,1,0.0,low
U01928,1,0,34.98,low
U01929,0,0,0.0,medium
U01930,1,0,0.0,low
U01931,1,1,0.0,low
U01932,0,0,0.0,medium
U01933,1,1,40.12,medium
U01934,1,1,0.0,low
U01935,1,0,41.84,medium
U01936,0,0,45.65,low
U01937,1,1,0.0,medium
U01938,0,1,0.0,low
U01939,0,0,0.0,high
U01940,1,0,0.0,low
U01941,1,1,19.35,low
U01942,0,0,0.0,high
U01943,0,1,12.7,medium
U01944,1,1,0.0,low
U01945,1,1,8.4,low
U01946,0,0,0.0,high
U01947,1,1,0.0,low
U01948,1,1,41.98,low
U01949,1,1,0.0,low
U01950,1,1,64.75,high
U01951,1,0,22.74,medium
U01952,1,1,0.0,low
U01953,1,1,0.0,low
U01954,0,0,0.0,high
U01955,1,1,0.0,low
U01956,1,1,18.27,low
U01957,1,1,0.0,low
U01958,0,1,49.84,low
U01959,1,0,37.7,low
U01960,1,0,0.0,low
U01961,1,1,0.0,low
U01962,0,1,0.0,low
U01963,1,1,0.0,low
U01964,0,0,0.0,low
U01965,1,1,0.0,medium
U01966,0,0,49.75,medium
U01967,1,1,26.85,high
U01968,1,0,12.63,low
U01969,0,1,0.0,high
U01970,0,0,0.0,low
U01971,1,1,0.0,low
U01972,1,1,16.1,low
U01973,1,1,16.67,low
U01974,1,0,0.0,medium
U01975,0,1,0.0,low
U01976,0,1,0.0,high
U01977,1,0,37.55,low
U01978,1,1,18.62,low
U01979,1,1,10.02,low
U01980,0,0,0.0,high
U01981,1,0,0.0,low
U01982,1,0,0.0,low
U01983,0,0,69.88,high
U01984,1,1,0.0,low
U01985,1,1,0.0,low
U01986,1,1,0.0,low
U01987,1,1,68.94,low
U01988,0,0,0.0,medium
U01989,1,1,55.09,low
U01990,1,1,0.0,low
U01991,1,0,32.44,low
U01992,0,1,0.0,low
U01993,0,0,0.0,medium
U01994,0,1,0.0,low
U01995,1,0,60.34,low
U01996,1,1,15.57,low
U01997,0,1,30.3,low
U01998,0,1,0.0,low
U01999,0,0,0.0,high
U02000,1,1,0.0,low
U02001,0,0,20.88,medium
U02002,1,0,0.0,medium
U02003,0,0,0.0,medium
U02004,1,0,7.35,high
U02005,0,1,41.22,medium
U02006,0,1,31.49,low
U02007,1,1,0.0,low
U02008,1,0,0.0,low
U02009,0,0,0.0,low
U02010,0,0,9.65,high
U02011,1,1,0.0,low
U02012,1,1,31.98,low
U02013,1,1,0.0,low
U02014,1,1,39.93,low
U02015,1,0,14.01,low
U02016,0,0,26.93,medium
U02017,1,0,0.0,low
U02018,1,1,52.34,low
U02019,1,1,12.63,low
U02020,1,0,8.13,medium
U02021,1,1,40.7,low
U02022,1,0,0.0,low
U02023,1,0,0.0,medium
U02024,0,1,29.54,low
U02025,1,1,66.45,low
U02026,1,1,0.0,low
U02027,1,1,0.0,low
U02028,1,1,0.0,low
U02029,0,0,0.0,high
U02030,0,0,41.03,medium
U02031,1,1,46.74,low
U02032,1,1,0.0,low
U02033,0,0,0.0,medium
U02034,1,0,44.33,low
U02035,1,1,18.98,low
U02036,0,0,18.27,medium
U02037,0,0,7.26,high
U02038,0,0,12.65,medium
U02039,0,0,0.0,medium
U02040,0,1,0.0,medium
U02041,1,1,0.0,low
U02042,1,1,0.0,low
U02043,1,0,0.0,low
U02044,1,1,0.0,low
U02045,1,1,0.0,medium
U02046,1,1,0.0,low
U02047,0,1,0.0,low
U02048,0,0,0.0,medium
U02049,1,1,31.31,low
U02050,0,0,54.57,medium
U02051,1,1,0.0,low
U02052,0,1,0.0,low
U02053,0,0,29.1,medium
U02054,0,1,0.0,low
U02055,1,0,0.0,low
U02056,1,1,0.0,low
U02057,1,1,0.0,low
U02058,0,0,0.0,medium
U02059,1,0,28.87,low
U02060,1,1,23.07,low
U02061,0,0,0.0,low
U02062,0,0,0.0,medium
U02063,0,1,0.0,low
U02064,1,0,31.76,medium
U02065,1,1,16.37,low
U02066,0,0,0.0,medium
U02067,0,0,0.0,low
U02068,1,1,0.0,low
U02069,1,1,4.47,low
U02070,0,0,0.0,medium
U02071,0,1,38.87,low
U02072,1,1,0.0,medium
U02073,1,1,26.59,low
U02074,1,0,45.29,low
U02075,0,0,0.0,medium
U02076,1,1,0.0,low
U02077,1,1,31.54,low
U02078,0,1,17.72,low
U02079,1,1,73.04,low
U02080,1,1,26.45,low
U02081,1,0,34.36,low
U02082,1,1,0.0,low
U02083,1,1,42.82,low
U02084,1,1,0.0,medium
U02085,1,0,0.0,high
U02086,1,1,0.0,low
U02087,0,0,3.2,low
U02088,0,0,0.0,medium
U02089,1,1,43.34,medium
U02090,0,0,0.0,low
U02091,0,0,19.66,medium
U02092,1,1,0.0,low
U02093,0,0,35.97,medium
U02094,1,0,0.0,low
U02095,1,1,0.0,low
U02096,1,1,0.0,low
U02097,0,0,49.04,low
U02098,0,1,41.39,low
U02099,0,0,0.0,medium
U02100,1,1,0.0,low
U02101,0,0,0.0,medium
U02102,0,1,0.0,low
U02103,0,1,57.79,medium
U02104,1,1,0.0,low
U02105,1,0,0.0,low
U02106,1,0,33.98,low
U02107,0,0,73.8,low
U02108,0,0,31.16,medium
U02109,1,1,0.0,medium
U02110,1,1,0.0,low
U02111,1,1,38.82,low
U02112,1,1,0.0,low
U02113,0,0,0.0,low
U02114,0,0,0.0,medium
U02115,1,0,36.59,medium
U02116,1,1,0.0,low
U02117,0,0,37.8,medium
U02118,1,1,8.77,low
U02119,0,0,0.0,medium
U02120,1,1,0.0,low
U02121,0,0,0.0,low
U02122,0,0,3.5,medium
U02123,0,1,36.4,low
U02124,1,0,13.96,medium
U02125,1,1,0.0,high
U02126,1,1,42.04,low
U02127,1,1,0.0,low
U02128,0,0,0.0,high
U02129,1,1,0.0,low
U02130,1,1,0.0,low
U02131,1,1,0.0,low
U02132,1,1,21.16,low
U02133,0,0,0.0,medium
U02134,1,1,39.45,low
U02135,1,1,0.0,low
U02136,0,0,0.0,medium
U02137,1,0,20.72,low
U02138,1,1,53.14,low
U02139,1,1,17.12,low
U02140,1,1,0.0,low
U02141,1,1,0.0,medium
U02142,1,1,24.63,low
U02143,1,0,0.0,low
U02144,0,0,37.96,low
U02145,1,0,49.06,low
U02146,1,0,0.0,medium
U02147,1,0,21.93,low
U02148,0,1,83.94,medium
U02149,0,0,0.0,medium
U02150,1,1,16.71,low
U02151,1,1,6.21,low
U02152,1,1,0.0,low
U02153,0,1,0.0,low
U02154,1,1,0.0,low
U02155,0,0,60.36,medium
U02156,1,1,53.63,low
U02157,1,1,47.77,low
U02158,1,0,35.36,low
U02159,1,1,57.13,medium
U02160,1,1,0.0,medium
U02161,0,0,9.14,medium
U02162,1,1,3.68,low
U02163,1,1,4.35,low
U02164,1,1,0.0,low
U02165,1,1,56.38,low
U02166,0,0,0.0,low
U02167,1,0,0.0,low
U02168,1,1,0.0,high
U02169,1,1,49.94,low
U02170,1,1,4.78,low
U02171,1,1,0.0,low
U02172,1,1,12.97,low
U02173,1,0,0.0,low
U02174,1,1,66.63,low
U02175,0,0,5.39,high
U02176,0,1,0.0,low
U02177,1,1,0.0,low
U02178,1,1,4.71,medium
U02179,1,1,0.0,low
U02180,1,1,10.38,low
U02181,0,0,8.54,medium
U02182,1,1,42.86,low
U02183,0,0,5.96,medium
U02184,0,0,0.0,low
U02185,0,0,0.0,medium
U02186,1,0,39.25,low
U02187,1,1,61.3,low
U02188,0,0,0.0,low
U02189,1,1,12.51,low
U02190,1,1,37.49,low
U02191,1,1,31.47,medium
U02192,1,1,0.0,low
U02193,0,0,0.0,low
U02194,1,1,0.0,low
U02195,1,1,37.81,low
U02196,0,1,0.0,low
U02197,1,1,29.13,low
U02198,1,1,18.54,low
U02199,0,0,0.0,low
U02200,1,1,13.64,low
U02201,1,1,65.72,medium
U02202,1,1,0.0,low
U02203,0,1,0.0,high
U02204,1,1,49.64,low
U02205,0,0,10.42,low
U02206,0,0,19.01,medium
U02207,1,1,0.0,low
U02208,1,1,22.76,low
U02209,0,1,0.0,low
U02210,0,1,0.0,low
U02211,1,0,5.06,medium
U02212,1,0,0.0,medium
U02213,1,1,55.56,low
U02214,1,1,33.77,low
U02215,1,1,27.89,low
U02216,0,0,21.75,low
U02217,1,1,5.69,medium
U02218,1,1,0.0,low
U02219,1,0,0.0,low
U02220,0,0,0.0,low
U02221,1,1,0.0,low
U02222,1,1,0.0,low
U02223,1,0,0.0,low
U02224,0,0,0.0,low
U02225,1,1,0.0,low
U02226,0,0,0.0,low
U02227,0,0,0.0,medium
U02228,1,1,0.0,low
U02229,1,1,23.62,low
U02230,1,1,0.0,low
U02231,0,0,0.0,low
U02232,1,1,14.69,low
U02233,1,1,0.0,low
U02234,1,1,35.03,low
U02235,1,1,0.0,medium
U02236,0,0,0.0,medium
U02237,1,1,41.29,low
U02238,1,0,0.0,low
U02239,0,0,0.0,medium
U02240,1,1,0.0,low
U02241,0,0,0.0,medium
U02242,0,1,0.0,low
U02243,0,0,0.0,medium
U02244,0,0,0.0,medium
U02245,1,0,0.0,low
U02246,1,1,47.26,low
U02247,1,1,0.0,low
U02248,0,1,17.73,medium
U02249,1,0,0.0,low
U02250,1,0,0.0,medium
U02251,1,1,0.0,low
U02252,0,0,0.0,low
U02253,0,1,0.0,medium
U02254,0,0,19.75,low
U02255,1,1,0.0,low
U02256,0,1,0.0,high
U02257,1,1,0.0,low
U02258,0,0,0.0,medium
U02259,1,1,0.0,low
U02260,1,1,0.0,medium
U02261,1,0,0.0,high
U02262,1,0,48.75,medium
U02263,1,1,0.0,low
U02264,1,1,14.06,low
U02265,1,1,0.0,low
U02266,1,1,39.94,low
U02267,1,0,0.0,low
U02268,1,0,27.32,medium
U02269,0,1,16.14,medium
U02270,1,1,46.45,low
U02271,1,1,24.15,low
U02272,1,1,0.0,low
U02273,0,0,0.0,medium
U02274,1,1,0.0,low
U02275,1,1,84.21,low
U02276,1,1,54.03,low
U02277,1,1,0.0,medium
U02278,0,0,15.12,low
U02279,1,1,14.31,low
U02280,1,1,0.0,low
U02281,1,1,30.57,low
U02282,1,1,45.26,low
U02283,0,0,0.0,high
U02284,0,1,0.0,low
U02285,0,0,0.0,low
U02286,0,0,0.0,medium
U02287,0,0,0.0,high
U02288,1,1,0.0,low
U02289,1,1,15.34,low
U02290,0,1,0.0,low
U02291,1,1,36.16,low
U02292,0,0,0.0,medium
U02293,1,1,20.38,low
U02294,0,0,31.23,medium
U02295,1,0,11.6,low
U02296,1,0,20.35,low
U02297,1,0,0.0,medium
U02298,0,0,0.0,low
U02299,1,1,0.0,low
U02300,1,1,0.0,low
U02301,0,1,0.0,low
U02302,0,0,0.0,medium
U02303,0,1,0.0,low
U02304,1,0,0.0,low
U02305,0,0,13.99,medium
U02306,1,0,39.53,low
U02307,1,1,0.0,low
U02308,1,0,57.23,low
U02309,0,0,15.68,low
U02310,0,1,0.0,low
U02311,1,0,0.0,low
U02312,1,0,0.0,low
U02313,1,1,4.29,low
U02314,1,0,45.54,low
U02315,1,0,0.0,low
U02316,1,0,0.0,high
U02317,1,1,0.0,low
U02318,0,0,0.0,low
U02319,0,0,0.0,high
U02320,1,1,0.0,low
U02321,1,1,0.0,low
U02322,0,0,0.0,high
U02323,1,0,8.74,low
U02324,1,1,0.0,low
U02325,1,1,79.74,low
U02326,1,1,0.0,low
U02327,1,1,0.0,low
U02328,1,1,0.0,low
U02329,0,0,8.31,high
U02330,1,1,35.56,low
U02331,0,0,54.76,medium
U02332,1,1,0.0,low
U02333,1,1,46.5,low
U02334,1,1,26.26,low
U02335,0,1,0.0,low
U02336,0,1,0.0,low
U02337,1,0,34.15,low
U02338,1,1,0.0,medium
U02339,1,1,15.09,low
U02340,1,1,64.67,low
U02341,1,1,0.0,low
U02342,0,1,0.0,medium
U02343,1,1,0.0,medium
U02344,0,0,0.0,medium
U02345,1,1,6.41,low
U02346,1,1,0.0,low
U02347,1,1,0.0,low
U02348,0,0,18.11,high
U02349,0,0,0.0,low
U02350,1,1,0.0,low
U02351,1,1,0.0,medium
U02352,1,0,0.0,low
U02353,0,0,3.84,low
U02354,0,0,0.0,high
U02355,1,0,26.87,low
U02356,1,1,0.0,low
U02357,1,1,0.0,medium
U02358,1,0,0.0,high
U02359,1,1,0.0,low
U02360,1,1,0.0,medium
U02361,1,1,0.0,low
U02362,1,1,0.0,high
U02363,1,0,28.45,low
U02364,1,1,19.79,low
U02365,0,0,0.0,low
U02366,1,1,0.0,low
U02367,0,0,0.0,medium
U02368,1,1,0.0,low
U02369,1,0,0.0,low
U02370,1,1,0.0,low
U02371,1,1,0.0,low
U02372,1,0,58.99,low
U02373,0,0,32.39,low
U02374,1,1,14.47,low
U02375,1,0,0.0,low
U02376,0,0,0.0,medium
U02377,1,0,34.89,medium
U02378,1,0,75.88,medium
U02379,0,1,21.19,low
U02380,1,1,0.0,low
U02381,0,1,0.0,medium
U02382,1,0,26.17,medium
U02383,1,1,28.42,low
U02384,1,1,79.32,low
U02385,1,1,102.83,low
U02386,0,1,0.0,high
U02387,1,1,0.0,low
U02388,1,1,0.0,low
U02389,1,0,29.98,medium
U02390,1,1,61.8,medium
U02391,1,1,0.0,low
U02392,1,0,24.74,low
U02393,1,1,30.3,low
U02394,1,1,47.58,low
U02395,1,1,34.21,low
U02396,0,1,0.0,low
U02397,0,0,20.37,high
U02398,1,1,39.28,low
U02399,1,0,0.0,low
U02400,0,0,37.5,low
U02401,1,1,0.0,low
U02402,1,0,0.0,high
U02403,0,1,25.22,low
U02404,0,1,0.0,low
U02405,0,0,28.67,high
U02406,0,0,36.64,low
U02407,1,0,0.0,low
U02408,0,0,0.0,low
U02409,1,1,24.02,low
U02410,1,1,31.26,low
U02411,1,1,5.27,low
U02412,0,0,0.0,medium
U02413,0,1,0.0,low
U02414,1,1,0.0,low
U02415,0,0,19.12,low
U02416,1,1,20.74,low
U02417,0,0,0.0,medium
U02418,0,1,13.31,low
U02419,0,0,0.0,low
U02420,1,0,0.0,low
U02421,0,0,0.0,medium
U02422,1,1,40.12,medium
U02423,0,0,19.38,medium
U02424,0,0,53.7,medium
U02425,1,1,0.0,medium
U02426,1,1,0.0,low
U02427,0,1,0.0,low
U02428,1,1,47.53,low
U02429,0,0,0.0,medium
U02430,1,0,23.13,medium
U02431,1,1,15.22,low
U02432,1,0,36.75,low
U02433,1,0,0.0,low
U02434,0,0,34.04,low
U02435,1,1,24.24,low
U02436,0,0,0.0,low
U02437,1,1,37.01,low
U02438,1,1,23.72,low
U02439,1,1,13.49,low
U02440,1,1,0.0,low
U02441,1,1,17.01,low
U02442,1,1,0.0,low
U02443,1,1,0.0,low
U02444,1,1,0.0,low
U02445,0,0,0.0,high
U02446,0,0,14.93,medium
U02447,1,0,0.0,low
U02448,0,0,0.0,high
U02449,0,0,56.83,high
U02450,0,0,0.0,high
U02451,0,0,0.0,medium
U02452,1,1,0.0,low
U02453,1,0,30.57,medium
U02454,1,1,0.0,low
U02455,1,1,0.0,low
U02456,1,1,30.12,low
U02457,1,0,26.06,low
U02458,0,1,0.0,high
U02459,1,1,20.03,low
U02460,1,1,0.0,low
U02461,1,0,24.92,low
U02462,1,1,37.19,low
U02463,1,1,45.53,low
U02464,0,1,0.0,low
U02465,1,1,67.77,low
U02466,1,1,18.88,low
U02467,0,1,0.0,low
U02468,0,0,40.18,low
U02469,1,0,0.0,medium
U02470,0,0,0.0,medium
U02471,1,1,0.0,low
U02472,1,1,0.0,low
U02473,0,1,0.0,medium
U02474,0,1,0.0,low
U02475,1,0,0.0,low
U02476,0,0,15.47,medium
U02477,1,1,36.36,low
U02478,0,1,0.0,low
U02479,0,0,0.0,medium
U02480,0,0,0.0,low
U02481,1,1,57.97,low
U02482,0,1,0.0,low
U02483,1,1,5.9,low
U02484,0,1,0.0,low
U02485,0,0,15.95,low
U02486,0,0,0.0,low
U02487,1,1,0.0,low
U02488,1,1,18.96,low
U02489,1,1,4.47,low
U02490,1,1,0.0,low
U02491,1,0,10.51,high
U02492,1,1,0.0,low
U02493,1,0,0.0,high
U02494,0,0,2.73,high
U02495,1,1,0.0,low
U02496,1,1,19.52,low
U02497,0,0,23.06,low
U02498,1,1,37.57,low
U02499,0,1,21.6,low
U02500,1,1,40.18,low
U02501,0,0,21.86,medium
U02502,1,1,21.15,low
U02503,1,1,38.31,medium
U02504,1,1,0.0,low
U02505,0,0,0.0,low
U02506,1,1,0.0,medium
U02507,1,1,0.0,low
U02508,0,0,0.0,high
U02509,1,1,24.16,low
U02510,1,1,0.0,low
U02511,1,1,18.88,low
U02512,0,0,9.93,low
U02513,0,1,28.85,low
U02514,0,0,70.27,low
U02515,1,0,0.0,low
U02516,0,0,0.0,medium
U02517,0,0,0.0,low
U02518,0,1,0.0,high
U02519,1,0,50.3,low
U02520,0,0,0.0,medium
U02521,0,1,20.03,medium
U02522,1,1,35.35,medium
U02523,1,1,61.95,low
U02524,1,1,21.16,low
U02525,0,0,20.03,medium
U02526,1,1,32.68,low
U02527,0,0,61.05,medium
U02528,1,1,0.0,low
U02529,1,1,0.0,low
U02530,0,0,0.0,medium
U02531,0,1,7.81,low
U02532,1,0,0.0,low
U02533,1,1,0.0,low
U02534,1,1,0.0,low
U02535,1,1,10.92,low
U02536,1,1,40.51,low
U02537,1,0,64.33,low
U02538,1,1,14.71,medium
U02539,0,0,0.0,medium
U02540,1,1,0.0,medium
U02541,0,1,0.0,medium
U02542,0,0,46.16,low
U02543,0,1,33.61,medium
U02544,1,1,14.0,low
U02545,1,1,0.0,medium
U02546,1,1,37.45,low
U02547,0,0,16.88,medium
U02548,1,1,30.64,low
U02549,0,0,53.77,medium
U02550,0,0,0.0,low
U02551,1,0,0.0,low
U02552,1,1,36.65,high
U02553,1,0,0.0,high
U02554,0,1,0.0,low
U02555,1,1,0.0,low
U02556,0,0,0.0,high
U02557,1,0,0.0,low
U02558,1,0,32.44,medium
U02559,0,0,4.06,high
U02560,1,1,0.0,low
U02561,0,1,9.01,low
U02562,1,0,42.94,low
U02563,0,0,16.63,medium
U02564,1,1,0.0,low
U02565,1,0,0.0,medium
U02566,0,0,0.0,high
U02567,1,1,19.7,medium
U02568,1,1,10.53,low
U02569,1,1,27.48,low
U02570,0,0,22.84,medium
U02571,1,1,12.74,low
U02572,0,0,0.0,medium
U02573,1,1,0.0,low
U02574,1,0,33.14,medium
U02575,1,1,21.43,low
U02576,1,1,18.11,low
U02577,0,0,0.0,low
U02578,1,1,0.0,medium
U02579,1,1,12.88,low
U02580,1,1,16.36,low
U02581,0,1,0.0,low
U02582,1,1,42.41,medium
U02583,1,1,15.92,low
U02584,1,1,0.0,low
U02585,0,0,23.91,low
U02586,1,0,0.0,low
U02587,1,1,11.3,low
U02588,1,1,0.0,low
U02589,0,1,0.0,medium
U02590,0,0,0.0,medium
U02591,1,1,0.0,low
U02592,1,1,0.0,low
U02593,1,0,0.0,low
U02594,0,0,0.0,low
U02595,1,1,0.0,low
U02596,1,1,28.73,medium
U02597,1,1,40.78,low
U02598,1,0,18.06,high
U02599,1,1,0.0,low
U02600,1,1,0.0,low
U02601,1,1,0.0,low
U02602,0,0,0.0,medium
U02603,1,0,10.82,low
U02604,1,1,0.0,low
U02605,0,0,18.46,medium
U02606,1,1,6.92,low
U02607,1,1,44.69,low
U02608,1,1,0.0,low
U02609,1,1,0.0,low
U02610,0,1,49.95,low
U02611,1,1,17.15,medium
U02612,0,0,0.0,high
U02613,0,0,0.0,low
U02614,0,0,0.0,medium
U02615,1,1,0.0,low
U02616,1,1,0.0,medium
U02617,1,1,29.93,low
U02618,1,1,57.17,low
U02619,1,1,0.0,low
U02620,1,0,0.0,low
U02621,1,1,0.0,low
U02622,0,0,64.8,medium
U02623,1,1,33.97,low
U02624,0,1,0.0,low
U02625,0,1,0.0,low
U02626,0,0,2.63,medium
U02627,1,0,43.18,medium
U02628,1,1,17.94,low
U02629,0,1,0.0,medium
U02630,1,1,12.49,low
U02631,1,1,16.94,low
U02632,0,1,52.07,low
U02633,1,1,0.0,low
U02634,1,1,40.69,low
U02635,1,1,5.05,medium
U02636,1,1,0.0,low
U02637,1,1,13.58,low
U02638,0,1,81.37,low
U02639,1,1,24.72,low
U02640,0,0,0.0,medium
U02641,1,1,0.0,low
U02642,1,1,0.0,low
U02643,1,1,0.0,low
U02644,1,1,48.78,low
U02645,1,1,0.0,low
U02646,1,1,0.0,low
U02647,1,1,0.0,low
U02648,1,0,0.0,medium
U02649,1,0,18.99,medium
U02650,0,0,7.25,low
U02651,1,1,0.0,low
U02652,0,0,0.0,medium
U02653,1,1,52.0,low
U02654,1,0,0.0,low
U02655,0,1,20.78,medium
U02656,0,1,0.0,low
U02657,0,0,0.0,medium
U02658,1,0,0.0,low
U02659,1,1,30.62,low
U02660,1,0,22.07,low
U02661,1,1,0.0,low
U02662,1,0,12.19,medium
U02663,1,1,50.87,low
U02664,1,1,0.0,low
U02665,0,0,37.91,low
U02666,1,1,0.0,low
U02667,1,1,52.25,low
U02668,1,0,0.0,medium
U02669,1,1,0.0,low
U02670,1,1,0.0,medium
U02671,0,0,0.0,medium
U02672,1,1,0.0,low
U02673,0,1,36.67,medium
U02674,0,0,23.44,medium
U02675,1,1,0.0,low
U02676,0,1,14.58,low
U02677,1,1,3.03,low
U02678,0,0,0.0,medium
U02679,0,0,0.0,medium
U02680,1,1,0.0,low
U02681,1,1,0.0,low
U02682,1,0,11.86,low
U02683,0,1,0.0,low
U02684,1,1,0.0,low
U02685,1,1,0.0,medium
U02686,1,0,28.35,low
U02687,1,1,42.31,low
U02688,0,0,0.0,medium
U02689,1,1,38.09,low
U02690,0,1,0.0,low
U02691,0,0,42.33,low
U02692,1,1,33.26,medium
U02693,1,0,0.0,low
U02694,1,1,4.11,low
U02695,0,0,0.0,medium
U02696,1,0,0.0,medium
U02697,0,0,32.74,high
U02698,1,1,71.54,low
U02699,1,0,0.0,low
U02700,1,1,16.39,medium
U02701,1,1,0.0,low
U02702,1,1,28.23,low
U02703,0,0,24.52,low
U02704,1,0,0.0,low
U02705,1,1,28.73,low
U02706,1,0,0.0,medium
U02707,1,0,0.0,low
U02708,1,1,5.97,low
U02709,1,1,0.0,low
U02710,1,0,0.0,low
U02711,1,1,0.0,low
U02712,1,1,45.49,low
U02713,0,1,0.0,low
U02714,1,0,0.0,low
U02715,1,0,56.3,low
U02716,0,0,0.0,high
U02717,0,0,54.71,medium
U02718,1,1,0.0,medium
U02719,0,1,0.0,medium
U02720,1,1,0.0,low
U02721,1,1,0.0,low
U02722,1,0,0.0,low
U02723,1,1,0.0,low
U02724,0,0,0.0,low
U02725,0,0,6.95,high
U02726,1,1,30.55,low
U02727,1,0,0.0,medium
U02728,1,1,8.75,low
U02729,1,0,0.0,low
U02730,1,1,38.83,high
U02731,1,1,49.87,low
U02732,0,0,0.0,medium
U02733,1,1,38.23,low
U02734,1,0,0.0,medium
U02735,1,1,11.73,low
U02736,1,0,36.85,medium
U02737,0,1,36.4,low
U02738,1,1,0.0,low
U02739,1,0,0.0,low
U02740,1,1,27.71,low
U02741,0,1,56.81,low
U02742,1,0,0.0,low
U02743,0,1,3.13,medium
U02744,0,0,0.0,low
U02745,1,0,43.08,low
U02746,1,1,28.93,low
U02747,1,1,14.72,low
U02748,0,0,13.08,high
U02749,0,0,34.6,medium
U02750,1,0,8.98,low
U02751,1,0,56.81,low
U02752,1,1,10.02,low
U02753,1,1,12.18,low
U02754,1,1,0.0,low
U02755,0,1,0.0,medium
U02756,1,0,0.0,low
U02757,1,0,0.0,low
U02758,1,0,31.56,medium
U02759,1,1,18.61,low
U02760,1,0,64.17,low
U02761,1,1,38.24,low
U02762,1,0,0.0,low
U02763,1,0,0.0,low
U02764,1,1,43.96,low
U02765,1,0,42.67,low
U02766,1,1,31.98,low
U02767,0,0,18.36,low
U02768,1,1,0.0,low
U02769,1,1,8.13,low
U02770,0,1,14.01,low
U02771,1,1,30.42,low
U02772,1,0,0.0,medium
U02773,1,1,0.0,low
U02774,1,1,0.0,low
U02775,1,1,36.38,low
U02776,0,0,7.54,low
U02777,1,1,6.45,low
U02778,1,0,0.0,low
U02779,1,1,51.89,low
U02780,0,0,0.0,high
U02781,1,1,25.13,low
U02782,1,1,47.69,low
U02783,0,0,0.0,low
U02784,1,1,0.0,low
U02785,1,1,33.46,low
U02786,1,1,44.31,low
U02787,1,1,33.86,low
U02788,1,1,39.17,low
U02789,0,0,0.0,medium
U02790,0,1,0.0,low
U02791,1,0,11.82,low
U02792,1,1,27.03,low
U02793,1,1,14.63,low
U02794,1,0,73.49,low
U02795,0,1,34.02,medium
U02796,1,1,69.81,low
U02797,1,1,0.0,low
U02798,1,1,7.58,low
U02799,1,1,20.92,low
U02800,1,1,0.0,low
U02801,1,1,49.07,low
U02802,1,1,18.01,low
U02803,1,0,0.0,low
U02804,1,1,4.35,low
U02805,0,0,0.0,high
U02806,1,1,0.0,low
U02807,0,1,43.39,low
U02808,1,1,0.0,medium
U02809,1,0,35.94,low
U02810,1,1,12.84,low
U02811,0,0,0.0,low
U02812,1,1,49.3,low
U02813,0,1,0.0,medium
U02814,0,0,0.0,medium
U02815,1,1,18.68,low
U02816,1,1,24.62,low
U02817,0,1,0.0,low
U02818,1,0,20.16,medium
U02819,1,1,9.56,low
U02820,1,1,42.62,low
U02821,1,0,15.33,low
U02822,1,1,26.16,low
U02823,1,1,35.91,low
U02824,1,1,49.38,low
U02825,1,1,26.21,low
U02826,1,0,0.0,low
U02827,1,1,0.0,low
U02828,1,1,84.37,low
U02829,0,0,0.0,high
U02830,1,1,2.73,low
U02831,1,1,15.45,low
U02832,1,1,26.06,low
U02833,0,1,44.78,low
U02834,1,0,25.15,low
U02835,1,1,39.31,low
U02836,1,0,60.55,low
U02837,0,0,0.0,medium
U02838,0,0,0.0,medium
U02839,0,0,16.25,low
U02840,0,0,14.33,medium
U02841,1,1,33.81,low
U02842,0,0,0.0,medium
U02843,1,0,0.0,high
U02844,1,1,0.0,low
U02845,0,1,0.0,low
U02846,0,1,0.0,low
U02847,0,0,0.0,high
U02848,0,1,45.3,low
U02849,0,0,0.0,medium
U02850,1,1,0.0,low
U02851,0,1,4.0,low
U02852,1,1,0.0,low
U02853,1,1,0.0,low
U02854,1,1,0.0,low
U02855,1,0,22.94,low
U02856,0,0,27.42,high
U02857,1,1,42.05,low
U02858,1,1,0.0,low
U02859,1,1,22.67,low
U02860,0,1,0.0,low
U02861,1,1,0.0,medium
U02862,0,1,0.0,medium
U02863,0,1,0.0,medium
U02864,0,0,0.0,low
U02865,0,0,0.0,medium
U02866,1,1,54.02,low
U02867,1,1,0.0,low
U02868,1,1,30.12,low
U02869,1,1,0.0,low
U02870,1,1,32.56,low
U02871,1,0,30.48,low
U02872,1,1,46.42,low
U02873,1,0,0.0,low
U02874,1,1,76.56,low
U02875,1,1,35.1,low
U02876,1,0,0.0,low
U02877,1,1,56.12,low
U02878,0,0,57.11,low
U02879,0,0,0.0,high
U02880,1,1,0.0,medium
U02881,1,0,22.1,low
U02882,1,1,0.0,low
U02883,1,1,0.0,low
U02884,1,1,0.0,low
U02885,1,1,13.75,low
U02886,0,0,0.0,medium
U02887,0,0,19.17,high
U02888,1,1,0.0,low
U02889,0,0,36.66,medium
U02890,0,1,14.73,low
U02891,1,1,0.0,low
U02892,1,1,44.45,low
U02893,1,1,0.0,medium
U02894,0,0,0.0,medium
U02895,1,1,0.0,low
U02896,0,0,0.0,medium
U02897,1,1,0.0,low
U02898,1,1,0.0,low
U02899,1,1,0.0,low
U02900,0,1,0.0,medium
U02901,0,1,0.0,medium
U02902,1,1,0.0,low
U02903,1,1,0.0,low
U02904,0,1,42.49,medium
U02905,0,0,39.42,low
U02906,1,1,0.0,low
U02907,1,0,14.92,low
U02908,1,1,25.65,low
U02909,1,0,0.0,medium
U02910,1,1,59.81,low
U02911,0,0,0.0,medium
U02912,1,1,50.92,low
U02913,1,1,0.0,low
U02914,1,1,35.53,low
U02915,1,0,34.49,low
U02916,1,1,9.85,low
U02917,0,0,0.0,low
U02918,1,0,0.0,medium
U02919,1,1,21.17,low
U02920,1,0,0.0,medium
U02921,1,0,0.0,low
U02922,1,0,18.76,low
U02923,0,0,0.0,high
U02924,1,0,0.0,medium
U02925,1,1,0.0,low
U02926,0,0,0.0,medium
U02927,1,0,21.21,low
U02928,1,1,51.14,medium
U02929,1,1,0.0,high
U02930,0,0,0.0,low
U02931,1,1,0.0,low
U02932,0,0,0.0,low
U02933,1,1,0.0,medium
U02934,0,0,24.73,medium
U02935,1,0,0.0,medium
U02936,0,1,0.0,low
U02937,1,1,26.38,low
U02938,1,0,0.0,medium
U02939,1,1,46.75,low
U02940,1,1,86.25,low
U02941,1,1,13.35,low
U02942,1,1,0.0,low
U02943,1,1,0.0,medium
U02944,0,0,0.0,medium
U02945,1,1,0.0,low
U02946,1,1,0.0,low
U02947,0,0,0.0,medium
U02948,1,1,0.0,medium
U02949,1,1,0.0,low
U02950,0,1,0.0,low
U02951,1,1,49.33,low
U02952,1,1,25.77,low
U02953,1,1,0.0,low
U02954,1,0,0.0,medium
U02955,1,0,0.0,medium
U02956,0,0,99.49,high
U02957,1,1,49.87,low
U02958,1,0,0.0,medium
U02959,0,1,0.0,medium
U02960,1,0,11.32,low
U02961,1,1,50.09,low
U02962,1,1,0.0,medium
U02963,0,0,0.0,high
U02964,1,0,25.12,low
U02965,1,0,27.21,medium
U02966,1,1,0.0,low
U02967,0,0,28.13,medium
U02968,1,1,0.0,low
U02969,0,0,0.0,medium
U02970,1,1,0.0,low
U02971,1,0,28.76,medium
U02972,0,0,0.0,high
U02973,1,1,0.0,low
U02974,0,0,0.0,low
U02975,1,1,0.0,low
U02976,1,0,12.72,low
U02977,1,1,0.0,low
U02978,0,0,6.85,high
U02979,1,1,0.0,low
U02980,1,0,40.85,low
U02981,1,1,0.0,medium
U02982,1,1,0.0,low
U02983,0,0,0.0,high
U02984,1,1,0.0,medium
U02985,1,1,0.0,medium
U02986,1,1,26.77,low
U02987,1,0,0.0,low
U02988,1,0,0.0,high
U02989,0,0,0.0,high
U02990,1,1,35.22,low
U02991,1,1,0.0,low
U02992,1,0,6.22,low
U02993,1,0,21.18,low
U02994,0,0,0.0,high
U02995,0,0,0.0,medium
U02996,1,0,0.0,low
U02997,0,1,0.0,medium
U02998,1,1,4.0,low
U02999,0,0,0.0,medium
U03000,1,1,4.75,low
U03001,1,1,4.52,low
U03002,0,0,23.02,low
U03003,0,0,0.0,medium
U03004,1,1,63.46,low
U03005,0,1,29.03,low
U03006,1,1,18.39,low
U03007,1,1,0.0,medium
U03008,0,0,0.0,low
U03009,1,1,0.0,low
U03010,0,1,14.88,low
U03011,0,1,17.56,low
U03012,0,0,0.0,high
U03013,1,1,0.0,low
U03014,0,0,0.0,medium
U03015,1,1,0.0,medium
U03016,0,0,36.48,high
U03017,0,0,40.88,high
U03018,1,0,26.71,low
U03019,1,1,0.0,low
U03020,0,0,8.09,low
U03021,1,1,0.0,low
U03022,1,1,0.0,low
U03023,1,1,0.0,medium
U03024,1,1,0.0,low
U03025,0,0,0.0,medium
U03026,1,1,27.96,low
U03027,1,1,11.0,low
U03028,1,1,12.23,medium
U03029,1,1,20.86,low
U03030,1,1,0.0,low
U03031,1,1,0.0,low
U03032,0,0,62.59,high
U03033,1,1,0.0,low
U03034,1,1,0.0,low
U03035,1,0,0.0,low
U03036,1,1,17.03,low
U03037,1,1,0.0,low
U03038,0,0,0.0,medium
U03039,1,1,0.0,medium
U03040,1,1,30.86,low
U03041,0,0,0.0,high
U03042,1,1,0.0,low
U03043,1,1,0.0,low
U03044,0,0,0.0,medium
U03045,1,1,35.69,low
U03046,0,0,41.77,low
U03047,0,0,0.0,high
U03048,0,0,0.0,low
U03049,0,0,46.71,low
U03050,1,1,31.43,low
U03051,1,0,0.0,low
U03052,1,1,0.0,low
U03053,1,1,9.33,low
U03054,1,1,0.0,low
U03055,0,0,0.0,medium
U03056,0,0,0.0,high
U03057,1,1,44.05,low
U03058,1,1,49.68,low
U03059,1,1,0.0,low
U03060,0,0,0.0,low
U03061,1,1,8.76,low
U03062,1,1,0.0,low
U03063,0,0,0.0,low
U03064,1,1,0.0,low
U03065,0,0,0.0,low
U03066,1,1,0.0,low
U03067,0,0,10.13,high
U03068,0,0,0.0,medium
U03069,1,0,0.0,medium
U03070,1,1,0.0,low
U03071,1,1,17.71,low
U03072,0,0,11.74,low
U03073,1,0,40.32,medium
U03074,1,1,15.18,low
U03075,0,0,36.42,low
U03076,1,1,0.0,low
U03077,0,0,24.84,low
U03078,1,0,16.26,low
U03079,0,0,28.96,low
U03080,1,1,39.86,low
U03081,1,1,0.0,low
U03082,1,1,55.65,low
U03083,0,0,24.08,medium
U03084,0,0,0.0,high
U03085,0,1,38.87,low
U03086,1,0,5.9,medium
U03087,1,1,0.0,low
U03088,1,1,75.69,low
U03089,1,1,0.0,low
U03090,1,0,0.0,medium
U03091,0,1,34.76,low
U03092,1,1,37.7,medium
U03093,0,0,0.0,low
U03094,0,0,0.0,low
U03095,0,1,0.0,low
U03096,1,0,0.0,medium
U03097,0,1,48.13,low
U03098,1,1,9.0,low
U03099,1,1,0.0,low
U03100,1,1,0.0,low
U03101,1,1,39.58,low
U03102,1,1,0.0,low
U03103,1,0,0.0,low
U03104,1,1,0.0,low
U03105,1,1,32.42,low
U03106,1,1,0.0,low
U03107,1,1,0.0,low
U03108,0,0,0.0,low
U03109,1,1,0.0,low
U03110,0,0,0.0,high
U03111,0,1,0.0,low
U03112,1,0,0.0,low
U03113,1,0,44.28,low
U03114,1,1,7.87,low
U03115,0,0,50.99,low
U03116,1,0,43.28,low
U03117,1,0,0.0,medium
U03118,1,1,0.0,low
U03119,1,1,41.96,low
U03120,0,0,31.47,medium
U03121,1,0,16.07,medium
U03122,1,1,0.0,low
U03123,1,1,0.0,low
U03124,1,1,0.0,low
U03125,1,1,0.0,low
U03126,1,1,0.0,low
U03127,0,0,0.0,medium
U03128,1,1,31.61,low
U03129,1,0,16.02,low
U03130,1,0,6.17,medium
U03131,0,0,0.0,low
U03132,1,1,31.74,medium
U03133,0,0,0.0,low
U03134,1,1,6.04,low
U03135,1,1,0.0,low
U03136,1,0,19.32,medium
U03137,0,1,0.0,low
U03138,1,0,0.0,low
U03139,0,0,0.0,medium
U03140,0,0,0.0,medium
U03141,0,1,0.0,high
U03142,1,1,22.87,low
U03143,1,1,0.0,low
U03144,0,0,0.0,medium
U03145,1,1,0.0,medium
U03146,1,1,48.28,low
U03147,1,1,0.0,low
U03148,1,1,0.0,low
U03149,1,1,0.0,low
U03150,0,0,0.0,low
U03151,1,1,48.54,low
U03152,1,1,33.31,low
U03153,0,1,0.0,low
U03154,1,1,0.0,high
U03155,1,1,61.94,low
U03156,1,1,36.03,low
U03157,0,0,0.0,medium
U03158,1,1,0.0,low
U03159,1,0,21.32,low
U03160,1,1,0.0,low
U03161,1,1,0.0,low
U03162,0,0,5.58,medium
U03163,0,0,0.0,medium
U03164,1,1,0.0,low
U03165,1,0,40.38,low
U03166,0,0,0.0,medium
U03167,1,1,39.79,low
U03168,0,1,30.47,medium
U03169,1,1,25.4,low
U03170,0,0,0.0,high
U03171,1,1,0.0,low
U03172,1,1,17.54,low
U03173,1,1,0.0,low
U03174,1,0,8.45,low
U03175,1,1,4.24,low
U03176,1,0,29.28,medium
U03177,1,1,19.42,low
U03178,1,1,0.0,medium
U03179,1,1,0.0,low
U03180,0,1,41.5,medium
U03181,1,1,21.66,low
U03182,1,1,0.0,low
U03183,0,0,0.0,medium
U03184,1,1,0.0,low
U03185,1,1,0.0,low
U03186,1,1,0.0,low
U03187,1,0,31.69,low
U03188,1,1,0.0,low
U03189,1,1,0.0,low
U03190,1,0,16.43,high
U03191,1,1,36.15,low
U03192,1,1,0.0,low
U03193,0,0,0.0,medium
U03194,1,1,10.73,low
U03195,1,0,0.0,low
U03196,0,0,0.0,medium
U03197,0,0,0.0,medium
U03198,1,1,0.0,low
U03199,1,0,0.0,low
U03200,1,1,9.82,low
U03201,0,1,0.0,low
U03202,0,0,12.96,medium
U03203,1,1,0.0,low
U03204,1,1,48.55,medium
U03205,1,1,10.64,low
U03206,1,0,0.0,low
U03207,0,0,26.32,high
U03208,1,1,0.0,low
U03209,0,0,0.0,low
U03210,1,1,0.0,low
U03211,0,0,0.0,medium
U03212,0,0,0.0,medium
U03213,1,1,0.0,high
U03214,1,1,0.0,medium
U03215,0,0,0.0,low
U03216,1,1,21.44,low
U03217,0,0,0.0,high
U03218,0,0,0.0,low
U03219,0,0,0.0,medium
U03220,1,1,39.86,low
U03221,0,0,0.0,medium
U03222,1,1,0.0,low
U03223,1,1,0.0,low
U03224,1,1,0.0,low
U03225,0,0,0.0,medium
U03226,1,0,20.64,low
U03227,1,1,13.11,low
U03228,0,0,0.0,medium
U03229,1,1,0.0,low
U03230,1,1,0.0,low
U03231,1,1,37.88,low
U03232,0,0,17.48,low
U03233,0,0,0.0,low
U03234,1,1,22.7,low
U03235,1,1,0.0,low
U03236,0,1,10.55,medium
U03237,0,1,0.0,medium
U03238,1,1,0.0,low
U03239,0,0,45.43,medium
U03240,1,1,0.0,low
U03241,0,0,0.0,medium
U03242,1,1,0.0,low
U03243,0,0,29.47,medium
U03244,1,1,0.0,low
U03245,1,1,63.3,medium
U03246,1,1,29.18,low
U03247,0,0,42.12,medium
U03248,0,0,23.77,low
U03249,0,1,0.0,medium
U03250,1,1,0.0,low
U03251,1,1,2.59,low
U03252,0,0,0.0,high
U03253,1,1,0.0,low
U03254,0,0,0.0,medium
U03255,0,0,0.0,medium
U03256,1,0,40.59,low
U03257,1,1,0.0,low
U03258,1,1,0.0,medium
U03259,0,1,0.0,low
U03260,0,1,28.56,low
U03261,1,1,6.55,low
U03262,1,1,0.0,low
U03263,0,0,0.0,medium
U03264,1,1,0.0,medium
U03265,1,0,23.53,low
U03266,1,0,42.33,low
U03267,1,1,64.68,low
U03268,1,0,0.0,low
U03269,1,0,46.42,high
U03270,1,1,9.13,low
U03271,1,0,29.65,low
U03272,1,1,81.22,low
U03273,0,0,0.0,low
U03274,1,1,38.18,low
U03275,0,0,43.14,medium
U03276,1,1,48.12,low
U03277,1,1,0.0,low
U03278,1,1,0.0,low
U03279,1,1,17.15,low
U03280,0,1,22.67,low
U03281,1,1,0.0,low
U03282,0,0,0.0,medium
U03283,1,1,18.31,low
U03284,0,1,144.65,medium
U03285,0,0,0.0,high
U03286,1,1,0.0,low
U03287,1,0,11.1,medium
U03288,0,0,0.0,medium
U03289,1,1,36.41,medium
U03290,0,0,0.0,medium
U03291,0,0,0.0,medium
U03292,1,0,48.5,low
U03293,1,0,0.0,low
U03294,0,1,0.0,low
U03295,1,1,42.28,low
U03296,1,1,15.4,low
U03297,1,1,67.2,low
U03298,1,1,41.28,low
U03299,0,0,45.61,medium
U03300,0,0,0.0,medium
U03301,1,1,0.0,low
U03302,0,1,69.8,medium
U03303,0,0,0.0,low
U03304,1,1,5.72,low
U03305,0,0,0.0,medium
U03306,0,1,0.0,low
U03307,1,1,31.49,low
U03308,0,0,0.0,medium
U03309,1,1,48.86,low
U03310,1,1,18.98,low
U03311,0,1,21.09,low
U03312,1,0,55.75,low
U03313,1,1,5.01,low
U03314,0,1,18.46,low
U03315,1,1,0.0,low
U03316,0,0,0.0,medium
U03317,1,1,0.0,low
U03318,0,0,7.55,low
U03319,1,0,0.0,medium
U03320,1,0,0.0,low
U03321,1,1,0.0,medium
U03322,0,1,0.0,high
U03323,1,1,26.92,low
U03324,1,0,50.06,low
U03325,1,1,0.0,low
U03326,1,1,0.0,low
U03327,0,0,0.0,medium
U03328,1,1,20.16,low
U03329,0,0,23.24,low
U03330,1,1,0.0,low
U03331,1,1,14.43,low
U03332,1,0,0.0,low
U03333,1,1,0.0,low
U03334,0,1,0.0,medium
U03335,1,1,35.76,low
U03336,1,1,16.72,low
U03337,1,0,0.0,low
U03338,1,1,0.0,medium
U03339,1,1,0.0,low
U03340,1,0,25.9,low
U03341,1,1,21.26,low
U03342,1,1,12.86,medium
U03343,1,0,0.0,low
U03344,1,1,0.0,low
U03345,1,1,0.0,low
U03346,1,1,0.0,medium
U03347,1,1,0.0,low
U03348,1,1,79.42,low
U03349,0,0,0.0,high
U03350,0,1,0.0,low
U03351,1,0,8.97,medium
U03352,1,1,0.0,low
U03353,1,1,7.04,low
U03354,1,0,8.87,medium
U03355,1,1,0.0,high
U03356,1,1,28.09,low
U03357,1,1,15.0,low
U03358,1,1,0.0,medium
U03359,1,0,0.0,medium
U03360,1,1,0.0,low
U03361,1,1,0.0,low
U03362,1,1,36.79,low
U03363,1,0,15.84,low
U03364,0,0,0.0,low
U03365,1,0,0.0,low
U03366,0,0,29.04,low
U03367,0,0,37.89,medium
U03368,1,1,26.25,low
U03369,1,1,9.34,low
U03370,1,1,0.0,low
U03371,1,1,37.83,low
U03372,1,1,0.0,low
U03373,0,1,0.0,low
U03374,1,1,9.88,low
U03375,1,1,0.0,low
U03376,1,1,0.0,low
U03377,0,1,81.43,medium
U03378,1,1,0.0,low
U03379,1,1,11.95,low
U03380,1,1,21.72,low
U03381,1,1,0.0,low
U03382,1,0,33.06,low
U03383,1,1,45.03,low
U03384,1,0,15.01,low
U03385,0,0,27.81,low
U03386,0,0,15.58,low
U03387,0,0,0.0,low
U03388,1,1,62.14,low
U03389,0,0,36.73,medium
U03390,1,1,7.96,low
U03391,0,0,35.57,low
U03392,1,1,0.0,medium
U03393,0,0,7.72,low
U03394,1,1,0.0,low
U03395,1,0,17.28,low
U03396,1,1,54.66,low
U03397,1,1,68.22,low
U03398,1,1,27.8,low
U03399,1,0,0.0,medium
U03400,0,0,34.09,medium
U03401,1,1,26.58,low
U03402,1,1,0.0,low
U03403,1,1,52.48,low
U03404,1,1,30.12,low
U03405,1,1,0.0,low
U03406,1,1,9.53,low
U03407,0,1,0.0,high
U03408,1,1,0.0,low
U03409,1,1,29.12,low
U03410,0,1,44.26,medium
U03411,1,1,6.53,low
U03412,0,1,41.63,low
U03413,1,1,0.0,low
U03414,1,1,20.15,low
U03415,1,0,0.0,medium
U03416,1,1,81.84,low
U03417,0,1,16.98,low
U03418,1,1,0.0,low
U03419,1,1,27.35,low
U03420,1,1,0.0,low
U03421,1,1,0.0,low
U03422,0,0,0.0,medium
U03423,0,0,18.2,medium
U03424,0,1,16.02,medium
U03425,0,0,65.91,medium
U03426,1,1,0.0,low
U03427,1,0,0.0,low
U03428,0,1,0.0,low
U03429,0,0,0.0,medium
U03430,1,1,0.0,low
U03431,0,0,0.0,medium
U03432,1,1,0.0,low
U03433,0,1,0.0,low
U03434,1,1,41.77,low
U03435,1,1,0.0,low
U03436,0,0,0.0,medium
U03437,0,0,0.0,low
U03438,1,1,13.45,low
U03439,0,1,66.99,low
U03440,0,1,0.0,low
U03441,0,0,34.6,medium
U03442,1,1,39.73,low
U03443,0,1,0.0,low
U03444,1,0,0.0,low
U03445,1,1,3.53,low
U03446,1,1,0.0,medium
U03447,0,1,0.0,low
U03448,1,0,46.83,low
U03449,0,0,0.0,low
U03450,1,1,0.0,low
U03451,0,0,0.0,medium
U03452,1,1,17.89,low
U03453,0,0,16.39,medium
U03454,1,1,0.0,low
U03455,0,0,0.0,low
U03456,1,1,15.62,low
U03457,1,1,63.44,low
U03458,1,1,46.92,low
U03459,1,1,0.0,low
U03460,0,0,0.0,medium
U03461,1,1,5.1,low
U03462,1,1,17.47,medium
U03463,1,1,18.29,low
U03464,0,0,34.97,medium
U03465,1,1,0.0,medium
U03466,1,1,5.98,low
U03467,1,0,0.0,low
U03468,1,1,5.32,low
U03469,1,1,0.0,low
U03470,0,0,16.95,low
U03471,1,1,0.0,low
U03472,1,1,0.0,low
U03473,1,1,31.2,low
U03474,1,1,0.0,low
U03475,1,1,0.0,low
U03476,1,0,46.91,low
U03477,1,0,32.87,medium
U03478,0,0,35.59,high
U03479,1,1,14.63,low
U03480,0,1,0.0,low
U03481,0,1,43.84,low
U03482,1,0,0.0,low
U03483,1,1,18.26,low
U03484,1,1,0.0,low
U03485,1,1,10.02,medium
U03486,0,0,0.0,low
U03487,1,1,0.0,low
U03488,0,0,22.48,medium
U03489,1,0,0.0,low
U03490,0,0,0.0,medium
U03491,1,1,13.04,low
U03492,1,1,0.0,low
U03493,1,0,44.69,medium
U03494,1,1,43.21,low
U03495,0,1,48.0,low
U03496,1,0,0.0,medium
U03497,0,0,0.0,medium
U03498,1,0,0.0,medium
U03499,1,0,0.0,low
U03500,1,1,12.84,low
U03501,1,0,60.24,low
U03502,1,1,20.88,low
U03503,0,1,61.64,low
U03504,1,1,24.16,low
U03505,0,0,0.0,low
U03506,1,1,0.0,medium
U03507,1,1,56.59,low
U03508,0,1,13.65,low
U03509,0,1,0.0,medium
U03510,1,1,65.76,medium
U03511,0,1,21.24,low
U03512,0,0,0.0,low
U03513,0,1,0.0,low
U03514,1,1,65.85,low
U03515,0,0,0.0,high
U03516,0,1,5.54,low
U03517,0,0,0.0,high
U03518,1,0,0.0,low
U03519,0,1,68.91,low
U03520,0,0,0.0,medium
U03521,1,1,0.0,low
U03522,1,0,8.87,medium
U03523,0,0,45.21,low
U03524,1,0,53.76,low
U03525,0,1,29.55,medium
U03526,1,1,0.0,low
U03527,1,0,8.75,low
U03528,0,0,0.0,low
U03529,1,1,18.72,low
U03530,0,1,0.0,low
U03531,1,0,5.35,high
U03532,1,1,0.0,low
U03533,0,0,0.0,low
U03534,1,1,25.02,low
U03535,0,1,12.7,low
U03536,0,0,46.84,medium
U03537,0,1,45.64,low
U03538,1,1,0.0,low
U03539,1,0,8.53,medium
U03540,1,1,3.83,low
U03541,0,1,0.0,low
U03542,1,1,20.81,low
U03543,1,0,76.86,low
U03544,0,0,8.65,low
U03545,0,0,0.0,low
U03546,1,1,10.35,low
U03547,1,1,5.46,low
U03548,1,0,51.58,high
U03549,1,1,10.22,low
U03550,1,1,0.0,low
U03551,1,1,10.04,low
U03552,0,0,0.0,medium
U03553,1,1,29.9,low
U03554,0,0,0.0,high
U03555,1,0,0.0,high
U03556,1,1,0.0,low
U03557,1,1,0.0,low
U03558,1,1,0.0,low
U03559,1,1,34.81,low
U03560,0,1,0.0,low
U03561,0,0,0.0,high
U03562,0,1,0.0,low
U03563,0,0,0.0,medium
U03564,0,0,0.0,medium
U03565,1,1,7.31,low
U03566,0,0,0.0,medium
U03567,0,0,0.0,medium
U03568,1,0,7.48,low
U03569,1,1,0.0,low
U03570,1,0,38.16,medium
U03571,1,0,48.14,medium
U03572,1,1,8.67,low
U03573,0,0,56.95,high
U03574,1,1,21.77,medium
U03575,1,0,51.14,low
U03576,0,0,0.0,medium
U03577,0,1,0.0,medium
U03578,0,0,0.0,medium
U03579,1,1,46.99,low
U03580,0,0,0.0,low
U03581,1,1,14.94,low
U03582,1,1,27.6,low
U03583,1,1,0.0,low
U03584,0,1,15.53,low
U03585,0,1,11.23,low
U03586,0,0,0.0,high
U03587,0,0,0.0,medium
U03588,0,0,0.0,medium
U03589,0,0,17.55,medium
U03590,1,1,22.32,low
U03591,1,1,0.0,low
U03592,0,1,40.51,medium
U03593,1,1,45.75,low
U03594,1,0,0.0,low
U03595,1,0,35.53,low
U03596,1,1,0.0,low
U03597,1,1,0.0,low
U03598,0,0,45.88,low
U03599,1,0,35.33,low
U03600,0,1,18.4,low
U03601,1,1,6.89,low
U03602,0,0,0.0,high
U03603,0,0,0.0,medium
U03604,1,0,0.0,medium
U03605,0,0,0.0,medium
U03606,1,1,15.66,low
U03607,1,0,0.0,low
U03608,0,0,0.0,medium
U03609,1,1,0.0,low
U03610,1,1,0.0,low
U03611,1,0,0.0,medium
U03612,1,1,0.0,low
U03613,1,1,32.7,medium
U03614,1,1,0.0,low
U03615,1,1,0.0,low
U03616,1,1,88.36,low
U03617,1,1,0.0,low
U03618,1,1,0.0,medium
U03619,1,0,0.0,low
U03620,0,1,0.0,medium
U03621,1,1,47.48,low
U03622,0,1,5.64,low
U03623,1,1,0.0,low
U03624,0,1,5.82,low
U03625,0,0,0.0,medium
U03626,0,0,0.0,high
U03627,1,1,48.29,low
U03628,1,1,0.0,low
U03629,1,1,0.0,medium
U03630,0,0,20.89,low
U03631,1,0,0.0,low
U03632,0,1,0.0,medium
U03633,1,1,29.39,low
U03634,1,1,0.0,low
U03635,1,1,0.0,medium
U03636,1,1,0.0,low
U03637,1,1,0.0,low
U03638,1,0,0.0,low
U03639,1,1,38.04,low
U03640,1,1,71.95,low
U03641,0,0,0.0,low
U03642,1,0,0.0,medium
U03643,0,0,32.22,high
U03644,1,0,0.0,medium
U03645,0,0,11.55,low
U03646,1,1,0.0,low
U03647,1,1,0.0,low
U03648,1,1,38.77,low
U03649,1,1,36.31,low
U03650,1,1,66.8,low
U03651,1,0,17.34,low
U03652,0,1,0.0,medium
U03653,1,1,0.0,low
U03654,0,0,0.0,medium
U03655,1,1,28.37,low
U03656,1,1,7.01,low
U03657,1,1,0.0,low
U03658,0,0,36.19,medium
U03659,0,0,0.0,medium
U03660,1,1,0.0,high
U03661,1,1,55.34,low
U03662,1,1,0.0,low
U03663,1,1,0.0,medium
U03664,1,1,24.12,low
U03665,1,0,12.95,medium
U03666,1,1,49.18,low
U03667,1,1,0.0,low
U03668,0,0,0.0,high
U03669,1,1,0.0,low
U03670,1,1,0.0,low
U03671,1,0,0.0,low
U03672,1,1,18.14,low
U03673,0,0,17.34,low
U03674,1,1,69.64,low
U03675,1,1,0.0,low
U03676,0,0,0.0,medium
U03677,1,1,0.0,low
U03678,1,1,56.64,low
U03679,1,1,0.0,low
U03680,0,0,0.0,high
U03681,0,0,25.3,low
U03682,1,0,0.0,high
U03683,1,0,0.0,medium
U03684,1,1,29.26,low
U03685,1,1,9.0,medium
U03686,0,0,58.93,low
U03687,1,1,15.91,low
U03688,1,1,0.0,low
U03689,0,0,21.27,high
U03690,1,1,12.34,low
U03691,1,1,0.0,low
U03692,1,1,20.59,medium
U03693,1,1,44.03,low
U03694,0,1,50.29,medium
U03695,1,0,4.22,low
U03696,1,1,0.0,low
U03697,1,0,29.13,medium
U03698,1,1,0.0,low
U03699,1,0,27.21,low
U03700,0,1,0.0,low
U03701,1,0,0.0,low
U03702,1,1,0.0,low
U03703,1,1,29.74,low
U03704,1,0,0.0,low
U03705,1,1,46.98,low
U03706,0,1,0.0,low
U03707,0,0,0.0,high
U03708,1,1,16.88,low
U03709,1,1,0.0,low
U03710,0,0,0.0,medium
U03711,1,1,0.0,low
U03712,1,1,0.0,low
U03713,1,1,49.18,low
U03714,0,0,0.0,low
U03715,1,1,45.47,medium
U03716,1,0,0.0,low
U03717,1,1,41.6,low
U03718,1,0,18.51,medium
U03719,0,0,8.94,medium
U03720,1,1,10.49,low
U03721,1,1,0.0,low
U03722,1,0,2.66,low
U03723,0,0,0.0,medium
U03724,0,1,45.63,medium
U03725,1,1,23.01,low
U03726,0,0,0.0,medium
U03727,1,1,4.17,medium
U03728,1,1,33.26,low
U03729,0,1,30.18,medium
U03730,1,1,36.76,low
U03731,1,1,0.0,low
U03732,1,0,0.0,medium
U03733,1,1,35.05,low
U03734,0,0,38.46,high
U03735,0,0,0.0,low
U03736,1,1,0.0,low
U03737,1,1,0.0,low
U03738,1,0,34.64,low
U03739,1,0,0.0,low
U03740,1,0,16.63,low
U03741,1,0,52.98,low
U03742,0,0,50.88,medium
U03743,1,1,26.89,low
U03744,1,0,51.72,medium
U03745,1,1,0.0,low
U03746,1,1,41.91,low
U03747,0,0,0.0,high
U03748,1,1,21.28,low
U03749,1,0,52.64,low
U03750,0,0,0.0,medium
U03751,0,0,30.76,medium
U03752,1,1,0.0,low
U03753,0,0,0.0,high
U03754,0,0,0.0,low
U03755,1,1,0.0,low
U03756,1,0,0.0,low
U03757,0,0,14.49,medium
U03758,0,1,12.7,low
U03759,0,0,0.0,low
U03760,1,0,0.0,medium
U03761,1,1,0.0,low
U03762,1,1,16.63,low
U03763,0,0,0.0,low
U03764,1,1,35.21,low
U03765,0,0,0.0,low
U03766,0,0,32.02,low
U03767,0,0,0.0,medium
U03768,1,1,0.0,low
U03769,1,1,38.33,low
U03770,1,1,0.0,low
U03771,1,1,0.0,low
U03772,1,1,0.0,low
U03773,1,1,0.0,low
U03774,0,1,36.6,low
U03775,1,1,0.0,low
U03776,1,1,35.29,low
U03777,1,1,0.0,low
U03778,1,1,0.0,low
U03779,1,1,37.78,low
U03780,0,1,47.54,low
U03781,1,1,56.79,low
U03782,0,1,28.24,high
U03783,1,0,0.0,low
U03784,1,1,4.95,low
U03785,1,1,21.36,low
U03786,0,0,0.0,medium
U03787,1,1,0.0,medium
U03788,0,0,0.0,medium
U03789,1,0,3.46,low
U03790,1,1,0.0,low
U03791,0,0,0.0,medium
U03792,1,1,0.0,low
U03793,1,1,35.58,medium
U03794,1,1,22.1,low
U03795,0,1,0.0,low
U03796,1,1,0.0,low
U03797,1,1,57.78,low
U03798,0,0,0.0,medium
U03799,1,1,0.0,low
U03800,0,0,0.0,high
U03801,1,1,0.0,low
U03802,0,0,0.0,medium
U03803,1,1,26.6,low
U03804,0,1,28.34,low
U03805,1,1,53.66,low
U03806,0,1,0.0,low
U03807,1,1,30.54,low
U03808,1,1,0.0,low
U03809,1,0,0.0,low
U03810,0,0,20.52,medium
U03811,0,1,0.0,medium
U03812,1,1,0.0,low
U03813,1,0,0.0,medium
U03814,0,1,0.0,low
U03815,0,1,38.97,low
U03816,0,0,0.0,high
U03817,0,0,0.0,low
U03818,1,0,0.0,medium
U03819,0,0,11.41,high
U03820,1,1,0.0,low
U03821,1,1,45.65,low
U03822,1,0,0.0,medium
U03823,0,1,0.0,low
U03824,1,0,0.0,medium
U03825,1,1,55.82,low
U03826,1,1,0.0,low
U03827,1,0,0.0,low
U03828,1,0,15.3,medium
U03829,1,1,0.0,medium
U03830,1,0,48.49,low
U03831,1,1,11.0,medium
U03832,1,0,24.43,high
U03833,0,0,0.0,medium
U03834,0,1,0.0,low
U03835,1,0,0.0,low
U03836,1,1,17.52,low
U03837,1,1,32.37,low
U03838,1,1,0.0,low
U03839,0,0,9.35,low
U03840,1,1,0.0,low
U03841,0,0,0.0,medium
U03842,1,1,33.44,low
U03843,0,1,0.0,low
U03844,0,1,0.0,low
U03845,1,1,54.64,low
U03846,1,1,32.62,low
U03847,0,0,9.52,medium
U03848,1,0,27.96,medium
U03849,0,0,0.0,high
U03850,0,0,13.87,low
U03851,1,1,4.16,low
U03852,0,0,0.0,high
U03853,1,0,0.0,low
U03854,1,0,23.96,low
U03855,1,0,0.0,high
U03856,1,0,73.58,low
U03857,1,1,0.0,low
U03858,1,1,0.0,low
U03859,1,0,0.0,medium
U03860,1,1,48.85,low
U03861,1,1,49.0,low
U03862,1,1,58.31,low
U03863,0,0,51.5,high
U03864,0,0,0.0,medium
U03865,0,1,0.0,low
U03866,1,1,0.0,low
U03867,1,0,0.0,low
U03868,1,1,0.0,low
U03869,1,1,13.83,low
U03870,0,1,43.0,medium
U03871,1,0,0.0,low
U03872,1,1,0.0,low
U03873,1,1,10.08,low
U03874,0,0,24.41,low
U03875,1,1,0.0,low
U03876,0,0,0.0,high
U03877,1,1,0.0,low
U03878,1,1,34.55,low
U03879,1,1,0.0,low
U03880,0,0,79.93,medium
U03881,0,0,0.0,medium
U03882,1,1,0.0,low
U03883,1,1,41.39,low
U03884,1,1,15.04,low
U03885,0,0,47.74,low
U03886,0,0,29.74,medium
U03887,1,1,0.0,low
U03888,1,1,24.4,low
U03889,1,1,20.45,low
U03890,0,1,67.06,low
U03891,1,1,0.0,low
U03892,1,1,40.97,low
U03893,1,1,35.7,medium
U03894,1,1,49.08,medium
U03895,1,1,30.02,low
U03896,1,1,34.12,low
U03897,0,1,0.0,high
U03898,0,1,27.5,medium
U03899,0,0,0.0,low
U03900,1,1,36.97,low
U03901,1,1,64.15,low
U03902,1,0,55.27,low
U03903,1,1,0.0,low
U03904,0,0,19.06,high
U03905,1,1,0.0,low
U03906,1,1,13.55,low
U03907,1,1,13.1,low
U03908,1,1,0.0,low
U03909,1,1,0.0,low
U03910,1,1,36.61,low
U03911,1,1,37.13,low
U03912,1,1,0.0,low
U03913,1,1,19.06,low
U03914,1,1,17.8,low
U03915,0,0,0.0,low
U03916,0,1,27.6,low
U03917,1,1,0.0,medium
U03918,0,0,12.88,medium
U03919,1,0,0.0,low
U03920,1,1,35.39,low
U03921,0,1,0.0,low
U03922,0,1,0.0,low
U03923,0,1,0.0,low
U03924,1,0,14.83,low
U03925,1,1,0.0,low
U03926,1,0,0.0,low
U03927,1,1,0.0,low
U03928,1,0,0.0,medium
U03929,1,1,0.0,low
U03930,1,1,10.82,low
U03931,1,1,5.16,low
U03932,0,0,52.33,low
U03933,0,0,0.0,medium
U03934,1,0,7.89,medium
U03935,1,1,29.62,medium
U03936,0,1,0.0,low
U03937,1,1,41.7,low
U03938,1,1,0.0,low
U03939,1,0,37.11,medium
U03940,0,1,0.0,medium
U03941,1,0,49.9,high
U03942,1,1,48.8,medium
U03943,1,1,16.29,low
U03944,1,1,19.23,low
U03945,1,1,0.0,low
U03946,1,1,0.0,low
U03947,0,1,0.0,low
U03948,1,1,0.0,low
U03949,1,1,0.0,low
U03950,1,1,30.01,low
U03951,1,0,4.85,low
U03952,1,1,37.94,low
U03953,1,1,0.0,low
U03954,1,1,0.0,low
U03955,0,1,0.0,medium
U03956,1,1,0.0,low
U03957,1,1,0.0,low
U03958,0,0,0.0,medium
U03959,1,1,0.0,low
U03960,1,1,28.89,low
U03961,1,1,0.0,low
U03962,1,1,0.0,low
U03963,0,0,4.6,medium
U03964,0,0,45.58,low
U03965,1,0,34.4,low
U03966,0,1,16.97,medium
U03967,0,0,0.0,low
U03968,0,0,0.0,medium
U03969,1,0,0.0,low
U03970,1,0,0.0,low
U03971,1,0,0.0,medium
U03972,1,1,44.21,medium
U03973,0,0,0.0,low
U03974,0,0,0.0,medium
U03975,1,1,21.49,low
U03976,1,1,15.12,low
U03977,0,0,0.0,low
U03978,1,1,19.22,medium
U03979,1,1,28.21,low
U03980,1,1,0.0,high
U03981,0,0,0.0,low
U03982,0,1,0.0,low
U03983,1,1,0.0,low
U03984,1,1,29.06,low
U03985,0,0,42.33,high
U03986,0,0,0.0,high
U03987,0,0,0.0,medium
U03988,0,0,21.72,medium
U03989,1,1,0.0,low
U03990,1,0,0.0,medium
U03991,0,0,4.67,high
U03992,1,1,0.0,low
U03993,1,1,0.0,medium
U03994,0,1,45.18,low
U03995,1,1,16.04,low
U03996,1,1,26.36,low
U03997,0,1,0.0,medium
U03998,1,1,27.08,low
U03999,1,1,22.04,low
U04000,1,1,42.38,low
U04001,1,0,0.0,medium
U04002,1,1,55.82,low
U04003,1,1,21.44,low
U04004,1,1,21.82,low
U04005,1,1,8.11,low
U04006,1,1,0.0,low
U04007,1,0,20.66,low
U04008,1,1,0.0,low
U04009,1,1,0.0,low
U04010,1,1,50.45,low
U04011,1,0,77.1,low
U04012,1,0,4.06,medium
U04013,1,0,0.0,low
U04014,1,0,0.0,low
U04015,1,0,49.64,low
U04016,0,0,0.0,high
U04017,1,0,0.0,low
U04018,0,1,20.55,high
U04019,1,0,0.0,low
U04020,1,0,57.26,medium
U04021,1,0,0.0,high
U04022,1,1,0.0,low
U04023,1,1,50.14,low
U04024,0,1,4.22,low
U04025,1,1,0.0,low
U04026,0,0,0.0,medium
U04027,0,0,34.9,medium
U04028,1,0,59.96,medium
U04029,1,1,28.39,low
U04030,1,0,0.0,medium
U04031,0,1,23.6,low
U04032,0,0,12.49,low
U04033,1,1,0.0,low
U04034,1,0,35.39,medium
U04035,0,0,0.0,low
U04036,0,0,0.0,low
U04037,1,1,20.24,low
U04038,1,1,16.61,low
U04039,1,0,0.0,medium
U04040,1,0,0.0,low
U04041,0,0,0.0,low
U04042,0,0,59.83,medium
U04043,0,0,0.0,medium
U04044,0,0,0.0,medium
U04045,1,0,30.56,medium
U04046,1,0,47.93,low
U04047,0,0,0.0,medium
U04048,0,1,19.66,low
U04049,1,0,11.43,low
U04050,1,1,0.0,medium
U04051,1,1,0.0,low
U04052,0,0,50.4,high
U04053,1,1,0.0,low
U04054,1,0,0.0,medium
U04055,1,1,0.0,medium
U04056,0,0,0.0,medium
U04057,0,0,0.0,medium
U04058,1,0,0.0,medium
U04059,1,1,80.28,low
U04060,1,0,0.0,low
U04061,0,1,26.9,low
U04062,1,0,0.0,low
U04063,1,0,0.0,medium
U04064,0,0,0.0,medium
U04065,1,0,0.0,high
U04066,1,1,46.9,low
U04067,0,0,0.0,medium
U04068,1,0,43.26,low
U04069,1,1,40.05,low
U04070,1,1,0.0,low
U04071,1,1,0.0,low
U04072,1,1,18.15,low
U04073,0,0,0.0,medium
U04074,1,1,0.0,low
U04075,1,1,0.0,low
U04076,1,1,30.36,medium
U04077,1,1,0.0,low
U04078,1,1,0.0,low
U04079,1,1,16.28,low
U04080,1,1,0.0,low
U04081,0,0,4.41,low
U04082,1,1,34.7,low
U04083,0,0,0.0,low
U04084,1,1,45.08,low
U04085,1,1,0.0,low
U04086,0,1,0.0,low
U04087,1,1,35.75,low
U04088,0,1,34.28,medium
U04089,1,1,0.0,low
U04090,0,0,0.0,medium
U04091,0,0,0.0,high
U04092,1,0,18.3,low
U04093,1,0,9.03,low
U04094,1,0,51.77,low
U04095,0,0,0.0,medium
U04096,0,0,0.0,low
U04097,1,1,33.74,low
U04098,1,1,21.46,low
U04099,0,1,33.08,medium
U04100,1,1,21.37,low
U04101,1,1,14.92,low
U04102,1,0,52.07,low
U04103,1,1,26.91,low
U04104,1,0,0.0,low
U04105,0,1,0.0,low
U04106,1,1,37.47,low
U04107,0,1,0.0,low
U04108,1,1,0.0,low
U04109,0,0,0.0,medium
U04110,1,0,41.44,medium
U04111,1,1,28.23,low
U04112,1,1,60.67,low
U04113,1,0,0.0,medium
U04114,1,1,27.86,low
U04115,1,1,0.0,low
U04116,0,0,30.39,low
U04117,1,1,13.03,low
U04118,1,1,4.56,low
U04119,0,0,37.67,medium
U04120,0,0,0.0,low
U04121,0,0,0.0,low
U04122,0,1,35.33,low
U04123,0,0,21.53,medium
U04124,0,0,0.0,low
U04125,1,1,0.0,low
U04126,0,0,0.0,low
U04127,1,0,13.66,low
U04128,1,0,32.09,low
U04129,1,0,0.0,low
U04130,0,0,20.5,medium
U04131,1,1,0.0,low
U04132,1,1,0.0,low
U04133,1,1,27.33,low
U04134,1,1,12.41,low
U04135,1,0,0.0,high
U04136,0,0,0.0,high
U04137,0,1,0.0,medium
U04138,1,1,37.93,low
U04139,1,1,0.0,low
U04140,0,0,32.41,low
U04141,1,0,0.0,low
U04142,0,1,0.0,low
U04143,0,0,0.0,medium
U04144,1,1,29.54,low
U04145,1,1,11.3,low
U04146,0,1,0.0,low
U04147,1,1,0.0,low
U04148,1,0,0.0,low
U04149,1,1,17.99,low
U04150,0,0,0.0,medium
U04151,0,1,0.0,low
U04152,1,0,3.02,low
U04153,1,1,13.5,low
U04154,1,1,0.0,low
U04155,1,1,28.5,low
U04156,0,1,0.0,low
U04157,0,0,20.52,medium
U04158,1,0,59.31,low
U04159,1,1,10.25,low
U04160,0,1,23.17,low
U04161,1,0,0.0,low
U04162,0,0,57.61,high
U04163,1,1,0.0,low
U04164,1,0,0.0,low
U04165,0,1,41.36,low
U04166,0,1,0.0,medium
U04167,0,0,0.0,medium
U04168,1,0,0.0,low
U04169,0,0,40.56,medium
U04170,0,0,0.0,high
U04171,0,0,19.12,medium
U04172,1,0,0.0,low
U04173,1,0,12.18,medium
U04174,1,1,32.58,low
U04175,0,1,0.0,high
U04176,0,0,0.0,medium
U04177,0,0,0.0,medium
U04178,1,1,0.0,low
U04179,0,0,0.0,high
U04180,0,1,0.0,low
U04181,1,1,32.48,low
U04182,0,0,26.84,medium
U04183,1,1,24.94,low
U04184,0,0,2.53,medium
U04185,0,0,6.65,medium
U04186,1,0,37.19,medium
U04187,1,1,0.0,low
U04188,1,1,38.01,low
U04189,1,1,0.0,low
U04190,0,0,49.53,medium
U04191,1,1,0.0,low
U04192,0,0,0.0,high
U04193,0,0,0.0,high
U04194,1,1,70.98,low
U04195,1,1,33.7,low
U04196,1,1,41.39,medium
U04197,1,0,0.0,medium
U04198,1,0,0.0,low
U04199,1,1,0.0,medium
U04200,1,1,0.0,low
U04201,1,0,0.0,low
U04202,0,1,0.0,low
U04203,0,0,15.19,medium
U04204,0,0,0.0,low
U04205,1,1,0.0,low
U04206,1,1,12.71,low
U04207,1,1,30.94,low
U04208,0,1,0.0,medium
U04209,1,1,0.0,low
U04210,1,1,0.0,medium
U04211,0,1,4.12,low
U04212,0,0,22.76,low
U04213,1,0,0.0,low
U04214,0,0,0.0,medium
U04215,1,1,50.03,low
U04216,0,0,0.0,medium
U04217,0,0,0.0,medium
U04218,1,0,19.16,low
U04219,1,0,99.02,low
U04220,0,0,0.0,medium
U04221,1,0,0.0,medium
U04222,0,1,0.0,low
U04223,1,0,0.0,low
U04224,0,0,0.0,low
U04225,0,0,0.0,medium
U04226,0,0,33.33,medium
U04227,0,1,0.0,medium
U04228,0,0,0.0,medium
U04229,0,1,0.0,low
U04230,1,1,0.0,low
U04231,1,1,0.0,low
U04232,1,1,0.0,medium
U04233,1,1,0.0,low
U04234,0,1,0.0,low
U04235,1,1,0.0,low
U04236,1,0,0.0,low
U04237,1,1,47.76,low
U04238,1,1,0.0,low
U04239,1,1,0.0,low
U04240,0,1,0.0,low
U04241,1,0,0.0,medium
U04242,1,1,68.09,low
U04243,1,1,0.0,low
U04244,1,1,0.0,medium
U04245,0,0,0.0,medium
U04246,0,0,0.0,low
U04247,1,1,0.0,low
U04248,1,1,0.0,medium
U04249,0,1,0.0,low
U04250,1,1,0.0,low
U04251,1,1,0.0,medium
U04252,1,1,37.2,low
U04253,1,1,0.0,low
U04254,1,1,22.83,low
U04255,1,1,0.0,low
U04256,1,0,0.0,low
U04257,1,1,0.0,low
U04258,1,0,0.0,low
U04259,1,1,37.1,low
U04260,1,1,0.0,low
U04261,0,1,0.0,medium
U04262,1,1,26.65,low
U04263,0,0,0.0,low
U04264,0,1,0.0,medium
U04265,0,0,39.09,medium
U04266,1,0,18.61,medium
U04267,0,0,13.28,medium
U04268,1,1,0.0,low
U04269,1,1,0.0,low
U04270,0,0,70.79,low
U04271,0,0,0.0,medium
U04272,0,0,0.0,high
U04273,0,1,0.0,low
U04274,1,0,29.27,low
U04275,1,1,0.0,medium
U04276,0,1,26.03,low
U04277,0,1,0.0,low
U04278,0,0,35.46,medium
U04279,0,0,0.0,medium
U04280,0,0,0.0,low
U04281,0,0,0.0,low
U04282,1,1,19.16,low
U04283,1,1,0.0,low
U04284,1,1,14.01,low
U04285,0,0,24.32,medium
U04286,0,1,66.78,medium
U04287,0,0,0.0,medium
U04288,1,1,10.44,low
U04289,1,1,0.0,low
U04290,1,1,0.0,low
U04291,1,1,0.0,low
U04292,0,0,20.72,low
U04293,0,0,0.0,medium
U04294,1,1,0.0,low
U04295,1,0,26.82,low
U04296,0,0,4.65,high
U04297,0,0,10.79,high
U04298,0,1,24.8,medium
U04299,1,0,5.36,medium
U04300,0,1,0.0,low
U04301,1,1,10.9,medium
U04302,1,0,0.0,low
U04303,1,1,14.07,low
U04304,1,1,6.26,medium
U04305,1,1,28.32,low
U04306,0,0,59.7,medium
U04307,1,1,0.0,low
U04308,1,1,25.62,low
U04309,1,0,0.0,low
U04310,1,1,39.09,low
U04311,1,1,0.0,low
U04312,1,1,30.47,low
U04313,0,0,0.0,low
U04314,1,0,47.58,low
U04315,1,0,5.06,low
U04316,1,1,88.25,low
U04317,0,1,0.0,low
U04318,1,1,19.51,low
U04319,0,0,0.0,medium
U04320,0,1,48.82,low
U04321,0,0,0.0,medium
U04322,1,1,58.24,low
U04323,0,1,0.0,low
U04324,1,1,22.43,low
U04325,1,1,0.0,low
U04326,0,0,0.0,low
U04327,1,0,0.0,medium
U04328,0,1,43.13,low
U04329,0,0,31.22,low
U04330,0,1,5.36,low
U04331,1,0,0.0,low
U04332,0,1,19.51,low
U04333,1,1,30.13,medium
U04334,1,0,0.0,high
U04335,0,1,16.93,medium
U04336,1,0,0.0,low
U04337,1,0,0.0,medium
U04338,1,0,0.0,low
U04339,0,0,0.0,low
U04340,1,0,0.0,medium
U04341,0,0,32.99,medium
U04342,1,1,0.0,medium
U04343,1,1,10.79,low
U04344,1,1,18.86,low
U04345,1,1,0.0,low
U04346,1,1,12.13,low
U04347,1,0,0.0,high
U04348,1,1,16.68,low
U04349,0,0,25.46,low
U04350,0,0,0.0,medium
U04351,1,1,0.0,low
U04352,0,1,41.16,low
U04353,1,1,56.62,low
U04354,1,1,21.21,low
U04355,1,0,0.0,medium
U04356,0,0,0.0,high
U04357,1,1,0.0,low
U04358,0,0,0.0,low
U04359,0,1,53.72,low
U04360,1,0,24.34,low
U04361,0,0,0.0,low
U04362,0,1,45.95,low
U04363,0,1,0.0,low
U04364,0,1,0.0,low
U04365,0,0,10.88,medium
U04366,0,0,34.37,high
U04367,0,1,44.76,low
U04368,1,1,0.0,low
U04369,1,0,14.98,medium
U04370,1,1,21.81,low
U04371,1,1,0.0,low
U04372,1,1,0.0,low
U04373,1,1,0.0,low
U04374,1,1,0.0,low
U04375,1,0,45.77,medium
U04376,1,1,0.0,low
U04377,0,0,25.48,medium
U04378,0,0,16.49,low
U04379,1,0,45.12,high
U04380,1,1,0.0,low
U04381,1,1,0.0,low
U04382,1,0,57.09,low
U04383,1,1,82.34,low
U04384,1,1,3.88,low
U04385,1,0,0.0,low
U04386,1,1,51.17,low
U04387,1,1,0.0,medium
U04388,1,0,9.32,low
U04389,1,1,31.45,low
U04390,0,0,0.0,high
U04391,0,0,4.39,medium
U04392,1,1,52.31,low
U04393,1,1,0.0,low
U04394,1,0,13.01,low
U04395,1,1,5.9,low
U04396,1,1,16.33,low
U04397,1,1,26.14,low
U04398,0,1,0.0,medium
U04399,0,1,0.0,low
U04400,1,1,4.61,low
U04401,1,1,0.0,low
U04402,1,1,0.0,low
U04403,0,0,0.0,medium
U04404,1,0,0.0,medium
U04405,1,1,0.0,low
U04406,1,0,34.79,low
U04407,1,0,86.6,low
U04408,1,1,0.0,low
U04409,0,0,40.95,high
U04410,1,1,25.33,low
U04411,0,0,9.21,high
U04412,0,0,16.63,low
U04413,0,0,34.19,high
U04414,0,0,0.0,low
U04415,0,0,0.0,high
U04416,0,0,0.0,high
U04417,0,1,45.7,low
U04418,1,1,0.0,medium
U04419,1,1,9.86,low
U04420,1,1,61.69,low
U04421,0,0,38.71,medium
U04422,1,1,0.0,low
U04423,1,1,9.37,low
U04424,1,1,0.0,low
U04425,0,0,0.0,low
U04426,0,0,0.0,low
U04427,1,1,16.85,low
U04428,0,0,10.62,medium
U04429,1,1,14.94,low
U04430,1,0,47.49,low
U04431,1,1,0.0,medium
U04432,0,0,22.92,low
U04433,0,0,6.37,low
U04434,1,1,0.0,medium
U04435,0,0,0.0,medium
U04436,1,0,46.5,low
U04437,1,1,0.0,low
U04438,0,0,43.12,medium
U04439,0,1,40.62,low
U04440,0,0,35.74,low
U04441,1,0,13.67,low
U04442,1,0,0.0,high
U04443,1,1,0.0,low
U04444,0,0,0.0,low
U04445,1,1,39.13,low
U04446,0,1,0.0,low
U04447,0,1,0.0,low
U04448,0,0,0.0,medium
U04449,1,1,0.0,low
U04450,1,0,23.09,low
U04451,0,0,6.35,low
U04452,0,1,0.0,low
U04453,1,1,49.22,low
U04454,1,0,16.67,low
U04455,0,0,14.56,high
U04456,1,1,37.89,low
U04457,0,1,68.48,low
U04458,0,1,0.0,low
U04459,1,1,22.31,low
U04460,1,1,37.76,low
U04461,1,1,25.96,low
U04462,0,0,12.15,medium
U04463,1,0,0.0,low
U04464,0,0,0.0,high
U04465,1,1,36.96,low
U04466,0,0,0.0,medium
U04467,1,1,41.03,low
U04468,0,0,51.25,medium
U04469,1,1,0.0,low
U04470,1,0,0.0,low
U04471,1,1,0.0,low
U04472,1,1,44.35,low
U04473,1,1,33.37,low
U04474,1,0,41.67,low
U04475,1,1,0.0,low
U04476,1,0,40.54,low
U04477,1,1,0.0,low
U04478,1,1,64.8,low
U04479,1,1,0.0,low
U04480,1,1,0.0,low
U04481,1,1,0.0,low
U04482,0,0,0.0,medium
U04483,0,0,0.0,medium
U04484,0,0,0.0,high
U04485,1,1,0.0,medium
U04486,1,1,0.0,low
U04487,1,1,0.0,medium
U04488,0,1,0.0,low
U04489,1,0,40.28,medium
U04490,0,1,0.0,low
U04491,1,0,0.0,low
U04492,1,1,12.92,low
U04493,1,1,3.63,low
U04494,1,0,0.0,low
U04495,1,0,0.0,low
U04496,1,1,6.13,low
U04497,1,0,0.0,medium
U04498,1,1,16.05,low
U04499,1,0,0.0,low
U04500,1,1,0.0,low
U04501,0,0,0.0,low
U04502,1,1,14.51,low
U04503,0,0,0.0,high
U04504,1,1,0.0,low
U04505,0,0,0.0,medium
U04506,1,1,0.0,low
U04507,0,1,13.31,medium
U04508,1,1,0.0,low
U04509,0,1,0.0,medium
U04510,1,1,32.57,low
U04511,0,1,13.9,low
U04512,0,0,0.0,low
U04513,1,1,0.0,low
U04514,1,1,0.0,medium
U04515,1,1,0.0,low
U04516,0,0,0.0,low
U04517,1,1,0.0,low
U04518,0,0,0.0,low
U04519,1,1,54.57,low
U04520,0,1,39.88,low
U04521,0,1,0.0,medium
U04522,1,1,12.33,medium
U04523,1,1,9.99,low
U04524,1,1,24.65,low
U04525,1,0,0.0,low
U04526,1,1,44.07,low
U04527,0,0,29.88,medium
U04528,0,0,0.0,medium
U04529,0,0,6.98,low
U04530,0,0,0.0,high
U04531,0,0,23.38,medium
U04532,0,0,0.0,medium
U04533,1,0,0.0,low
U04534,1,1,11.8,low
U04535,0,0,0.0,medium
U04536,0,0,0.0,low
U04537,1,1,20.96,low
U04538,1,1,33.13,low
U04539,1,1,31.89,low
U04540,1,1,0.0,low
U04541,0,0,53.93,medium
U04542,0,0,28.21,low
U04543,0,0,0.0,medium
U04544,0,0,71.08,low
U04545,0,0,0.0,low
U04546,1,1,0.0,low
U04547,1,1,0.0,medium
U04548,1,1,6.7,low
U04549,1,1,46.11,medium
U04550,0,1,0.0,low
U04551,0,1,0.0,low
U04552,0,1,61.66,low
U04553,1,0,0.0,low
U04554,1,1,0.0,medium
U04555,1,1,0.0,low
U04556,1,1,32.57,low
U04557,1,1,0.0,low
U04558,0,1,0.0,low
U04559,1,1,52.45,low
U04560,0,0,10.29,high
U04561,0,0,0.0,low
U04562,1,1,0.0,low
U04563,0,0,15.75,low
U04564,0,1,25.34,low
U04565,1,1,0.0,low
U04566,0,1,0.0,low
U04567,1,1,0.0,low
U04568,1,1,40.85,low
U04569,0,1,0.0,medium
U04570,0,0,0.0,medium
U04571,1,1,0.0,low
U04572,1,0,46.19,low
U04573,1,1,31.7,low
U04574,1,1,66.67,low
U04575,1,0,43.27,high
U04576,0,1,0.0,low
U04577,1,1,39.96,low
U04578,0,0,0.0,medium
U04579,1,1,33.42,low
U04580,0,0,0.0,low
U04581,0,0,0.0,low
U04582,0,0,0.0,medium
U04583,1,1,0.0,low
U04584,0,0,0.0,medium
U04585,0,0,41.69,low
U04586,1,0,0.0,low
U04587,1,1,23.89,medium
U04588,1,1,0.0,low
U04589,0,0,0.0,high
U04590,1,1,0.0,low
U04591,1,0,38.01,medium
U04592,0,1,52.16,low
U04593,1,1,19.25,low
U04594,1,0,53.87,low
U04595,1,1,14.35,low
U04596,0,0,0.0,medium
U04597,0,1,0.0,low
U04598,0,0,0.0,low
U04599,1,1,59.4,low
U04600,0,1,0.0,low
U04601,1,1,0.0,low
U04602,0,1,0.0,low
U04603,0,0,0.0,low
U04604,0,1,30.87,medium
U04605,0,1,0.0,low
U04606,1,1,0.0,medium
U04607,1,1,36.86,low
U04608,0,0,20.62,medium
U04609,1,1,37.69,medium
U04610,1,1,0.0,low
U04611,0,1,23.38,medium
U04612,0,1,44.98,low
U04613,1,1,0.0,low
U04614,0,0,52.9,low
U04615,1,1,18.27,low
U04616,1,0,20.76,low
U04617,1,1,0.0,low
U04618,1,1,21.03,low
U04619,0,0,0.0,high
U04620,1,0,23.27,low
U04621,0,0,0.0,medium
U04622,1,1,0.0,low
U04623,1,0,38.07,low
U04624,0,1,11.71,low
U04625,1,0,7.5,low
U04626,0,1,0.0,medium
U04627,0,1,0.0,low
U04628,0,0,32.99,low
U04629,0,0,29.85,medium
U04630,1,1,0.0,low
U04631,1,1,0.0,low
U04632,1,1,0.0,low
U04633,1,1,32.8,low
U04634,1,1,0.0,low
U04635,1,0,26.52,low
U04636,0,0,54.74,medium
U04637,1,0,0.0,low
U04638,1,1,0.0,low
U04639,0,1,10.67,low
U04640,1,1,0.0,low
U04641,1,0,0.0,low
U04642,1,1,0.0,low
U04643,1,1,13.76,low
U04644,1,1,0.0,low
U04645,1,1,33.77,low
U04646,1,1,46.05,low
U04647,1,0,0.0,medium
U04648,0,1,0.0,low
U04649,1,1,5.97,medium
U04650,1,1,0.0,low
U04651,1,1,0.0,low
U04652,1,1,35.29,low
U04653,0,0,0.0,low
U04654,1,0,10.62,low
U04655,0,0,0.0,high
U04656,0,0,70.45,low
U04657,1,1,0.0,low
U04658,1,0,0.0,low
U04659,1,0,0.0,low
U04660,1,0,44.77,medium
U04661,1,1,0.0,low
U04662,1,0,0.0,low
U04663,1,1,0.0,low
U04664,1,1,57.54,low
U04665,1,1,15.9,low
U04666,1,1,0.0,low
U04667,1,0,20.98,medium
U04668,1,0,0.0,low
U04669,1,1,0.0,low
U04670,1,1,0.0,low
U04671,1,1,44.75,low
U04672,0,1,0.0,low
U04673,1,1,66.07,low
U04674,1,1,0.0,low
U04675,1,1,0.0,low
U04676,1,0,0.0,low
U04677,1,0,0.0,low
U04678,1,0,0.0,low
U04679,1,1,49.4,low
U04680,1,1,43.61,low
U04681,0,1,0.0,low
U04682,1,1,32.82,low
U04683,0,1,0.0,low
U04684,0,1,0.0,medium
U04685,1,0,22.83,medium
U04686,1,1,17.21,low
U04687,1,1,54.04,low
U04688,1,1,0.0,low
U04689,0,1,59.88,low
U04690,1,0,0.0,low
U04691,0,0,21.66,low
U04692,0,0,0.0,medium
U04693,1,1,60.23,low
U04694,1,1,71.86,medium
U04695,0,0,2.97,medium
U04696,1,0,0.0,medium
U04697,0,0,0.0,medium
U04698,0,0,29.89,high
U04699,1,1,0.0,low
U04700,0,1,0.0,medium
U04701,0,0,0.0,medium
U04702,1,1,0.0,low
U04703,0,0,0.0,low
U04704,1,1,0.0,low
U04705,1,1,23.29,low
U04706,0,1,0.0,medium
U04707,1,1,0.0,low
U04708,1,1,12.08,low
U04709,1,1,0.0,low
U04710,1,0,32.13,low
U04711,1,0,0.0,medium
U04712,1,1,0.0,low
U04713,0,1,0.0,medium
U04714,1,1,28.65,low
U04715,1,0,29.88,low
U04716,1,1,0.0,low
U04717,1,0,17.96,low
U04718,1,0,0.0,low
U04719,1,1,41.87,low
U04720,1,1,29.05,low
U04721,1,1,0.0,medium
U04722,0,0,0.0,high
U04723,1,1,37.73,low
U04724,1,1,35.89,low
U04725,1,1,36.18,low
U04726,1,1,34.28,low
U04727,1,1,0.0,low
U04728,0,1,0.0,medium
U04729,1,0,0.0,high
U04730,1,1,0.0,low
U04731,1,1,13.7,low
U04732,0,0,0.0,medium
U04733,0,0,72.95,medium
U04734,1,0,0.0,low
U04735,0,0,0.0,high
U04736,0,0,0.0,low
U04737,0,0,8.66,low
U04738,0,0,0.0,medium
U04739,0,0,0.0,low
U04740,1,1,5.98,low
U04741,0,0,58.09,medium
U04742,1,0,0.0,medium
U04743,1,1,0.0,low
U04744,1,1,0.0,low
U04745,1,1,4.55,low
U04746,1,1,0.0,low
U04747,0,1,41.59,low
U04748,1,1,0.0,low
U04749,0,0,0.0,low
U04750,1,1,38.06,low
U04751,0,0,34.17,high
U04752,1,1,45.24,low
U04753,1,0,0.0,high
U04754,1,1,21.96,low
U04755,0,0,0.0,high
U04756,0,0,0.0,medium
U04757,1,0,0.0,high
U04758,1,1,33.55,low
U04759,1,0,0.0,low
U04760,0,0,39.47,low
U04761,1,1,32.27,low
U04762,0,0,0.0,low
U04763,1,1,20.23,low
U04764,1,0,0.0,medium
U04765,0,0,4.3,low
U04766,1,0,20.85,low
U04767,1,0,0.0,medium
U04768,1,0,0.0,medium
U04769,1,1,55.5,low
U04770,1,0,0.0,low
U04771,0,0,0.0,medium
U04772,1,1,0.0,low
U04773,1,1,0.0,low
U04774,1,0,0.0,low
U04775,1,1,0.0,low
U04776,1,1,0.0,low
U04777,1,1,0.0,low
U04778,0,0,0.0,medium
U04779,1,1,0.0,low
U04780,1,1,64.1,low
U04781,0,1,51.31,low
U04782,1,1,0.0,low
U04783,0,0,0.0,high
U04784,0,1,0.0,low
U04785,1,1,11.17,low
U04786,0,0,0.0,low
U04787,0,0,0.0,low
U04788,1,1,0.0,low
U04789,1,1,9.5,medium
U04790,0,0,0.0,low
U04791,0,0,0.0,low
U04792,0,1,0.0,low
U04793,1,1,0.0,medium
U04794,1,1,0.0,low
U04795,1,1,0.0,low
U04796,0,0,6.33,medium
U04797,1,0,0.0,medium
U04798,0,0,0.0,medium
U04799,1,0,13.28,low
U04800,1,1,9.74,low
U04801,0,0,0.0,medium
U04802,0,0,0.0,medium
U04803,1,1,0.0,low
U04804,0,0,0.0,high
U04805,0,1,0.0,low
U04806,1,1,0.0,low
U04807,0,0,0.0,low
U04808,1,1,0.0,low
U04809,1,1,0.0,low
U04810,1,0,0.0,medium
U04811,1,0,10.17,medium
U04812,1,0,0.0,low
U04813,1,1,4.92,low
U04814,1,0,10.38,low
U04815,1,0,43.25,medium
U04816,1,0,0.0,low
U04817,0,0,0.0,medium
U04818,1,1,0.0,low
U04819,0,1,0.0,medium
U04820,0,0,0.0,low
U04821,0,0,26.79,high
U04822,0,0,0.0,medium
U04823,1,0,57.73,low
U04824,1,1,21.35,low
U04825,0,1,15.68,low
U04826,1,0,0.0,medium
U04827,0,0,0.0,low
U04828,1,0,0.0,low
U04829,0,0,29.72,low
U04830,1,0,15.35,medium
U04831,0,0,42.49,low
U04832,1,1,0.0,low
U04833,1,0,12.54,low
U04834,1,1,22.59,low
U04835,1,1,19.82,low
U04836,1,1,0.0,low
U04837,0,0,0.0,high
U04838,1,0,0.0,low
U04839,0,0,35.83,medium
U04840,1,0,34.02,low
U04841,1,0,0.0,low
U04842,0,0,0.0,low
U04843,0,0,0.0,low
U04844,1,0,81.96,medium
U04845,1,1,45.12,low
U04846,1,1,10.37,low
U04847,0,0,76.94,low
U04848,1,1,34.27,low
U04849,1,1,10.98,low
U04850,1,1,0.0,medium
U04851,1,1,50.87,low
U04852,0,0,0.0,medium
U04853,1,1,0.0,low
U04854,1,1,29.2,low
U04855,1,1,10.28,low
U04856,0,0,0.0,medium
U04857,0,0,0.0,low
U04858,1,1,0.0,low
U04859,1,1,0.0,low
U04860,0,0,0.0,low
U04861,1,0,12.4,low
U04862,1,0,0.0,high
U04863,0,0,8.71,medium
U04864,1,1,64.6,low
U04865,1,1,4.45,medium
U04866,1,1,33.35,low
U04867,1,1,0.0,medium
U04868,1,1,16.59,low
U04869,1,1,17.7,low
U04870,1,1,22.18,low
U04871,0,0,0.0,low
U04872,1,1,20.21,low
U04873,1,0,24.54,low
U04874,1,0,0.0,medium
U04875,0,1,17.04,low
U04876,1,1,0.0,low
U04877,0,0,0.0,low
U04878,0,0,0.0,low
U04879,0,1,25.22,low
U04880,1,1,0.0,low
U04881,0,0,46.21,low
U04882,1,1,49.34,low
U04883,1,1,26.82,low
U04884,1,1,12.31,low
U04885,1,1,0.0,low
U04886,1,1,0.0,low
U04887,1,1,0.0,low
U04888,1,1,0.0,low
U04889,1,1,64.11,low
U04890,1,1,0.0,low
U04891,0,1,0.0,low
U04892,0,0,0.0,medium
U04893,1,1,0.0,medium
U04894,0,1,7.79,low
U04895,0,0,0.0,high
U04896,0,0,18.99,medium
U04897,1,1,18.72,low
U04898,1,1,0.0,low
U04899,1,1,0.0,low
U04900,0,0,34.44,low
U04901,1,1,0.0,low
U04902,1,1,6.28,low
U04903,1,1,0.0,low
U04904,1,1,0.0,low
U04905,1,0,2.48,medium
U04906,0,0,0.0,high
U04907,1,1,32.78,medium
U04908,1,1,0.0,low
U04909,0,0,0.0,medium
U04910,1,1,23.3,low
U04911,1,0,0.0,medium
U04912,0,0,0.0,medium
U04913,1,1,29.22,low
U04914,1,0,29.17,low
U04915,1,1,21.54,medium
U04916,1,1,15.41,low
U04917,1,1,0.0,low
U04918,1,1,5.02,low
U04919,1,0,0.0,low
U04920,1,1,0.0,low
U04921,0,0,0.0,medium
U04922,1,1,0.0,low
U04923,1,0,0.0,medium
U04924,1,1,0.0,low
U04925,1,0,45.31,low
U04926,0,1,0.0,medium
U04927,0,0,0.0,medium
U04928,0,0,0.0,medium
U04929,0,1,15.92,medium
U04930,0,1,0.0,medium
U04931,1,1,0.0,low
U04932,0,0,25.02,low
U04933,1,1,27.68,low
U04934,1,0,29.51,medium
U04935,1,1,32.7,low
U04936,0,1,46.56,low
U04937,1,1,40.2,medium
U04938,1,1,0.0,medium
U04939,1,1,31.7,medium
U04940,1,1,39.7,low
U04941,1,0,33.56,low
U04942,1,1,0.0,low
U04943,0,0,0.0,medium
U04944,1,1,0.0,low
U04945,1,1,0.0,low
U04946,1,0,72.2,medium
U04947,0,0,22.02,medium
U04948,1,0,0.0,low
U04949,0,1,15.8,high
U04950,0,0,0.0,high
U04951,1,1,3.68,low
U04952,1,1,49.09,low
U04953,0,0,0.0,low
U04954,0,0,0.0,low
U04955,1,1,24.92,low
U04956,1,1,40.58,medium
U04957,1,1,19.15,low
U04958,0,0,26.4,high
U04959,0,0,0.0,low
U04960,1,1,0.0,low
U04961,1,1,46.36,low
U04962,0,0,0.0,medium
U04963,0,0,5.9,medium
U04964,1,1,20.78,low
U04965,1,1,25.23,low
U04966,0,0,12.16,low
U04967,1,1,0.0,medium
U04968,0,1,0.0,low
U04969,1,1,6.0,medium
U04970,1,0,0.0,low
U04971,1,1,14.34,low
U04972,1,1,0.0,low
U04973,1,1,28.97,low
U04974,1,1,0.0,low
U04975,1,1,0.0,low
U04976,0,1,22.41,medium
U04977,0,1,37.86,low
U04978,1,1,0.0,low
U04979,0,0,0.0,high
U04980,1,1,0.0,medium
U04981,1,1,0.0,low
U04982,1,0,23.0,low
U04983,0,0,0.0,low
U04984,1,1,0.0,low
U04985,1,1,21.78,medium
U04986,1,1,0.0,low
U04987,1,1,52.71,low
U04988,1,1,0.0,low
U04989,1,0,0.0,medium
U04990,0,1,28.91,medium
U04991,1,0,0.0,low
U04992,1,1,29.2,low
U04993,1,0,0.0,medium
U04994,0,0,0.0,medium
U04995,1,1,52.33,medium
U04996,1,1,0.0,medium
U04997,0,0,0.0,medium
U04998,1,1,5.87,low
U04999,1,1,36.92,low
U05000,1,0,0.0,low
