transaction_id,user_id,timestamp,item_category,amount_usd,payment_type
T000001,U00002,2026-03-06 16:53:16,cosmetic,6.75,card
T000002,U00003,2026-03-02 16:46:33,expansion,27.86,wallet
T000003,U00003,2026-02-12 18:37:11,booster,3.67,card
T000004,U00003,2026-02-25 17:26:31,currency,16.13,card
T000005,U00003,2026-02-22 10:13:52,currency,20.75,wallet
T000006,U00004,2026-02-10 19:55:08,cosmetic,10.1,card
T000007,U00005,2026-02-19 19:22:01,cosmetic,10.87,wallet
T000008,U00005,2026-02-21 16:09:34,cosmetic,4.63,wallet
T000009,U00005,2026-01-29 08:37:38,cosmetic,8.44,card
T000010,U00005,2026-02-24 06:44:04,currency,18.79,card
T000011,U00006,2026-03-04 17:32:50,currency,11.22,card
T000012,U00006,2026-03-06 11:51:10,cosmetic,5.51,card
T000013,U00007,2026-01-07 01:24:37,battlepass,9.17,card
T000014,U00007,2026-01-09 09:20:17,booster,6.12,card
T000015,U00007,2026-01-11 06:31:43,cosmetic,5.98,card
T000016,U00009,2026-01-31 10:49:59,cosmetic,7.05,card
T000017,U00009,2026-02-11 14:52:14,booster,5.5,card
T000018,U00009,2026-01-16 19:18:03,booster,4.21,card
T000019,U00010,2026-02-02 23:38:14,expansion,24.02,wallet
T000020,U00010,2026-01-19 00:00:43,booster,3.96,wallet
T000021,U00011,2026-02-03 12:08:08,currency,19.05,card
T000022,U00011,2026-02-08 08:01:21,cosmetic,9.31,card
T000023,U00011,2026-02-24 18:36:12,booster,4.75,card
T000024,U00012,2026-03-01 09:05:20,booster,2.53,wallet
T000025,U00012,2026-03-03 17:24:04,cosmetic,7.49,wallet
T000026,U00012,2026-03-12 09:14:51,booster,5.34,wallet
T000027,U00012,2026-03-06 09:26:57,cosmetic,8.1,wallet
T000028,U00012,2026-03-02 15:05:09,currency,8.7,wallet
T000029,U00013,2026-03-09 15:17:38,expansion,26.21,card
T000030,U00013,2026-02-16 23:53:54,currency,10.68,card
T000031,U00013,2026-03-13 16:57:18,cosmetic,10.41,card
T000032,U00013,2026-02-27 08:24:45,currency,19.61,card
T000033,U00015,2026-03-13 20:12:50,booster,3.4,card
T000034,U00015,2026-03-01 05:25:23,expansion,18.66,card
T000035,U00015,2026-03-12 22:36:49,expansion,23.05,card
T000036,U00023,2026-01-21 09:54:19,cosmetic,9.24,card
T000037,U00023,2026-02-05 12:23:56,cosmetic,8.57,card
T000038,U00023,2026-01-30 11:07:42,expansion,30.49,card
T000039,U00023,2026-01-27 06:05:50,cosmetic,8.49,card
T000040,U00023,2026-01-16 01:18:14,cosmetic,8.21,card
T000041,U00026,2026-02-28 03:06:43,cosmetic,6.35,card
T000042,U00027,2026-02-09 02:56:05,cosmetic,8.36,card
T000043,U00027,2026-02-14 00:20:02,battlepass,20.47,card
T000044,U00027,2026-02-23 01:45:30,battlepass,8.52,card
T000045,U00028,2026-02-21 06:24:00,booster,4.37,card
T000046,U00028,2026-03-07 00:23:06,currency,21.06,card
T000047,U00028,2026-02-20 20:16:43,booster,5.68,card
T000048,U00028,2026-02-28 02:05:27,cosmetic,5.65,card
T000049,U00030,2026-02-13 20:29:03,expansion,17.36,card
T000050,U00031,2026-02-22 09:25:10,currency,20.57,wallet
T000051,U00031,2026-01-29 15:35:43,expansion,17.31,card
T000052,U00032,2026-01-14 19:48:08,cosmetic,4.97,wallet
T000053,U00032,2026-01-31 11:42:22,battlepass,18.39,wallet
T000054,U00033,2026-01-21 21:39:27,currency,9.55,card
T000055,U00033,2026-01-16 15:00:24,expansion,23.13,card
T000056,U00033,2026-01-22 20:49:21,currency,15.48,wallet
T000057,U00034,2026-02-14 13:17:00,cosmetic,7.64,card
T000058,U00034,2026-02-19 18:39:07,currency,20.8,card
T000059,U00035,2026-03-03 05:30:49,cosmetic,7.26,wallet
T000060,U00035,2026-03-08 02:36:32,expansion,18.87,card
T000061,U00035,2026-03-12 19:18:16,booster,5.46,card
T000062,U00035,2026-03-22 19:10:27,cosmetic,7.37,wallet
T000063,U00035,2026-03-07 13:30:55,booster,5.94,wallet
T000064,U00035,2026-03-05 04:18:37,booster,3.04,card
T000065,U00035,2026-03-17 17:56:14,cosmetic,7.23,card
T000066,U00036,2026-01-10 13:39:24,currency,8.83,card
T000067,U00037,2026-02-24 02:10:49,currency,14.81,card
T000068,U00037,2026-03-15 04:17:41,battlepass,17.17,card
T000069,U00037,2026-02-24 22:09:57,cosmetic,4.8,card
T000070,U00039,2026-01-28 11:21:54,cosmetic,10.44,card
T000071,U00039,2026-01-27 17:55:10,booster,2.58,wallet
T000072,U00040,2026-02-23 19:07:01,booster,3.62,card
T000073,U00040,2026-02-20 11:28:45,cosmetic,5.92,card
T000074,U00041,2026-01-16 15:19:47,booster,2.97,card
T000075,U00041,2026-01-26 13:13:50,booster,5.31,card
T000076,U00041,2026-01-23 08:51:22,cosmetic,7.95,card
T000077,U00041,2026-01-21 08:19:34,booster,2.57,card
T000078,U00043,2026-03-03 19:50:15,expansion,20.54,card
T000079,U00043,2026-03-01 10:54:23,battlepass,14.58,card
T000080,U00043,2026-02-22 07:02:22,cosmetic,6.84,card
T000081,U00043,2026-02-17 14:51:02,currency,9.07,card
T000082,U00044,2026-02-12 14:54:29,currency,10.68,card
T000083,U00044,2026-02-12 23:20:28,cosmetic,6.91,card
T000084,U00044,2026-02-13 14:14:26,cosmetic,5.82,card
T000085,U00045,2026-02-02 09:16:33,currency,18.03,card
T000086,U00045,2026-01-26 10:02:29,currency,9.72,wallet
T000087,U00046,2026-03-14 03:57:44,cosmetic,4.74,card
T000088,U00046,2026-03-07 15:33:54,cosmetic,4.7,card
T000089,U00046,2026-03-28 11:31:03,expansion,15.06,card
T000090,U00046,2026-03-03 14:41:53,booster,3.93,card
T000091,U00047,2026-02-05 07:38:12,currency,9.67,card
T000092,U00047,2026-02-24 09:09:51,cosmetic,6.77,card
T000093,U00049,2026-02-21 03:17:24,cosmetic,8.23,card
T000094,U00049,2026-02-11 20:11:41,cosmetic,10.56,card
T000095,U00049,2026-02-18 13:06:29,cosmetic,6.19,card
T000096,U00050,2026-03-07 13:33:28,booster,5.85,card
T000097,U00050,2026-02-20 04:32:55,booster,2.5,card
T000098,U00054,2026-02-26 08:14:40,expansion,29.52,card
T000099,U00054,2026-02-26 09:19:34,battlepass,10.88,card
T000100,U00055,2026-02-12 15:30:03,cosmetic,10.06,card
T000101,U00055,2026-02-12 06:37:26,cosmetic,8.3,wallet
T000102,U00055,2026-02-18 17:07:10,currency,18.35,wallet
T000103,U00055,2026-02-12 08:12:58,booster,3.08,card
T000104,U00061,2026-03-02 21:50:35,currency,18.12,card
T000105,U00061,2026-03-07 17:06:51,cosmetic,8.82,card
T000106,U00061,2026-03-06 06:43:03,cosmetic,5.12,card
T000107,U00061,2026-03-17 20:38:03,booster,5.33,card
T000108,U00069,2026-01-24 04:47:31,cosmetic,9.61,wallet
T000109,U00069,2026-01-10 23:50:29,expansion,29.52,card
T000110,U00069,2026-01-10 01:26:08,expansion,23.58,card
T000111,U00070,2026-02-08 18:20:24,booster,5.7,card
T000112,U00070,2026-02-08 19:32:42,booster,4.97,card
T000113,U00070,2026-02-14 23:59:38,currency,18.83,card
T000114,U00072,2026-01-19 14:58:34,cosmetic,8.69,card
T000115,U00079,2026-02-09 10:58:48,cosmetic,6.47,card
T000116,U00079,2026-02-20 10:13:55,expansion,25.63,card
T000117,U00079,2026-02-28 20:11:04,cosmetic,10.31,card
T000118,U00080,2026-03-04 12:23:19,battlepass,12.69,wallet
T000119,U00080,2026-02-12 10:47:41,booster,5.83,wallet
T000120,U00083,2026-01-28 16:56:38,booster,3.77,card
T000121,U00083,2026-02-07 23:13:49,booster,5.79,card
T000122,U00084,2026-02-20 17:11:00,booster,4.15,card
T000123,U00084,2026-03-17 04:06:03,cosmetic,6.26,card
T000124,U00085,2026-03-04 12:40:25,cosmetic,6.64,card
T000125,U00085,2026-02-28 08:15:46,cosmetic,9.33,card
T000126,U00085,2026-02-18 21:21:55,cosmetic,5.25,card
T000127,U00087,2026-02-02 02:24:20,booster,2.89,card
T000128,U00087,2026-01-23 06:24:37,booster,3.89,card
T000129,U00088,2026-02-10 01:18:56,cosmetic,10.56,card
T000130,U00088,2026-01-19 07:43:13,currency,8.75,card
T000131,U00094,2026-02-18 09:27:39,booster,6.17,card
T000132,U00094,2026-02-11 04:46:11,expansion,15.31,card
T000133,U00098,2026-02-12 22:30:48,expansion,29.99,card
T000134,U00098,2026-02-25 15:29:20,expansion,24.38,card
T000135,U00098,2026-03-11 18:56:40,booster,3.92,wallet
T000136,U00098,2026-02-20 05:51:21,expansion,28.72,wallet
T000137,U00100,2026-02-06 03:01:49,booster,2.74,wallet
T000138,U00100,2026-01-24 19:44:01,cosmetic,5.22,wallet
T000139,U00102,2026-02-10 10:49:07,expansion,23.46,wallet
T000140,U00102,2026-01-25 22:38:23,currency,13.88,wallet
T000141,U00102,2026-02-02 05:10:23,cosmetic,8.5,wallet
T000142,U00102,2026-02-05 05:09:00,expansion,15.43,card
T000143,U00106,2026-03-17 15:15:57,cosmetic,5.71,wallet
T000144,U00106,2026-03-05 01:40:26,booster,2.66,wallet
T000145,U00108,2026-03-09 12:06:26,cosmetic,10.2,card
T000146,U00108,2026-02-09 17:08:04,currency,14.04,card
T000147,U00108,2026-02-16 03:28:48,cosmetic,9.01,card
T000148,U00108,2026-03-09 01:28:21,battlepass,15.44,card
T000149,U00108,2026-02-13 12:20:54,currency,15.86,card
T000150,U00110,2026-03-11 17:39:19,cosmetic,5.97,wallet
T000151,U00110,2026-02-12 04:57:59,booster,3.47,wallet
T000152,U00111,2026-01-21 10:53:17,cosmetic,7.9,wallet
T000153,U00111,2026-02-05 22:40:19,cosmetic,7.55,card
T000154,U00112,2026-03-17 02:49:49,cosmetic,5.27,card
T000155,U00112,2026-03-17 07:20:15,cosmetic,5.36,card
T000156,U00112,2026-03-16 23:55:09,cosmetic,8.22,card
T000157,U00116,2026-02-20 22:59:11,expansion,31.2,wallet
T000158,U00116,2026-02-04 12:22:47,battlepass,19.22,card
T000159,U00116,2026-02-22 21:23:54,battlepass,21.35,wallet
T000160,U00116,2026-02-22 18:18:14,cosmetic,6.74,wallet
T000161,U00117,2026-01-07 08:03:57,battlepass,17.18,card
T000162,U00117,2026-01-24 08:43:20,booster,3.29,card
T000163,U00119,2026-01-28 23:30:32,cosmetic,8.86,card
T000164,U00119,2026-01-21 15:46:11,booster,5.87,wallet
T000165,U00119,2026-01-27 01:33:10,battlepass,14.25,wallet
T000166,U00121,2026-02-23 10:29:47,cosmetic,8.12,wallet
T000167,U00121,2026-01-31 13:37:41,booster,2.55,wallet
T000168,U00121,2026-02-12 11:03:30,cosmetic,9.78,card
T000169,U00123,2026-02-09 04:31:09,booster,5.26,card
T000170,U00123,2026-03-05 01:35:04,cosmetic,6.95,wallet
T000171,U00125,2026-03-18 00:14:32,cosmetic,7.84,card
T000172,U00125,2026-03-16 21:45:17,booster,2.65,card
T000173,U00126,2026-03-01 12:51:31,battlepass,17.95,card
T000174,U00128,2026-02-15 15:46:36,cosmetic,9.72,card
T000175,U00128,2026-02-16 06:55:02,currency,18.74,card
T000176,U00128,2026-03-06 23:44:04,expansion,29.64,card
T000177,U00129,2026-02-12 07:51:23,booster,5.4,card
T000178,U00130,2026-02-12 02:40:35,battlepass,11.14,wallet
T000179,U00131,2026-02-17 07:59:56,booster,2.82,wallet
T000180,U00135,2026-02-26 04:09:16,cosmetic,10.73,card
T000181,U00138,2026-01-19 10:15:06,currency,17.23,card
T000182,U00138,2026-01-29 19:42:17,battlepass,10.63,card
T000183,U00138,2026-01-10 04:20:51,cosmetic,4.37,card
T000184,U00144,2026-02-13 16:19:32,cosmetic,5.39,wallet
T000185,U00144,2026-02-13 01:04:33,currency,15.83,wallet
T000186,U00144,2026-02-02 09:41:41,cosmetic,6.88,wallet
T000187,U00144,2026-02-01 05:11:14,expansion,13.99,wallet
T000188,U00147,2026-01-05 23:28:20,cosmetic,10.42,wallet
T000189,U00147,2026-01-26 08:41:14,booster,4.58,card
T000190,U00147,2026-01-30 21:11:59,booster,6.04,wallet
T000191,U00149,2026-03-16 02:59:46,booster,5.14,card
T000192,U00149,2026-02-25 04:33:40,cosmetic,6.88,card
T000193,U00149,2026-03-07 17:31:56,cosmetic,7.61,card
T000194,U00150,2026-01-21 12:28:29,cosmetic,6.64,card
T000195,U00151,2026-02-27 14:07:33,currency,20.03,card
T000196,U00153,2026-03-04 21:13:23,booster,4.88,card
T000197,U00154,2026-01-30 00:46:09,currency,10.88,card
T000198,U00154,2026-01-26 16:07:20,cosmetic,10.1,card
T000199,U00154,2026-01-19 03:42:57,cosmetic,7.05,card
T000200,U00156,2026-03-01 11:07:18,cosmetic,10.22,wallet
T000201,U00156,2026-02-20 13:08:40,currency,18.1,wallet
T000202,U00157,2026-02-03 06:42:10,booster,2.79,card
T000203,U00157,2026-02-04 09:34:30,cosmetic,8.13,card
T000204,U00162,2026-03-06 21:55:18,battlepass,21.76,card
T000205,U00162,2026-03-03 19:37:37,cosmetic,8.22,card
T000206,U00162,2026-03-09 10:43:18,currency,10.83,card
T000207,U00163,2026-02-21 11:58:05,cosmetic,7.65,wallet
T000208,U00165,2026-02-05 12:43:22,cosmetic,6.9,card
T000209,U00165,2026-02-19 19:37:55,expansion,13.45,card
T000210,U00165,2026-02-06 17:11:21,booster,3.6,card
T000211,U00166,2026-03-03 13:11:48,booster,5.91,card
T000212,U00166,2026-03-16 03:25:20,booster,4.71,card
T000213,U00166,2026-03-04 00:06:20,booster,3.71,card
T000214,U00166,2026-03-12 03:03:54,booster,4.41,card
T000215,U00167,2026-02-06 00:34:03,battlepass,15.36,wallet
T000216,U00167,2026-02-13 05:22:34,expansion,32.27,wallet
T000217,U00167,2026-02-09 03:33:02,battlepass,11.4,wallet
T000218,U00167,2026-02-02 22:27:03,currency,9.18,wallet
T000219,U00171,2026-01-19 04:02:48,expansion,32.94,wallet
T000220,U00171,2026-01-27 14:20:12,booster,3.95,wallet
T000221,U00171,2026-01-10 19:39:45,battlepass,13.5,wallet
T000222,U00171,2026-01-28 01:05:21,battlepass,17.8,card
T000223,U00171,2026-01-31 21:06:23,cosmetic,5.58,card
T000224,U00175,2026-02-27 13:20:14,cosmetic,9.65,wallet
T000225,U00176,2026-02-17 04:50:58,currency,20.32,card
T000226,U00176,2026-02-13 07:48:01,currency,21.87,card
T000227,U00176,2026-02-10 17:30:58,cosmetic,10.8,card
T000228,U00176,2026-02-25 04:51:49,currency,17.23,card
T000229,U00177,2026-03-07 20:24:47,cosmetic,5.67,card
T000230,U00177,2026-03-10 23:35:13,cosmetic,4.24,wallet
T000231,U00177,2026-02-28 15:50:33,currency,13.5,card
T000232,U00178,2026-01-18 05:21:39,cosmetic,10.16,card
T000233,U00179,2026-03-22 12:14:00,cosmetic,6.56,card
T000234,U00179,2026-03-20 03:40:12,battlepass,21.77,card
T000235,U00179,2026-03-12 22:52:55,cosmetic,5.43,card
T000236,U00179,2026-03-04 00:22:39,cosmetic,9.64,card
T000237,U00181,2026-03-22 07:34:51,cosmetic,10.64,card
T000238,U00181,2026-03-22 19:02:31,cosmetic,4.6,card
T000239,U00181,2026-03-16 03:48:33,booster,4.33,card
T000240,U00181,2026-03-27 20:27:21,currency,14.45,card
T000241,U00182,2026-01-17 21:09:51,cosmetic,5.41,card
T000242,U00182,2026-02-05 15:08:17,cosmetic,4.36,card
T000243,U00183,2026-02-17 11:03:07,battlepass,8.2,wallet
T000244,U00183,2026-02-17 12:32:01,battlepass,11.02,wallet
T000245,U00188,2026-02-13 12:58:09,currency,16.29,wallet
T000246,U00193,2026-02-08 17:02:21,cosmetic,8.0,wallet
T000247,U00193,2026-02-26 08:59:38,booster,6.22,card
T000248,U00193,2026-03-03 02:30:15,cosmetic,9.11,card
T000249,U00193,2026-02-22 19:47:43,cosmetic,4.02,wallet
T000250,U00194,2026-02-15 19:39:02,currency,19.81,card
T000251,U00194,2026-02-18 21:25:18,cosmetic,7.68,card
T000252,U00194,2026-02-12 20:58:14,booster,4.48,card
T000253,U00194,2026-01-28 18:03:30,cosmetic,8.86,card
T000254,U00194,2026-02-09 21:53:04,expansion,20.83,card
T000255,U00194,2026-02-06 09:24:10,cosmetic,8.89,card
T000256,U00196,2026-01-06 03:33:14,cosmetic,7.08,card
T000257,U00196,2026-01-16 02:16:31,cosmetic,9.36,card
T000258,U00196,2026-01-28 03:40:05,currency,21.92,wallet
T000259,U00196,2026-01-21 03:59:45,currency,16.0,wallet
T000260,U00196,2026-01-18 20:07:16,cosmetic,9.52,card
T000261,U00198,2026-01-27 18:45:25,cosmetic,5.65,card
T000262,U00198,2026-01-15 21:33:41,cosmetic,4.31,card
T000263,U00198,2026-01-11 03:04:43,booster,5.96,card
T000264,U00198,2026-01-30 03:39:45,cosmetic,9.59,card
T000265,U00201,2026-02-20 12:25:50,battlepass,13.22,card
T000266,U00201,2026-01-31 01:38:36,currency,20.08,wallet
T000267,U00202,2026-03-14 19:47:14,expansion,31.05,wallet
T000268,U00202,2026-03-08 14:39:01,cosmetic,7.55,wallet
T000269,U00202,2026-03-16 17:55:04,booster,4.54,wallet
T000270,U00203,2026-02-17 00:07:37,expansion,19.64,wallet
T000271,U00203,2026-02-09 11:22:02,battlepass,10.61,wallet
T000272,U00205,2026-02-03 10:06:16,booster,3.69,card
T000273,U00205,2026-02-09 21:06:43,booster,3.98,card
T000274,U00205,2026-02-12 14:23:09,battlepass,21.47,card
T000275,U00205,2026-02-01 20:15:12,cosmetic,9.32,card
T000276,U00206,2026-02-11 04:53:47,currency,17.89,card
T000277,U00206,2026-02-01 11:37:32,currency,17.48,card
T000278,U00206,2026-01-20 12:22:39,battlepass,12.88,card
T000279,U00206,2026-02-03 19:13:33,booster,5.08,card
T000280,U00206,2026-01-22 01:22:43,battlepass,17.82,card
T000281,U00211,2026-02-01 03:28:54,cosmetic,6.28,card
T000282,U00211,2026-02-02 06:17:14,cosmetic,8.43,card
T000283,U00211,2026-01-16 19:35:28,expansion,17.33,card
T000284,U00212,2026-02-18 09:30:15,expansion,20.76,wallet
T000285,U00212,2026-03-01 16:07:53,battlepass,19.72,wallet
T000286,U00213,2026-03-10 13:14:55,cosmetic,7.73,card
T000287,U00213,2026-02-27 09:07:26,cosmetic,4.03,card
T000288,U00213,2026-03-05 01:38:04,booster,3.58,card
T000289,U00216,2026-02-11 03:06:32,battlepass,13.17,card
T000290,U00216,2026-01-29 11:50:03,currency,18.82,card
T000291,U00220,2026-02-26 04:00:04,expansion,25.89,card
T000292,U00220,2026-03-06 17:26:09,expansion,19.97,card
T000293,U00220,2026-03-12 20:30:39,booster,4.16,wallet
T000294,U00220,2026-02-27 14:07:39,expansion,31.32,card
T000295,U00220,2026-03-19 03:43:25,cosmetic,8.55,wallet
T000296,U00221,2026-01-12 01:47:26,cosmetic,8.67,wallet
T000297,U00221,2026-01-11 18:27:56,booster,5.84,wallet
T000298,U00221,2026-01-15 13:58:01,currency,19.73,wallet
T000299,U00221,2026-01-23 16:21:26,booster,3.13,wallet
T000300,U00224,2026-01-28 03:59:52,cosmetic,5.28,wallet
T000301,U00225,2026-03-05 22:00:54,expansion,12.49,wallet
T000302,U00226,2026-02-04 19:08:44,battlepass,21.93,card
T000303,U00227,2026-03-09 23:18:49,booster,5.43,card
T000304,U00227,2026-03-13 12:45:14,cosmetic,5.72,card
T000305,U00229,2026-02-14 09:53:26,cosmetic,7.31,wallet
T000306,U00229,2026-02-13 18:32:46,expansion,25.53,wallet
T000307,U00231,2026-02-09 21:25:24,currency,21.93,card
T000308,U00232,2026-03-17 15:35:15,cosmetic,7.47,wallet
T000309,U00232,2026-02-24 19:55:44,cosmetic,7.53,card
T000310,U00232,2026-03-02 14:16:45,cosmetic,7.33,card
T000311,U00232,2026-02-28 10:23:11,expansion,18.14,wallet
T000312,U00232,2026-03-20 22:58:53,booster,4.34,wallet
T000313,U00235,2026-02-25 23:12:57,cosmetic,5.02,wallet
T000314,U00235,2026-01-30 06:22:06,booster,4.19,wallet
T000315,U00236,2026-02-24 15:50:20,booster,4.07,card
T000316,U00236,2026-02-22 22:17:36,expansion,26.86,wallet
T000317,U00237,2026-02-26 10:17:48,expansion,18.97,wallet
T000318,U00237,2026-02-10 15:20:48,cosmetic,7.98,wallet
T000319,U00237,2026-02-22 17:17:55,expansion,19.52,card
T000320,U00242,2026-02-07 08:48:21,currency,13.24,wallet
T000321,U00242,2026-02-28 16:25:54,cosmetic,5.49,wallet
T000322,U00242,2026-02-17 23:45:35,cosmetic,5.13,wallet
T000323,U00242,2026-02-27 16:30:54,currency,15.73,wallet
T000324,U00243,2026-02-03 02:34:58,cosmetic,6.08,card
T000325,U00243,2026-01-16 11:55:26,booster,3.6,wallet
T000326,U00243,2026-01-31 23:36:59,booster,5.23,wallet
T000327,U00243,2026-01-09 21:22:53,cosmetic,7.75,wallet
T000328,U00245,2026-02-28 21:52:07,cosmetic,6.0,card
T000329,U00245,2026-02-25 18:58:24,cosmetic,10.53,card
T000330,U00247,2026-02-18 01:27:58,battlepass,10.21,card
T000331,U00247,2026-03-06 17:25:37,booster,5.18,card
T000332,U00247,2026-02-26 08:01:12,booster,3.08,card
T000333,U00248,2026-02-08 06:44:55,cosmetic,5.32,card
T000334,U00251,2026-01-21 06:14:37,battlepass,20.69,card
T000335,U00251,2026-01-18 06:36:10,cosmetic,4.93,card
T000336,U00251,2026-01-27 10:27:00,currency,21.09,card
T000337,U00251,2026-01-14 09:36:11,booster,2.94,card
T000338,U00252,2026-02-13 19:13:27,battlepass,11.92,card
T000339,U00252,2026-02-03 08:17:11,currency,9.73,card
T000340,U00252,2026-02-17 22:50:35,cosmetic,4.4,card
T000341,U00252,2026-02-12 10:56:53,currency,17.33,card
T000342,U00253,2026-01-27 20:54:00,cosmetic,6.24,card
T000343,U00257,2026-02-20 08:49:38,expansion,22.55,card
T000344,U00257,2026-02-12 19:10:08,cosmetic,8.7,card
T000345,U00257,2026-02-25 20:58:24,currency,18.18,card
T000346,U00257,2026-02-20 20:35:34,cosmetic,5.48,card
T000347,U00257,2026-02-22 04:29:03,booster,4.88,card
T000348,U00258,2026-01-26 03:13:51,cosmetic,10.35,wallet
T000349,U00258,2026-01-12 23:31:37,cosmetic,10.3,card
T000350,U00258,2026-01-17 15:18:02,cosmetic,10.43,card
T000351,U00258,2026-01-24 01:20:02,booster,2.65,wallet
T000352,U00258,2026-01-24 19:28:35,cosmetic,7.96,wallet
T000353,U00258,2026-01-21 04:50:42,booster,2.81,wallet
T000354,U00258,2026-02-04 11:43:53,booster,6.29,card
T000355,U00261,2026-02-25 20:45:56,battlepass,9.68,card
T000356,U00261,2026-03-10 21:49:01,booster,2.51,wallet
T000357,U00262,2026-02-07 06:58:26,cosmetic,8.65,wallet
T000358,U00262,2026-01-22 07:26:11,expansion,31.05,wallet
T000359,U00262,2026-01-25 13:23:00,booster,5.33,wallet
T000360,U00267,2026-02-14 22:14:45,booster,5.4,wallet
T000361,U00267,2026-02-19 02:52:31,cosmetic,7.44,card
T000362,U00267,2026-02-03 08:44:22,cosmetic,6.09,wallet
T000363,U00267,2026-02-03 19:59:11,cosmetic,4.8,card
T000364,U00267,2026-02-11 21:41:00,cosmetic,5.37,wallet
T000365,U00269,2026-02-27 08:40:57,expansion,16.77,card
T000366,U00269,2026-02-22 09:40:05,expansion,31.18,card
T000367,U00269,2026-02-23 10:56:57,currency,12.5,card
T000368,U00270,2026-02-05 01:25:11,battlepass,9.54,card
T000369,U00270,2026-02-20 21:55:56,expansion,25.84,wallet
T000370,U00270,2026-02-27 08:12:10,cosmetic,8.98,card
T000371,U00271,2026-02-13 18:42:32,currency,11.65,wallet
T000372,U00271,2026-02-01 06:38:36,expansion,17.91,card
T000373,U00271,2026-02-05 16:14:42,battlepass,18.04,wallet
T000374,U00273,2026-02-02 16:37:24,booster,5.27,card
T000375,U00273,2026-01-23 23:59:35,booster,6.11,card
T000376,U00273,2026-02-04 08:50:44,battlepass,12.64,card
T000377,U00277,2026-02-19 18:35:56,currency,10.05,card
T000378,U00278,2026-02-21 06:20:49,booster,4.3,card
T000379,U00280,2026-01-07 07:17:37,currency,15.37,card
T000380,U00280,2026-01-20 21:45:06,currency,13.44,card
T000381,U00280,2026-02-03 19:16:58,battlepass,20.73,card
T000382,U00280,2026-01-17 20:17:19,expansion,27.78,card
T000383,U00280,2026-02-03 18:07:16,booster,3.99,card
T000384,U00280,2026-01-27 01:39:14,booster,3.53,card
T000385,U00281,2026-02-04 06:46:04,booster,3.04,card
T000386,U00281,2026-02-02 11:53:54,cosmetic,4.76,card
T000387,U00286,2026-03-27 18:05:37,cosmetic,10.38,card
T000388,U00286,2026-03-24 23:08:39,cosmetic,4.2,card
T000389,U00292,2026-02-05 05:30:35,expansion,29.17,wallet
T000390,U00292,2026-01-31 11:06:03,cosmetic,5.15,wallet
T000391,U00295,2026-02-23 20:03:31,cosmetic,6.52,card
T000392,U00295,2026-02-17 09:10:12,cosmetic,4.19,card
T000393,U00297,2026-02-28 00:02:24,cosmetic,6.95,card
T000394,U00297,2026-02-24 12:56:26,cosmetic,9.07,card
T000395,U00297,2026-03-06 12:13:14,cosmetic,7.13,card
T000396,U00297,2026-02-27 04:00:51,battlepass,17.35,wallet
T000397,U00297,2026-02-25 02:44:43,currency,14.86,wallet
T000398,U00297,2026-03-08 00:01:24,booster,3.21,card
T000399,U00298,2026-02-04 22:01:46,battlepass,15.92,card
T000400,U00298,2026-02-25 21:45:50,currency,19.16,wallet
T000401,U00298,2026-01-28 22:50:02,booster,4.22,wallet
T000402,U00298,2026-02-12 23:02:50,currency,14.21,card
T000403,U00299,2026-01-25 08:35:30,cosmetic,8.65,card
T000404,U00299,2026-02-04 02:50:50,booster,5.83,card
T000405,U00299,2026-02-06 14:42:48,cosmetic,8.29,card
T000406,U00299,2026-01-31 09:10:44,battlepass,9.39,card
T000407,U00301,2026-01-27 20:35:15,expansion,25.46,wallet
T000408,U00301,2026-02-15 06:56:01,cosmetic,9.13,wallet
T000409,U00304,2026-03-04 00:45:58,cosmetic,5.11,card
T000410,U00304,2026-03-16 01:20:41,currency,15.93,card
T000411,U00305,2026-02-15 02:21:21,cosmetic,7.46,card
T000412,U00305,2026-03-02 04:13:28,cosmetic,5.05,wallet
T000413,U00307,2026-02-15 15:05:21,expansion,23.98,card
T000414,U00309,2026-01-21 14:29:43,cosmetic,5.94,card
T000415,U00309,2026-01-23 14:20:08,currency,12.68,card
T000416,U00311,2026-02-27 17:28:47,cosmetic,10.55,card
T000417,U00311,2026-02-15 05:50:59,currency,19.78,card
T000418,U00312,2026-02-25 04:29:47,cosmetic,5.64,wallet
T000419,U00312,2026-03-09 05:09:45,booster,3.5,wallet
T000420,U00313,2026-02-05 03:44:05,currency,15.45,card
T000421,U00313,2026-01-17 15:33:55,cosmetic,10.45,card
T000422,U00313,2026-01-15 11:08:32,cosmetic,5.35,wallet
T000423,U00315,2026-02-05 04:55:04,cosmetic,4.44,card
T000424,U00315,2026-01-31 12:51:18,cosmetic,4.3,card
T000425,U00315,2026-02-05 17:53:18,cosmetic,4.14,card
T000426,U00315,2026-02-11 12:15:26,cosmetic,9.63,card
T000427,U00315,2026-02-11 14:48:33,cosmetic,8.45,card
T000428,U00316,2026-02-22 07:03:35,booster,3.09,wallet
T000429,U00319,2026-03-27 05:04:06,expansion,32.27,card
T000430,U00319,2026-03-23 21:39:38,booster,5.7,card
T000431,U00320,2026-03-07 11:58:46,battlepass,8.61,card
T000432,U00322,2026-01-09 03:10:59,booster,3.87,wallet
T000433,U00322,2026-02-02 19:32:00,booster,4.16,wallet
T000434,U00325,2026-03-16 01:21:25,booster,3.76,wallet
T000435,U00327,2026-01-21 09:13:31,booster,4.91,card
T000436,U00329,2026-01-09 01:20:39,cosmetic,7.46,wallet
T000437,U00329,2026-01-18 12:18:13,battlepass,15.61,wallet
T000438,U00329,2026-02-04 15:10:54,cosmetic,10.7,wallet
T000439,U00331,2026-02-05 18:20:48,booster,4.18,card
T000440,U00332,2026-01-26 19:08:40,battlepass,11.84,card
T000441,U00333,2026-02-01 22:09:34,booster,6.15,card
T000442,U00333,2026-01-20 03:44:12,cosmetic,8.09,card
T000443,U00333,2026-01-24 01:48:59,cosmetic,6.26,card
T000444,U00335,2026-01-29 02:19:18,cosmetic,7.25,card
T000445,U00335,2026-02-03 07:20:42,cosmetic,7.75,wallet
T000446,U00335,2026-02-14 12:41:13,cosmetic,7.55,wallet
T000447,U00335,2026-02-16 06:32:00,cosmetic,8.02,wallet
T000448,U00335,2026-01-31 10:10:34,cosmetic,7.82,wallet
T000449,U00335,2026-01-29 20:31:12,cosmetic,8.78,card
T000450,U00336,2026-03-12 01:44:28,cosmetic,9.26,card
T000451,U00336,2026-03-06 10:52:39,booster,3.53,card
T000452,U00337,2026-03-22 08:31:19,cosmetic,6.78,card
T000453,U00337,2026-03-07 05:02:35,currency,18.29,card
T000454,U00338,2026-01-22 18:38:42,battlepass,15.07,card
T000455,U00338,2026-02-02 00:46:46,expansion,19.66,card
T000456,U00342,2026-02-15 04:59:45,booster,5.41,wallet
T000457,U00343,2026-03-08 20:25:09,currency,14.1,wallet
T000458,U00343,2026-03-02 14:30:51,currency,16.28,card
T000459,U00345,2026-02-28 13:26:58,expansion,29.76,wallet
T000460,U00345,2026-03-21 16:54:23,cosmetic,10.38,wallet
T000461,U00345,2026-03-06 08:19:19,currency,10.69,card
T000462,U00345,2026-03-21 00:32:30,cosmetic,5.63,wallet
T000463,U00349,2026-01-24 16:23:56,battlepass,19.55,card
T000464,U00349,2026-01-16 04:23:06,booster,6.57,card
T000465,U00349,2026-01-14 14:38:54,expansion,27.63,wallet
T000466,U00349,2026-02-05 10:41:03,battlepass,13.1,wallet
T000467,U00350,2026-01-20 14:21:03,cosmetic,10.59,card
T000468,U00350,2026-01-17 03:37:33,cosmetic,5.26,card
T000469,U00350,2026-01-24 07:38:46,booster,3.18,card
T000470,U00350,2026-02-07 05:29:31,cosmetic,9.71,card
T000471,U00355,2026-03-11 10:36:25,booster,4.5,wallet
T000472,U00355,2026-03-14 14:59:43,cosmetic,5.53,wallet
T000473,U00355,2026-03-04 06:39:03,currency,12.36,card
T000474,U00355,2026-03-03 09:59:08,expansion,13.05,wallet
T000475,U00355,2026-02-28 09:16:24,expansion,30.37,wallet
T000476,U00357,2026-01-19 11:27:49,cosmetic,9.16,card
T000477,U00357,2026-01-13 03:29:20,currency,17.49,card
T000478,U00357,2026-01-21 20:42:48,currency,13.24,card
T000479,U00358,2026-02-24 04:35:14,cosmetic,8.69,card
T000480,U00358,2026-03-01 01:00:46,booster,2.75,card
T000481,U00358,2026-03-02 12:40:47,booster,3.79,card
T000482,U00359,2026-01-09 10:33:46,cosmetic,9.73,card
T000483,U00361,2026-03-04 14:08:54,cosmetic,8.06,wallet
T000484,U00361,2026-03-11 03:12:46,cosmetic,10.59,card
T000485,U00361,2026-03-09 16:46:03,booster,4.17,card
T000486,U00361,2026-03-06 07:37:16,currency,8.9,wallet
T000487,U00362,2026-03-06 18:47:50,battlepass,8.11,card
T000488,U00363,2026-01-16 14:07:21,currency,13.24,card
T000489,U00363,2026-01-15 08:32:02,cosmetic,7.81,card
T000490,U00363,2026-02-12 09:38:28,cosmetic,10.95,card
T000491,U00369,2026-01-31 02:57:01,battlepass,19.01,card
T000492,U00369,2026-01-22 01:35:34,currency,13.24,wallet
T000493,U00371,2026-01-25 04:01:57,currency,19.42,card
T000494,U00371,2026-02-13 12:08:53,cosmetic,5.2,wallet
T000495,U00371,2026-01-28 05:40:05,booster,5.24,wallet
T000496,U00371,2026-02-15 06:36:35,booster,5.04,wallet
T000497,U00373,2026-02-18 02:32:58,cosmetic,7.56,card
T000498,U00373,2026-02-16 17:47:18,cosmetic,10.57,card
T000499,U00376,2026-01-10 08:04:49,booster,5.68,card
T000500,U00376,2026-01-31 07:37:00,cosmetic,10.53,card
T000501,U00376,2026-01-25 19:21:19,cosmetic,8.84,card
T000502,U00378,2026-02-20 09:54:21,expansion,16.71,card
T000503,U00379,2026-01-27 02:04:22,booster,2.53,card
T000504,U00379,2026-02-13 15:44:53,cosmetic,4.3,card
T000505,U00379,2026-01-25 19:26:42,battlepass,15.51,wallet
T000506,U00379,2026-01-31 15:05:00,cosmetic,7.83,wallet
T000507,U00379,2026-02-12 14:00:41,expansion,21.98,card
T000508,U00379,2026-02-05 10:50:17,cosmetic,4.39,card
T000509,U00379,2026-02-21 20:16:23,currency,20.3,wallet
T000510,U00381,2026-01-24 23:50:59,booster,2.68,card
T000511,U00381,2026-01-05 12:55:52,cosmetic,6.17,card
T000512,U00381,2026-01-27 08:25:27,battlepass,8.6,card
T000513,U00382,2026-03-25 05:45:40,battlepass,18.24,card
T000514,U00384,2026-01-16 15:13:50,expansion,19.18,card
T000515,U00384,2026-01-16 13:41:20,cosmetic,7.75,card
T000516,U00384,2026-02-12 22:55:57,booster,3.41,card
T000517,U00389,2026-03-12 07:55:10,currency,11.15,card
T000518,U00389,2026-03-15 08:13:23,cosmetic,6.21,card
T000519,U00389,2026-03-08 14:45:19,currency,9.9,card
T000520,U00390,2026-02-04 06:04:04,currency,15.35,card
T000521,U00390,2026-02-04 11:48:42,booster,2.59,card
T000522,U00392,2026-01-29 11:11:52,cosmetic,5.32,wallet
T000523,U00392,2026-01-12 11:58:01,booster,3.84,wallet
T000524,U00392,2026-01-31 22:08:26,expansion,15.71,card
T000525,U00392,2026-01-29 09:10:47,battlepass,16.16,card
T000526,U00392,2026-01-26 08:14:09,currency,21.85,wallet
T000527,U00394,2026-02-13 22:20:21,cosmetic,9.36,card
T000528,U00394,2026-02-11 04:44:47,cosmetic,10.31,wallet
T000529,U00394,2026-02-20 05:27:36,currency,15.25,card
T000530,U00394,2026-02-24 03:04:30,currency,19.31,card
T000531,U00397,2026-01-19 00:06:43,currency,20.44,wallet
T000532,U00397,2026-01-20 03:25:33,booster,6.54,wallet
T000533,U00397,2026-01-18 11:19:24,cosmetic,5.42,wallet
T000534,U00397,2026-01-26 12:08:03,booster,5.98,wallet
T000535,U00397,2026-02-01 18:43:32,cosmetic,4.36,wallet
T000536,U00397,2026-01-14 17:09:59,currency,13.66,wallet
T000537,U00401,2026-03-26 21:14:43,battlepass,9.78,card
T000538,U00401,2026-03-01 07:44:35,booster,5.14,card
T000539,U00401,2026-03-17 01:51:27,expansion,15.87,card
T000540,U00402,2026-02-23 17:06:08,battlepass,16.84,wallet
T000541,U00402,2026-03-03 16:18:57,cosmetic,10.3,wallet
T000542,U00402,2026-03-14 12:57:00,currency,18.43,wallet
T000543,U00402,2026-03-06 14:12:25,booster,3.64,card
T000544,U00404,2026-03-16 20:45:52,cosmetic,10.15,card
T000545,U00404,2026-03-14 11:19:21,expansion,21.87,card
T000546,U00404,2026-02-28 15:57:13,booster,3.44,wallet
T000547,U00404,2026-03-02 17:24:31,cosmetic,7.39,wallet
T000548,U00407,2026-02-19 00:44:32,booster,4.75,card
T000549,U00409,2026-03-04 05:27:59,cosmetic,5.22,wallet
T000550,U00412,2026-01-22 00:56:33,currency,14.3,card
T000551,U00412,2026-01-31 15:43:37,expansion,20.24,card
T000552,U00412,2026-01-19 09:13:16,currency,10.64,card
T000553,U00412,2026-01-14 22:36:17,expansion,16.76,card
T000554,U00412,2026-02-11 11:42:07,booster,3.06,card
T000555,U00414,2026-01-20 05:11:52,booster,6.26,wallet
T000556,U00416,2026-02-19 16:52:52,expansion,16.56,card
T000557,U00416,2026-02-23 02:22:01,currency,21.93,card
T000558,U00417,2026-03-24 22:49:29,cosmetic,9.75,card
T000559,U00418,2026-02-02 05:09:57,currency,10.89,card
T000560,U00418,2026-01-20 03:50:29,currency,21.52,card
T000561,U00418,2026-01-17 18:44:40,booster,4.54,card
T000562,U00421,2026-03-12 10:37:14,expansion,22.74,card
T000563,U00421,2026-02-25 08:23:59,currency,10.9,card
T000564,U00421,2026-03-06 09:20:16,cosmetic,7.84,card
T000565,U00423,2026-02-16 13:12:30,cosmetic,6.34,wallet
T000566,U00423,2026-03-16 23:36:23,booster,2.75,wallet
T000567,U00423,2026-02-15 00:19:39,cosmetic,5.63,card
T000568,U00423,2026-02-27 23:24:53,cosmetic,5.3,card
T000569,U00423,2026-03-06 07:41:22,cosmetic,9.15,card
T000570,U00423,2026-02-17 14:04:31,battlepass,20.28,card
T000571,U00424,2026-03-04 14:19:06,booster,2.98,wallet
T000572,U00424,2026-02-22 20:39:41,currency,15.48,wallet
T000573,U00424,2026-02-17 04:13:18,battlepass,16.41,wallet
T000574,U00425,2026-02-21 13:24:19,cosmetic,7.98,card
T000575,U00430,2026-02-12 17:17:59,currency,12.96,card
T000576,U00430,2026-03-06 18:52:44,currency,15.99,card
T000577,U00431,2026-01-07 01:12:42,booster,3.34,card
T000578,U00431,2026-01-16 16:08:52,expansion,28.96,card
T000579,U00431,2026-02-02 17:53:40,cosmetic,5.43,card
T000580,U00431,2026-01-22 13:07:18,booster,4.16,card
T000581,U00431,2026-01-06 16:31:49,cosmetic,5.94,card
T000582,U00433,2026-03-09 12:33:47,booster,4.98,wallet
T000583,U00433,2026-02-27 09:37:02,cosmetic,5.94,card
T000584,U00439,2026-01-14 10:50:17,battlepass,11.79,card
T000585,U00439,2026-01-24 04:02:12,booster,4.56,wallet
T000586,U00439,2026-01-18 21:31:44,cosmetic,8.79,card
T000587,U00439,2026-01-30 05:59:43,battlepass,9.47,wallet
T000588,U00444,2026-02-14 05:42:24,booster,4.98,wallet
T000589,U00444,2026-02-05 18:53:06,cosmetic,7.51,wallet
T000590,U00444,2026-02-05 06:51:23,cosmetic,7.06,card
T000591,U00447,2026-02-10 03:45:50,battlepass,15.98,card
T000592,U00447,2026-01-28 04:10:01,booster,5.15,wallet
T000593,U00447,2026-02-01 14:01:56,expansion,28.52,card
T000594,U00454,2026-01-25 11:52:54,currency,11.19,card
T000595,U00454,2026-01-02 15:23:13,battlepass,12.01,wallet
T000596,U00454,2026-01-12 17:51:20,cosmetic,9.76,card
T000597,U00455,2026-02-11 21:44:43,battlepass,18.35,card
T000598,U00455,2026-02-20 21:38:22,currency,10.46,card
T000599,U00455,2026-02-11 20:34:58,currency,10.41,card
T000600,U00456,2026-02-04 21:36:24,cosmetic,9.81,card
T000601,U00456,2026-02-28 18:57:43,cosmetic,10.0,card
T000602,U00456,2026-02-06 10:53:14,battlepass,10.06,card
T000603,U00456,2026-02-27 20:17:10,booster,3.2,card
T000604,U00456,2026-02-10 13:37:36,expansion,20.82,card
T000605,U00456,2026-03-02 21:16:22,currency,11.61,card
T000606,U00457,2026-01-14 02:08:41,cosmetic,10.04,card
T000607,U00459,2026-02-24 13:49:15,cosmetic,10.6,wallet
T000608,U00460,2026-01-29 03:02:46,expansion,27.59,card
T000609,U00460,2026-01-12 12:47:45,cosmetic,9.6,card
T000610,U00460,2026-02-01 20:03:18,expansion,18.2,wallet
T000611,U00464,2026-02-18 14:59:26,booster,6.11,card
T000612,U00464,2026-02-19 20:43:03,expansion,30.69,card
T000613,U00464,2026-02-10 12:31:41,expansion,29.25,card
T000614,U00468,2026-02-14 21:34:37,battlepass,21.21,card
T000615,U00468,2026-02-12 01:21:36,cosmetic,5.79,card
T000616,U00468,2026-02-07 06:14:50,currency,14.88,card
T000617,U00468,2026-02-14 10:33:18,cosmetic,6.43,card
T000618,U00468,2026-03-03 11:47:07,cosmetic,8.77,card
T000619,U00468,2026-02-22 10:21:48,expansion,26.93,card
T000620,U00469,2026-01-11 11:13:17,booster,5.4,card
T000621,U00469,2026-01-12 00:51:02,currency,15.75,card
T000622,U00475,2026-02-18 09:03:22,booster,2.64,card
T000623,U00475,2026-02-14 00:05:12,cosmetic,10.71,wallet
T000624,U00475,2026-03-05 19:32:32,currency,8.74,wallet
T000625,U00476,2026-03-15 19:16:42,booster,4.95,card
T000626,U00476,2026-02-23 16:01:21,expansion,21.4,card
T000627,U00476,2026-02-25 10:57:33,booster,6.03,card
T000628,U00476,2026-03-07 10:42:11,expansion,24.69,card
T000629,U00476,2026-03-11 16:36:30,booster,6.09,card
T000630,U00476,2026-02-22 22:59:37,booster,3.55,card
T000631,U00477,2026-03-13 16:05:49,cosmetic,5.15,card
T000632,U00477,2026-03-02 07:38:44,booster,3.54,card
T000633,U00478,2026-01-16 00:59:43,booster,4.32,card
T000634,U00478,2026-01-10 04:38:44,cosmetic,6.64,card
T000635,U00478,2026-01-16 00:32:28,cosmetic,10.28,card
T000636,U00479,2026-02-27 10:18:27,battlepass,18.66,card
T000637,U00479,2026-02-27 06:50:39,booster,4.37,card
T000638,U00481,2026-01-25 02:23:45,battlepass,19.58,card
T000639,U00481,2026-01-23 05:17:26,battlepass,20.17,wallet
T000640,U00483,2026-02-08 10:28:29,cosmetic,6.18,card
T000641,U00483,2026-02-11 14:18:54,currency,14.19,card
T000642,U00483,2026-02-02 17:46:22,cosmetic,4.48,card
T000643,U00483,2026-01-30 14:19:33,booster,2.92,card
T000644,U00483,2026-02-04 01:48:05,cosmetic,8.41,card
T000645,U00485,2026-02-14 07:03:10,booster,4.52,card
T000646,U00486,2026-02-12 23:56:43,booster,3.96,card
T000647,U00486,2026-01-30 07:53:40,battlepass,20.22,card
T000648,U00488,2026-02-12 10:25:37,cosmetic,7.69,wallet
T000649,U00488,2026-02-05 06:13:59,booster,2.61,wallet
T000650,U00488,2026-02-15 03:13:02,cosmetic,4.31,card
T000651,U00490,2026-03-01 14:29:57,cosmetic,4.04,wallet
T000652,U00490,2026-02-15 03:05:32,booster,2.92,wallet
T000653,U00491,2026-03-07 18:15:25,currency,14.66,card
T000654,U00491,2026-03-15 16:16:50,cosmetic,8.2,card
T000655,U00494,2026-02-10 19:39:18,booster,6.13,wallet
T000656,U00494,2026-02-28 05:42:44,currency,16.35,card
T000657,U00495,2026-02-06 23:48:20,cosmetic,7.95,wallet
T000658,U00495,2026-01-21 14:37:12,currency,15.15,wallet
T000659,U00495,2026-01-20 17:32:46,booster,3.93,wallet
T000660,U00497,2026-01-14 22:23:42,currency,9.88,card
T000661,U00497,2026-01-29 04:26:34,currency,9.22,card
T000662,U00497,2026-01-10 10:33:49,booster,5.15,card
T000663,U00499,2026-03-06 04:06:38,expansion,19.55,card
T000664,U00499,2026-03-10 00:49:59,cosmetic,4.58,card
T000665,U00499,2026-03-11 07:18:25,cosmetic,9.34,card
T000666,U00500,2026-02-17 09:41:33,booster,4.09,wallet
T000667,U00500,2026-02-13 23:19:39,cosmetic,8.59,card
T000668,U00501,2026-01-12 10:06:50,currency,21.82,card
T000669,U00502,2026-03-02 05:06:23,currency,11.33,wallet
T000670,U00502,2026-03-04 09:10:26,expansion,16.37,wallet
T000671,U00502,2026-02-12 21:34:41,battlepass,14.05,wallet
T000672,U00503,2026-03-18 13:53:38,expansion,30.61,card
T000673,U00503,2026-03-06 05:20:35,battlepass,19.47,wallet
T000674,U00503,2026-03-02 15:06:29,currency,10.17,card
T000675,U00503,2026-03-05 04:46:32,cosmetic,10.51,wallet
T000676,U00503,2026-02-28 06:53:28,booster,5.7,wallet
T000677,U00503,2026-03-25 20:51:33,booster,4.86,card
T000678,U00503,2026-03-03 06:15:47,cosmetic,7.4,wallet
T000679,U00503,2026-03-03 12:27:08,expansion,28.95,wallet
T000680,U00503,2026-03-03 20:43:38,currency,11.83,wallet
T000681,U00506,2026-02-07 20:36:18,currency,21.61,wallet
T000682,U00506,2026-01-30 03:56:06,currency,14.58,card
T000683,U00506,2026-02-10 23:06:53,cosmetic,7.48,wallet
T000684,U00510,2026-02-11 14:24:28,booster,6.41,card
T000685,U00515,2026-03-04 10:07:20,expansion,15.04,card
T000686,U00515,2026-03-13 19:54:58,cosmetic,9.07,card
T000687,U00516,2026-01-14 23:59:59,currency,19.18,card
T000688,U00516,2026-01-21 12:59:22,booster,5.35,card
T000689,U00518,2026-01-08 05:00:45,cosmetic,6.04,card
T000690,U00518,2026-01-13 11:59:25,cosmetic,5.55,card
T000691,U00521,2026-02-08 14:38:59,booster,2.56,card
T000692,U00523,2026-01-29 16:18:14,booster,2.99,card
T000693,U00523,2026-01-30 23:53:30,booster,3.69,wallet
T000694,U00523,2026-01-29 22:08:45,cosmetic,5.83,wallet
T000695,U00523,2026-01-23 19:24:51,cosmetic,4.01,wallet
T000696,U00524,2026-03-02 17:24:35,booster,6.22,wallet
T000697,U00524,2026-03-05 16:44:13,booster,5.05,wallet
T000698,U00524,2026-03-06 10:11:01,cosmetic,6.34,wallet
T000699,U00527,2026-03-22 04:32:19,battlepass,14.37,card
T000700,U00528,2026-02-05 21:31:43,cosmetic,10.75,card
T000701,U00528,2026-01-09 08:03:11,expansion,31.36,card
T000702,U00528,2026-01-25 09:02:48,booster,6.32,card
T000703,U00528,2026-01-20 22:35:51,currency,8.48,card
T000704,U00530,2026-03-04 08:04:51,booster,5.69,wallet
T000705,U00530,2026-03-08 08:32:39,expansion,26.55,wallet
T000706,U00531,2026-02-09 21:29:14,cosmetic,9.4,card
T000707,U00531,2026-02-17 12:25:56,booster,5.99,wallet
T000708,U00533,2026-01-18 05:41:46,expansion,24.59,card
T000709,U00536,2026-01-16 12:12:20,battlepass,12.7,wallet
T000710,U00536,2026-01-15 02:52:02,booster,6.07,wallet
T000711,U00536,2026-01-14 08:29:09,cosmetic,9.81,card
T000712,U00536,2026-01-26 14:11:05,currency,15.01,card
T000713,U00536,2026-01-21 23:22:42,cosmetic,6.3,card
T000714,U00537,2026-02-09 01:23:13,currency,14.0,card
T000715,U00537,2026-02-17 11:33:19,booster,5.45,card
T000716,U00538,2026-02-02 23:39:23,expansion,23.33,card
T000717,U00538,2026-01-09 06:52:21,currency,11.06,card
T000718,U00538,2026-01-27 12:03:23,booster,2.97,card
T000719,U00538,2026-01-31 23:08:09,booster,5.74,card
T000720,U00546,2026-01-23 21:01:15,cosmetic,6.59,card
T000721,U00546,2026-01-10 14:53:32,currency,16.88,card
T000722,U00546,2026-01-25 09:06:42,battlepass,8.24,card
T000723,U00546,2026-02-02 21:00:36,currency,19.44,card
T000724,U00546,2026-01-24 20:21:50,cosmetic,9.99,card
T000725,U00549,2026-03-01 15:59:01,currency,19.52,card
T000726,U00549,2026-02-09 11:42:49,battlepass,17.09,card
T000727,U00549,2026-03-01 09:19:06,expansion,20.11,card
T000728,U00550,2026-03-05 02:29:41,booster,3.72,card
T000729,U00550,2026-03-05 16:53:26,expansion,27.66,card
T000730,U00550,2026-02-27 06:17:30,currency,17.15,card
T000731,U00552,2026-02-18 12:32:01,cosmetic,10.22,card
T000732,U00552,2026-02-06 13:20:37,booster,5.33,card
T000733,U00553,2026-02-21 16:08:06,booster,5.55,wallet
T000734,U00553,2026-02-23 08:30:15,cosmetic,8.85,wallet
T000735,U00555,2026-03-26 17:38:12,currency,19.07,wallet
T000736,U00555,2026-03-21 07:26:09,booster,2.4,card
T000737,U00555,2026-03-14 17:01:20,currency,20.18,card
T000738,U00555,2026-03-14 12:56:34,cosmetic,7.36,wallet
T000739,U00556,2026-02-13 00:25:09,cosmetic,7.57,card
T000740,U00556,2026-02-14 19:36:14,cosmetic,7.71,card
T000741,U00556,2026-02-16 05:23:59,cosmetic,8.34,card
T000742,U00557,2026-03-05 13:40:58,currency,13.17,wallet
T000743,U00557,2026-03-01 01:21:21,cosmetic,9.78,wallet
T000744,U00557,2026-02-20 08:23:38,booster,3.2,card
T000745,U00557,2026-02-23 15:55:14,cosmetic,5.24,wallet
T000746,U00557,2026-03-05 06:30:39,cosmetic,6.57,wallet
T000747,U00558,2026-03-22 11:29:53,currency,17.72,card
T000748,U00558,2026-03-23 03:27:59,booster,4.16,card
T000749,U00558,2026-02-24 23:29:52,cosmetic,6.81,card
T000750,U00564,2026-01-22 14:28:01,battlepass,8.87,card
T000751,U00564,2026-01-23 04:58:58,cosmetic,6.38,card
T000752,U00566,2026-02-08 06:52:34,currency,20.68,wallet
T000753,U00566,2026-01-22 17:15:18,currency,8.17,card
T000754,U00566,2026-01-16 16:59:49,currency,11.66,wallet
T000755,U00566,2026-01-23 07:18:35,cosmetic,10.34,wallet
T000756,U00566,2026-01-19 03:31:54,cosmetic,5.41,wallet
T000757,U00569,2026-02-16 07:07:36,cosmetic,9.22,card
T000758,U00572,2026-02-14 17:26:09,expansion,14.12,wallet
T000759,U00576,2026-01-31 10:13:10,booster,4.41,wallet
T000760,U00576,2026-01-26 21:09:48,cosmetic,4.31,wallet
T000761,U00578,2026-02-25 12:41:58,cosmetic,8.4,card
T000762,U00578,2026-02-24 08:26:53,expansion,25.9,card
T000763,U00578,2026-02-19 00:03:49,cosmetic,10.57,card
T000764,U00579,2026-03-04 10:13:56,cosmetic,9.08,wallet
T000765,U00579,2026-02-28 04:31:12,booster,5.1,wallet
T000766,U00580,2026-01-07 06:39:37,currency,9.02,card
T000767,U00580,2026-01-23 01:37:07,currency,20.23,card
T000768,U00580,2026-02-04 20:30:42,cosmetic,9.19,card
T000769,U00580,2026-01-16 04:41:44,cosmetic,6.31,card
T000770,U00585,2026-01-26 12:18:17,currency,9.77,card
T000771,U00585,2026-02-18 17:05:48,booster,4.53,card
T000772,U00585,2026-02-09 01:31:32,cosmetic,5.4,card
T000773,U00585,2026-02-07 15:04:08,battlepass,9.91,card
T000774,U00587,2026-02-22 20:24:11,battlepass,19.5,card
T000775,U00587,2026-03-03 12:49:50,booster,3.92,card
T000776,U00588,2026-01-14 16:01:13,cosmetic,9.26,wallet
T000777,U00588,2026-01-06 10:40:54,cosmetic,7.49,wallet
T000778,U00588,2026-01-25 07:42:38,currency,20.07,wallet
T000779,U00589,2026-03-17 00:38:37,currency,19.12,card
T000780,U00589,2026-03-08 07:07:37,currency,15.13,wallet
T000781,U00594,2026-03-11 23:41:41,currency,10.23,card
T000782,U00594,2026-03-16 04:06:38,cosmetic,7.54,card
T000783,U00594,2026-03-08 07:55:00,cosmetic,8.94,card
T000784,U00594,2026-03-04 02:45:44,currency,17.32,card
T000785,U00596,2026-02-21 14:42:08,cosmetic,5.41,card
T000786,U00597,2026-02-09 07:50:15,cosmetic,4.39,wallet
T000787,U00597,2026-03-05 20:20:52,booster,3.16,wallet
T000788,U00597,2026-02-08 02:20:49,expansion,21.19,card
T000789,U00602,2026-03-10 07:11:05,battlepass,8.78,wallet
T000790,U00602,2026-02-20 21:54:48,cosmetic,7.32,wallet
T000791,U00608,2026-02-08 11:13:11,currency,10.34,card
T000792,U00608,2026-02-03 13:27:15,cosmetic,7.49,card
T000793,U00610,2026-03-15 15:13:28,battlepass,12.93,card
T000794,U00610,2026-03-16 13:32:58,currency,11.31,card
T000795,U00611,2026-03-05 05:04:25,expansion,21.02,card
T000796,U00611,2026-03-16 17:27:41,battlepass,14.0,card
T000797,U00612,2026-02-24 09:07:49,currency,20.79,card
T000798,U00612,2026-02-06 21:53:09,expansion,14.36,card
T000799,U00612,2026-02-10 11:41:36,battlepass,17.47,card
T000800,U00612,2026-02-24 12:32:04,cosmetic,6.57,card
T000801,U00613,2026-03-05 03:58:50,currency,21.44,card
T000802,U00613,2026-02-17 04:37:09,currency,21.08,wallet
T000803,U00614,2026-01-26 01:25:41,cosmetic,8.45,wallet
T000804,U00614,2026-02-11 05:30:39,cosmetic,6.3,card
T000805,U00614,2026-02-16 04:09:41,cosmetic,8.96,card
T000806,U00614,2026-02-20 11:58:48,battlepass,13.89,card
T000807,U00614,2026-02-04 19:40:01,booster,4.34,wallet
T000808,U00621,2026-01-30 05:41:25,cosmetic,6.35,wallet
T000809,U00621,2026-02-08 06:36:32,cosmetic,10.81,wallet
T000810,U00621,2026-02-22 12:06:19,cosmetic,6.96,card
T000811,U00621,2026-02-24 03:51:06,battlepass,15.35,wallet
T000812,U00621,2026-02-25 03:55:27,currency,20.9,card
T000813,U00624,2026-02-10 15:59:47,cosmetic,8.11,card
T000814,U00624,2026-02-09 16:08:38,battlepass,11.66,card
T000815,U00624,2026-02-09 14:19:27,battlepass,11.23,wallet
T000816,U00624,2026-02-12 15:36:23,expansion,18.23,wallet
T000817,U00625,2026-03-01 14:56:57,cosmetic,7.23,wallet
T000818,U00625,2026-03-01 12:47:00,expansion,27.86,card
T000819,U00628,2026-02-09 18:10:45,cosmetic,5.18,wallet
T000820,U00631,2026-03-07 03:57:48,cosmetic,5.85,wallet
T000821,U00631,2026-03-10 03:40:17,cosmetic,10.07,card
T000822,U00631,2026-02-21 17:59:41,cosmetic,4.66,wallet
T000823,U00631,2026-02-26 22:42:10,battlepass,9.36,card
T000824,U00632,2026-01-23 03:40:17,booster,4.51,card
T000825,U00634,2026-02-14 07:56:18,cosmetic,5.02,card
T000826,U00634,2026-02-03 14:33:39,booster,6.36,card
T000827,U00635,2026-01-18 22:44:09,cosmetic,9.24,card
T000828,U00635,2026-01-15 01:01:14,cosmetic,5.0,card
T000829,U00636,2026-02-22 14:36:21,cosmetic,7.77,card
T000830,U00636,2026-02-25 08:26:27,cosmetic,8.29,card
T000831,U00636,2026-03-02 13:05:32,booster,3.22,card
T000832,U00636,2026-02-11 11:36:01,currency,16.56,card
T000833,U00637,2026-01-23 17:59:33,cosmetic,6.51,card
T000834,U00637,2026-01-18 11:51:42,cosmetic,7.46,card
T000835,U00637,2026-01-19 03:46:33,cosmetic,9.79,card
T000836,U00638,2026-02-12 12:46:35,cosmetic,9.23,wallet
T000837,U00639,2026-03-14 05:29:59,battlepass,15.25,card
T000838,U00639,2026-03-09 11:37:46,cosmetic,9.27,card
T000839,U00639,2026-02-24 22:14:30,battlepass,12.76,card
T000840,U00639,2026-02-18 02:41:13,currency,9.57,card
T000841,U00639,2026-02-24 14:54:43,cosmetic,10.7,card
T000842,U00639,2026-03-07 19:28:25,expansion,31.57,card
T000843,U00639,2026-03-08 15:01:49,booster,2.47,card
T000844,U00640,2026-03-04 04:41:18,booster,6.07,card
T000845,U00640,2026-03-25 18:22:02,cosmetic,7.65,card
T000846,U00640,2026-03-20 14:46:34,cosmetic,7.92,card
T000847,U00640,2026-03-04 07:02:40,battlepass,9.77,card
T000848,U00641,2026-02-23 15:36:59,cosmetic,5.34,wallet
T000849,U00641,2026-02-18 08:37:22,booster,3.55,wallet
T000850,U00641,2026-03-08 23:34:55,cosmetic,10.79,card
T000851,U00652,2026-02-18 22:02:08,booster,2.95,card
T000852,U00652,2026-02-24 23:04:05,battlepass,11.65,wallet
T000853,U00654,2026-02-23 14:15:46,battlepass,18.03,card
T000854,U00654,2026-03-17 13:32:15,expansion,28.37,card
T000855,U00654,2026-02-21 05:46:01,currency,18.31,card
T000856,U00654,2026-02-28 11:20:35,cosmetic,10.44,card
T000857,U00655,2026-02-25 09:28:10,expansion,23.81,wallet
T000858,U00655,2026-02-03 15:11:52,expansion,22.0,wallet
T000859,U00655,2026-02-17 02:47:04,expansion,19.08,wallet
T000860,U00658,2026-03-04 10:32:39,currency,14.19,wallet
T000861,U00664,2026-02-09 04:22:29,currency,15.47,card
T000862,U00664,2026-02-06 18:20:33,battlepass,14.42,card
T000863,U00665,2026-02-18 20:40:08,currency,16.23,card
T000864,U00668,2026-02-26 18:22:23,currency,10.43,card
T000865,U00668,2026-02-23 19:47:57,cosmetic,4.84,wallet
T000866,U00668,2026-03-03 01:07:36,booster,3.55,card
T000867,U00672,2026-02-26 09:15:20,cosmetic,7.46,card
T000868,U00672,2026-02-20 23:56:36,battlepass,13.71,wallet
T000869,U00672,2026-02-16 15:45:54,cosmetic,5.63,wallet
T000870,U00673,2026-03-03 00:19:44,cosmetic,8.6,card
T000871,U00673,2026-03-09 18:47:54,battlepass,15.74,card
T000872,U00673,2026-02-17 10:56:18,cosmetic,5.1,card
T000873,U00673,2026-03-06 17:36:03,battlepass,19.74,card
T000874,U00676,2026-03-10 21:24:36,cosmetic,10.56,wallet
T000875,U00679,2026-02-06 14:49:27,booster,5.59,card
T000876,U00679,2026-02-12 22:01:30,booster,3.77,card
T000877,U00679,2026-02-09 18:28:09,cosmetic,7.64,card
T000878,U00679,2026-02-04 17:11:19,cosmetic,7.72,card
T000879,U00681,2026-03-01 04:30:18,expansion,12.01,card
T000880,U00681,2026-02-20 10:08:55,currency,12.87,card
T000881,U00681,2026-03-01 23:24:58,currency,10.83,card
T000882,U00682,2026-01-18 21:38:07,booster,3.86,wallet
T000883,U00682,2026-01-12 00:01:38,booster,5.17,card
T000884,U00684,2026-03-24 22:34:24,expansion,23.4,card
T000885,U00684,2026-03-08 14:39:12,cosmetic,8.5,wallet
T000886,U00687,2026-02-13 05:12:26,cosmetic,6.92,wallet
T000887,U00687,2026-02-09 16:38:15,expansion,32.63,card
T000888,U00688,2026-02-20 12:10:11,cosmetic,9.66,card
T000889,U00688,2026-02-05 17:47:59,booster,3.09,card
T000890,U00688,2026-02-27 21:42:56,currency,14.13,card
T000891,U00688,2026-02-14 14:27:29,booster,4.28,card
T000892,U00688,2026-02-15 02:47:51,expansion,18.52,card
T000893,U00690,2026-02-28 11:52:20,booster,6.27,wallet
T000894,U00694,2026-03-22 09:05:48,currency,19.66,card
T000895,U00694,2026-03-04 13:56:31,expansion,26.43,card
T000896,U00695,2026-01-27 22:46:22,currency,9.32,card
T000897,U00696,2026-01-18 02:05:29,cosmetic,8.22,card
T000898,U00699,2026-01-13 00:08:37,currency,14.28,card
T000899,U00699,2026-01-06 22:45:52,cosmetic,6.85,card
T000900,U00699,2026-01-19 20:20:16,expansion,23.06,card
T000901,U00699,2026-01-12 02:47:33,currency,20.75,card
T000902,U00699,2026-01-21 13:29:42,currency,16.66,card
T000903,U00699,2026-01-22 21:48:21,cosmetic,4.0,card
T000904,U00703,2026-01-18 18:08:44,booster,5.0,card
T000905,U00704,2026-01-12 01:47:05,cosmetic,5.02,card
T000906,U00704,2026-01-14 22:11:56,cosmetic,4.18,card
T000907,U00704,2026-02-02 00:25:28,booster,4.7,card
T000908,U00704,2026-02-01 15:35:07,currency,10.52,card
T000909,U00706,2026-02-21 12:59:12,cosmetic,9.94,card
T000910,U00706,2026-02-28 03:15:05,cosmetic,8.55,card
T000911,U00707,2026-01-24 23:34:19,cosmetic,8.29,card
T000912,U00707,2026-01-18 02:14:38,expansion,19.68,wallet
T000913,U00707,2026-01-08 12:53:38,cosmetic,9.26,card
T000914,U00707,2026-01-08 02:01:39,cosmetic,5.4,wallet
T000915,U00708,2026-02-11 00:58:19,cosmetic,10.45,wallet
T000916,U00708,2026-02-25 23:07:40,cosmetic,6.59,wallet
T000917,U00709,2026-02-17 11:41:05,currency,15.88,wallet
T000918,U00709,2026-02-16 18:23:14,expansion,18.75,card
T000919,U00709,2026-02-24 22:14:10,battlepass,8.09,wallet
T000920,U00709,2026-02-03 17:14:14,cosmetic,10.59,card
T000921,U00713,2026-03-01 02:35:34,expansion,14.95,card
T000922,U00717,2026-02-27 07:56:15,cosmetic,5.64,card
T000923,U00717,2026-02-22 03:48:27,booster,2.6,wallet
T000924,U00717,2026-02-09 03:41:29,currency,15.28,wallet
T000925,U00717,2026-02-18 22:40:27,currency,13.09,card
T000926,U00718,2026-02-24 08:41:27,booster,6.17,card
T000927,U00718,2026-02-20 14:17:35,battlepass,20.71,card
T000928,U00718,2026-02-20 11:53:39,cosmetic,9.8,card
T000929,U00718,2026-02-22 04:43:50,cosmetic,5.92,card
T000930,U00718,2026-02-21 06:11:49,battlepass,8.93,card
T000931,U00718,2026-02-21 10:18:19,expansion,27.39,card
T000932,U00718,2026-02-10 03:36:50,currency,16.08,card
T000933,U00719,2026-01-19 06:38:49,booster,5.04,card
T000934,U00719,2026-01-15 17:40:05,cosmetic,9.18,wallet
T000935,U00719,2026-02-08 00:34:14,cosmetic,7.06,card
T000936,U00722,2026-03-13 20:39:19,currency,10.67,card
T000937,U00722,2026-03-08 09:20:28,cosmetic,6.12,card
T000938,U00722,2026-03-06 18:33:59,cosmetic,5.99,card
T000939,U00724,2026-02-06 10:19:39,currency,8.71,card
T000940,U00726,2026-01-08 14:25:09,currency,15.19,card
T000941,U00729,2026-02-08 19:59:27,booster,6.49,card
T000942,U00729,2026-02-07 04:22:27,expansion,13.01,card
T000943,U00729,2026-02-18 13:22:28,cosmetic,5.45,card
T000944,U00732,2026-01-29 03:40:24,expansion,27.81,card
T000945,U00732,2026-02-12 23:55:43,cosmetic,4.55,card
T000946,U00732,2026-01-31 21:31:12,battlepass,8.47,card
T000947,U00733,2026-02-27 16:07:15,booster,4.86,wallet
T000948,U00733,2026-02-26 03:01:40,battlepass,21.52,wallet
T000949,U00733,2026-03-13 02:32:06,cosmetic,4.99,card
T000950,U00733,2026-03-11 05:04:56,cosmetic,4.56,wallet
T000951,U00737,2026-03-14 23:00:17,cosmetic,9.87,card
T000952,U00739,2026-03-14 23:58:08,booster,5.4,wallet
T000953,U00739,2026-02-25 15:48:58,booster,6.57,wallet
T000954,U00739,2026-03-15 06:27:53,cosmetic,9.86,wallet
T000955,U00739,2026-03-07 03:02:41,battlepass,18.61,card
T000956,U00743,2026-02-09 12:02:07,expansion,27.4,wallet
T000957,U00744,2026-01-22 20:38:17,cosmetic,10.94,card
T000958,U00744,2026-01-26 02:41:08,cosmetic,6.97,card
T000959,U00744,2026-01-24 03:07:00,expansion,28.98,card
T000960,U00746,2026-02-13 19:44:36,booster,6.19,wallet
T000961,U00746,2026-01-28 09:15:27,currency,18.89,wallet
T000962,U00746,2026-02-20 01:24:04,booster,5.48,wallet
T000963,U00746,2026-01-26 23:02:10,cosmetic,4.96,wallet
T000964,U00748,2026-01-19 18:29:27,booster,3.12,card
T000965,U00748,2026-01-24 13:11:43,booster,3.67,card
T000966,U00748,2026-01-28 15:47:48,battlepass,9.7,card
T000967,U00748,2026-02-13 18:26:57,battlepass,9.67,card
T000968,U00750,2026-01-17 03:44:46,cosmetic,4.3,card
T000969,U00752,2026-01-17 17:36:36,cosmetic,9.43,wallet
T000970,U00758,2026-02-14 23:22:25,booster,6.5,card
T000971,U00758,2026-02-16 18:13:35,battlepass,9.21,card
T000972,U00758,2026-02-09 05:11:00,cosmetic,10.11,card
T000973,U00759,2026-01-19 16:31:59,booster,3.01,wallet
T000974,U00759,2026-01-26 22:11:46,currency,17.9,card
T000975,U00759,2026-01-12 09:31:38,battlepass,14.61,wallet
T000976,U00762,2026-02-04 06:42:50,currency,18.24,wallet
T000977,U00762,2026-02-18 21:23:01,battlepass,18.16,wallet
T000978,U00765,2026-02-16 01:38:46,currency,14.86,card
T000979,U00765,2026-02-09 14:22:40,booster,4.35,wallet
T000980,U00772,2026-03-04 04:55:22,cosmetic,10.41,wallet
T000981,U00772,2026-03-04 20:19:03,cosmetic,7.3,card
T000982,U00772,2026-03-23 14:51:02,cosmetic,4.97,card
T000983,U00772,2026-03-25 19:52:47,currency,11.66,wallet
T000984,U00773,2026-01-09 10:37:46,booster,3.57,card
T000985,U00773,2026-01-12 15:35:30,cosmetic,4.53,card
T000986,U00773,2026-01-12 16:49:25,cosmetic,10.52,card
T000987,U00773,2026-01-29 15:34:00,cosmetic,5.25,card
T000988,U00773,2026-01-30 20:38:38,currency,9.79,card
T000989,U00773,2026-01-05 19:35:18,booster,3.51,card
T000990,U00777,2026-02-16 19:29:52,expansion,31.99,card
T000991,U00777,2026-01-29 02:40:21,cosmetic,8.0,card
T000992,U00777,2026-02-24 09:42:38,currency,10.95,card
T000993,U00778,2026-01-11 13:51:14,expansion,15.54,wallet
T000994,U00779,2026-02-12 18:31:18,cosmetic,7.77,wallet
T000995,U00779,2026-01-31 14:00:11,cosmetic,9.53,wallet
T000996,U00779,2026-01-24 20:10:38,cosmetic,8.12,wallet
T000997,U00781,2026-03-18 23:28:43,cosmetic,9.71,card
T000998,U00781,2026-03-01 04:24:12,expansion,12.12,card
T000999,U00783,2026-01-22 16:19:57,cosmetic,7.9,card
T001000,U00783,2026-01-16 05:30:01,cosmetic,9.64,card
T001001,U00783,2026-01-20 20:55:36,currency,20.02,card
T001002,U00784,2026-01-18 18:38:58,currency,19.71,wallet
T001003,U00784,2026-01-31 19:46:27,cosmetic,9.09,wallet
T001004,U00787,2026-01-31 07:54:11,cosmetic,4.59,card
T001005,U00787,2026-01-23 09:08:19,cosmetic,10.17,card
T001006,U00792,2026-02-24 05:40:02,booster,4.59,wallet
T001007,U00792,2026-02-18 14:47:44,cosmetic,9.07,wallet
T001008,U00792,2026-02-17 23:52:00,currency,8.18,card
T001009,U00793,2026-03-08 06:48:29,expansion,22.82,card
T001010,U00793,2026-03-10 01:46:03,cosmetic,6.23,card
T001011,U00795,2026-02-22 19:06:46,currency,17.81,card
T001012,U00796,2026-02-09 14:57:03,cosmetic,6.66,card
T001013,U00796,2026-02-05 12:15:58,currency,17.95,card
T001014,U00800,2026-02-07 08:44:06,currency,20.82,card
T001015,U00800,2026-01-27 20:31:38,currency,9.17,card
T001016,U00800,2026-02-02 18:11:33,booster,5.02,card
T001017,U00802,2026-02-04 23:39:34,currency,13.42,wallet
T001018,U00806,2026-02-16 23:30:12,battlepass,20.29,card
T001019,U00807,2026-02-05 01:25:44,cosmetic,9.71,card
T001020,U00807,2026-02-03 14:43:38,booster,5.02,card
T001021,U00807,2026-02-24 08:25:31,cosmetic,7.93,card
T001022,U00808,2026-01-07 19:04:00,cosmetic,7.24,card
T001023,U00808,2026-02-03 17:52:08,cosmetic,9.78,wallet
T001024,U00808,2026-01-12 09:12:40,cosmetic,7.44,wallet
T001025,U00812,2026-02-23 17:00:16,booster,3.73,card
T001026,U00812,2026-03-01 20:17:25,cosmetic,6.14,card
T001027,U00812,2026-03-13 14:04:14,cosmetic,8.36,card
T001028,U00812,2026-02-27 05:59:10,currency,21.93,card
T001029,U00812,2026-03-05 20:41:00,cosmetic,6.29,card
T001030,U00813,2026-02-14 17:26:44,cosmetic,9.31,card
T001031,U00813,2026-03-08 15:12:10,currency,15.88,card
T001032,U00813,2026-03-06 13:42:04,battlepass,19.68,card
T001033,U00813,2026-02-13 18:51:52,expansion,12.69,card
T001034,U00813,2026-03-08 18:28:10,currency,17.32,card
T001035,U00813,2026-02-27 13:56:59,expansion,13.05,card
T001036,U00813,2026-02-24 21:45:47,cosmetic,9.1,card
T001037,U00815,2026-03-09 19:01:43,currency,20.98,card
T001038,U00815,2026-02-20 19:56:52,currency,9.17,wallet
T001039,U00815,2026-02-24 20:05:58,battlepass,10.16,card
T001040,U00815,2026-02-25 11:00:30,booster,6.17,wallet
T001041,U00815,2026-02-18 11:31:15,booster,5.84,card
T001042,U00816,2026-02-25 05:47:41,cosmetic,4.27,card
T001043,U00818,2026-01-11 06:45:57,booster,4.68,wallet
T001044,U00818,2026-02-05 13:23:19,cosmetic,7.8,wallet
T001045,U00819,2026-03-08 11:38:12,booster,2.55,card
T001046,U00819,2026-02-25 14:11:46,cosmetic,10.88,card
T001047,U00823,2026-01-27 00:45:00,cosmetic,5.6,card
T001048,U00823,2026-02-05 00:17:24,booster,4.41,card
T001049,U00824,2026-02-25 02:40:56,booster,3.37,card
T001050,U00825,2026-03-01 17:42:21,cosmetic,4.17,card
T001051,U00825,2026-02-12 04:51:51,expansion,24.58,card
T001052,U00825,2026-02-12 22:57:24,cosmetic,4.88,card
T001053,U00827,2026-02-24 14:57:57,currency,15.53,wallet
T001054,U00827,2026-02-20 01:28:43,cosmetic,8.36,card
T001055,U00827,2026-02-21 22:45:35,currency,13.04,wallet
T001056,U00829,2026-03-08 08:03:06,battlepass,11.82,wallet
T001057,U00829,2026-03-10 13:07:08,battlepass,19.19,wallet
T001058,U00829,2026-03-16 17:20:03,booster,4.28,card
T001059,U00832,2026-01-28 12:36:15,battlepass,19.87,card
T001060,U00832,2026-01-24 11:20:15,booster,6.28,card
T001061,U00832,2026-02-07 12:36:43,cosmetic,10.78,card
T001062,U00833,2026-02-01 23:18:05,booster,5.79,wallet
T001063,U00833,2026-02-15 05:22:57,cosmetic,5.57,card
T001064,U00833,2026-02-23 08:42:23,cosmetic,8.82,card
T001065,U00833,2026-02-17 00:21:00,currency,10.1,wallet
T001066,U00834,2026-01-27 12:29:24,currency,20.92,card
T001067,U00834,2026-01-31 13:21:23,cosmetic,5.69,card
T001068,U00834,2026-01-12 15:59:45,currency,10.17,card
T001069,U00834,2026-01-17 19:10:52,booster,6.47,card
T001070,U00839,2026-01-16 06:08:38,booster,4.84,wallet
T001071,U00841,2026-02-04 12:25:17,cosmetic,7.9,wallet
T001072,U00841,2026-01-27 00:09:28,cosmetic,4.19,wallet
T001073,U00842,2026-03-01 18:54:54,currency,14.91,card
T001074,U00844,2026-02-01 21:07:10,booster,5.57,wallet
T001075,U00844,2026-02-01 06:42:15,expansion,17.16,card
T001076,U00844,2026-01-19 12:58:00,currency,15.66,wallet
T001077,U00844,2026-01-25 15:02:32,cosmetic,9.01,wallet
T001078,U00844,2026-01-23 13:26:58,booster,3.52,wallet
T001079,U00846,2026-01-04 00:47:12,battlepass,21.47,card
T001080,U00846,2026-01-26 22:34:25,booster,3.67,card
T001081,U00847,2026-02-08 16:14:24,expansion,25.38,card
T001082,U00847,2026-02-02 14:37:46,cosmetic,5.3,card
T001083,U00848,2026-01-19 22:11:09,booster,3.01,wallet
T001084,U00848,2026-01-31 06:08:15,currency,17.39,card
T001085,U00851,2026-03-06 00:07:45,expansion,13.67,card
T001086,U00851,2026-03-11 03:17:53,cosmetic,8.29,card
T001087,U00851,2026-03-22 23:06:46,currency,18.15,card
T001088,U00851,2026-03-24 21:27:37,cosmetic,6.91,card
T001089,U00851,2026-03-02 01:38:54,currency,9.82,card
T001090,U00852,2026-03-11 22:21:10,cosmetic,4.56,card
T001091,U00852,2026-03-14 16:12:31,currency,9.02,card
T001092,U00855,2026-01-26 23:08:03,booster,3.0,card
T001093,U00857,2026-02-13 15:16:48,cosmetic,10.4,wallet
T001094,U00857,2026-01-26 12:43:47,cosmetic,9.33,wallet
T001095,U00857,2026-01-17 17:14:48,expansion,16.94,wallet
T001096,U00857,2026-01-23 11:51:17,booster,6.38,card
T001097,U00862,2026-03-23 10:46:43,cosmetic,9.43,wallet
T001098,U00862,2026-03-06 10:50:12,booster,3.58,card
T001099,U00862,2026-03-22 09:05:42,cosmetic,9.67,card
T001100,U00863,2026-02-04 13:14:56,currency,8.62,wallet
T001101,U00863,2026-02-01 00:11:26,currency,13.53,wallet
T001102,U00863,2026-01-27 21:54:25,expansion,15.02,wallet
T001103,U00863,2026-01-20 06:00:39,battlepass,14.35,wallet
T001104,U00864,2026-03-09 04:08:19,cosmetic,8.25,wallet
T001105,U00864,2026-03-03 07:24:58,expansion,20.48,wallet
T001106,U00864,2026-02-28 07:23:02,booster,6.14,card
T001107,U00866,2026-03-09 11:17:02,booster,4.65,card
T001108,U00866,2026-02-16 19:47:33,currency,13.26,card
T001109,U00866,2026-02-11 14:17:31,battlepass,16.8,wallet
T001110,U00867,2026-03-19 15:01:26,booster,5.85,wallet
T001111,U00867,2026-02-22 12:26:50,cosmetic,6.91,card
T001112,U00867,2026-03-09 20:53:31,battlepass,15.75,wallet
T001113,U00874,2026-01-18 22:48:04,booster,4.33,wallet
T001114,U00874,2026-01-16 13:14:32,currency,17.78,wallet
T001115,U00874,2026-02-03 00:52:44,cosmetic,9.38,wallet
T001116,U00876,2026-02-20 22:32:43,cosmetic,8.18,card
T001117,U00876,2026-02-02 04:13:57,battlepass,19.75,card
T001118,U00877,2026-02-08 00:02:16,cosmetic,7.92,card
T001119,U00877,2026-02-04 21:03:16,booster,5.45,card
T001120,U00877,2026-02-12 19:03:26,booster,5.47,card
T001121,U00878,2026-02-17 12:16:56,currency,17.31,card
T001122,U00878,2026-02-22 10:41:11,battlepass,15.54,card
T001123,U00879,2026-02-28 23:27:52,booster,5.89,card
T001124,U00880,2026-03-02 05:23:44,expansion,14.22,card
T001125,U00885,2026-03-12 11:14:20,cosmetic,7.18,card
T001126,U00885,2026-03-14 17:35:14,booster,4.96,wallet
T001127,U00887,2026-02-02 04:26:44,currency,12.38,wallet
T001128,U00887,2026-02-02 22:05:04,booster,3.97,wallet
T001129,U00887,2026-01-05 00:16:10,cosmetic,9.06,card
T001130,U00892,2026-03-04 15:03:43,booster,5.33,wallet
T001131,U00893,2026-02-06 00:09:31,cosmetic,4.88,wallet
T001132,U00893,2026-02-10 04:58:18,expansion,24.05,wallet
T001133,U00893,2026-02-25 04:58:59,booster,3.96,card
T001134,U00893,2026-02-18 10:28:25,currency,9.54,card
T001135,U00893,2026-03-02 20:32:18,battlepass,18.1,wallet
T001136,U00893,2026-02-11 08:27:19,battlepass,13.65,card
T001137,U00896,2026-02-12 01:59:24,currency,15.34,card
T001138,U00897,2026-02-13 04:58:10,booster,3.94,card
T001139,U00897,2026-02-23 10:55:55,booster,5.12,card
T001140,U00900,2026-02-28 11:54:06,cosmetic,8.23,wallet
T001141,U00900,2026-02-25 04:05:39,booster,4.34,wallet
T001142,U00901,2026-01-23 07:54:18,battlepass,16.53,card
T001143,U00902,2026-01-09 03:16:36,battlepass,8.07,card
T001144,U00904,2026-03-22 18:53:33,cosmetic,8.12,card
T001145,U00904,2026-03-13 18:07:18,cosmetic,5.51,card
T001146,U00904,2026-03-01 14:32:27,cosmetic,10.09,card
T001147,U00904,2026-02-24 18:45:11,currency,16.38,card
T001148,U00905,2026-02-19 19:42:44,cosmetic,8.96,card
T001149,U00905,2026-02-05 23:30:05,expansion,21.06,card
T001150,U00905,2026-02-18 01:06:07,cosmetic,4.75,card
T001151,U00907,2026-02-06 16:32:07,expansion,25.31,card
T001152,U00908,2026-01-19 14:15:19,booster,3.37,card
T001153,U00908,2026-02-07 21:20:27,battlepass,20.82,card
T001154,U00908,2026-01-29 21:02:55,currency,12.25,card
T001155,U00909,2026-02-19 20:05:44,expansion,16.96,card
T001156,U00909,2026-02-03 21:14:22,cosmetic,7.02,card
T001157,U00909,2026-02-10 02:19:38,battlepass,11.1,card
T001158,U00909,2026-01-23 05:14:39,battlepass,21.4,card
T001159,U00910,2026-01-11 02:06:42,battlepass,13.13,card
T001160,U00910,2026-01-06 17:11:50,cosmetic,8.96,wallet
T001161,U00910,2026-01-23 08:08:20,battlepass,16.85,wallet
T001162,U00912,2026-02-04 07:14:10,cosmetic,4.82,card
T001163,U00912,2026-01-31 17:00:05,expansion,29.83,card
T001164,U00913,2026-01-30 20:54:57,booster,4.24,card
T001165,U00913,2026-01-26 23:59:59,cosmetic,9.76,wallet
T001166,U00913,2026-02-10 00:01:58,currency,18.32,wallet
T001167,U00913,2026-01-29 13:19:06,cosmetic,4.6,wallet
T001168,U00913,2026-01-27 01:10:28,cosmetic,9.03,card
T001169,U00915,2026-02-13 17:49:12,currency,20.74,wallet
T001170,U00915,2026-02-25 12:24:15,cosmetic,7.26,card
T001171,U00917,2026-02-24 13:44:29,expansion,24.4,card
T001172,U00922,2026-02-06 04:34:47,booster,4.05,wallet
T001173,U00922,2026-02-05 14:41:30,booster,3.8,wallet
T001174,U00922,2026-03-04 12:22:46,expansion,21.22,wallet
T001175,U00927,2026-02-28 18:43:55,cosmetic,7.03,wallet
T001176,U00928,2026-02-09 16:20:43,expansion,26.59,card
T001177,U00929,2026-02-10 04:40:14,currency,10.03,card
T001178,U00929,2026-02-14 01:24:06,battlepass,15.01,card
T001179,U00929,2026-02-03 22:31:48,cosmetic,7.83,card
T001180,U00929,2026-02-24 16:16:06,booster,3.38,card
T001181,U00931,2026-02-21 04:43:30,cosmetic,4.5,card
T001182,U00933,2026-01-29 12:29:40,cosmetic,5.11,wallet
T001183,U00933,2026-01-22 13:41:49,cosmetic,5.97,wallet
T001184,U00935,2026-02-17 22:36:29,cosmetic,10.88,card
T001185,U00935,2026-02-19 05:25:30,cosmetic,6.35,wallet
T001186,U00935,2026-02-19 11:55:19,currency,11.23,card
T001187,U00935,2026-02-24 01:58:53,cosmetic,9.99,wallet
T001188,U00935,2026-01-30 03:33:47,cosmetic,4.67,wallet
T001189,U00938,2026-01-12 03:45:44,booster,4.76,wallet
T001190,U00940,2026-02-25 22:47:37,cosmetic,6.78,card
T001191,U00940,2026-02-16 07:31:16,booster,4.69,card
T001192,U00941,2026-03-07 17:12:38,expansion,18.41,card
T001193,U00942,2026-02-06 12:49:04,booster,5.89,card
T001194,U00942,2026-02-04 07:23:09,cosmetic,9.01,card
T001195,U00942,2026-02-03 13:49:52,expansion,32.25,wallet
T001196,U00943,2026-03-21 07:27:33,expansion,22.29,card
T001197,U00943,2026-03-20 08:33:32,currency,13.27,card
T001198,U00943,2026-03-14 09:02:01,battlepass,18.24,card
T001199,U00943,2026-03-17 16:59:46,cosmetic,8.54,card
T001200,U00943,2026-03-03 07:23:35,cosmetic,6.52,card
T001201,U00943,2026-02-28 12:53:21,booster,5.09,card
T001202,U00943,2026-03-10 22:56:10,booster,5.29,card
T001203,U00950,2026-01-21 19:10:11,booster,6.07,wallet
T001204,U00950,2026-02-10 17:40:11,currency,15.6,card
T001205,U00950,2026-02-09 12:02:46,currency,12.94,card
T001206,U00950,2026-02-08 01:13:54,cosmetic,5.34,card
T001207,U00950,2026-02-05 23:23:26,booster,3.84,card
T001208,U00951,2026-01-11 12:12:13,cosmetic,6.91,card
T001209,U00951,2026-01-15 22:07:49,currency,16.67,wallet
T001210,U00954,2026-02-15 06:50:40,cosmetic,9.43,card
T001211,U00954,2026-02-14 22:12:42,cosmetic,7.1,card
T001212,U00957,2026-02-01 11:48:00,expansion,12.91,card
T001213,U00957,2026-02-19 10:01:17,cosmetic,10.59,card
T001214,U00963,2026-03-18 18:54:55,booster,3.72,card
T001215,U00964,2026-01-31 21:37:34,cosmetic,7.44,card
T001216,U00964,2026-01-24 09:45:53,cosmetic,5.06,card
T001217,U00964,2026-02-10 01:35:46,cosmetic,6.3,card
T001218,U00964,2026-01-28 00:28:37,expansion,18.18,card
T001219,U00964,2026-02-05 06:55:30,battlepass,9.91,card
T001220,U00966,2026-03-04 19:32:48,cosmetic,4.86,card
T001221,U00966,2026-02-08 07:26:19,cosmetic,7.2,card
T001222,U00966,2026-02-17 21:16:40,cosmetic,9.26,card
T001223,U00966,2026-02-08 03:18:12,cosmetic,7.44,card
T001224,U00968,2026-02-11 01:18:49,expansion,29.1,wallet
T001225,U00968,2026-01-26 06:57:20,booster,2.88,card
T001226,U00968,2026-01-21 23:42:20,battlepass,21.17,card
T001227,U00970,2026-01-07 02:09:09,currency,20.24,wallet
T001228,U00970,2026-01-10 15:04:05,currency,8.35,wallet
T001229,U00970,2026-01-13 23:00:26,cosmetic,10.65,wallet
T001230,U00971,2026-02-03 12:54:31,cosmetic,9.23,wallet
T001231,U00971,2026-01-27 09:14:58,currency,13.9,wallet
T001232,U00971,2026-02-10 13:24:47,booster,2.48,card
T001233,U00971,2026-02-08 01:31:17,cosmetic,7.11,wallet
T001234,U00973,2026-01-29 21:00:56,battlepass,8.46,card
T001235,U00973,2026-02-02 21:52:55,cosmetic,9.39,wallet
T001236,U00974,2026-02-23 06:27:50,expansion,16.38,wallet
T001237,U00974,2026-02-19 18:37:13,booster,3.3,card
T001238,U00975,2026-01-24 18:28:05,cosmetic,8.52,card
T001239,U00975,2026-01-11 13:26:33,currency,18.3,wallet
T001240,U00975,2026-01-30 09:06:56,cosmetic,7.7,card
T001241,U00975,2026-01-31 00:54:37,cosmetic,4.09,card
T001242,U00975,2026-01-15 11:52:13,battlepass,10.06,wallet
T001243,U00977,2026-01-08 05:56:04,booster,3.81,wallet
T001244,U00977,2026-01-18 00:32:04,battlepass,21.94,wallet
T001245,U00977,2026-01-10 20:49:46,cosmetic,8.25,card
T001246,U00977,2026-01-25 02:20:22,booster,3.21,wallet
T001247,U00977,2026-01-28 17:40:58,expansion,27.31,card
T001248,U00977,2026-01-27 08:59:31,cosmetic,7.07,card
T001249,U00980,2026-02-12 07:07:21,currency,17.42,card
T001250,U00980,2026-02-21 14:46:25,booster,2.74,card
T001251,U00980,2026-02-12 23:32:13,battlepass,20.19,card
T001252,U00980,2026-02-05 09:15:15,battlepass,9.82,wallet
T001253,U00982,2026-03-11 19:58:51,battlepass,19.88,card
T001254,U00982,2026-03-01 19:23:04,expansion,26.03,card
T001255,U00982,2026-02-15 22:51:45,battlepass,10.51,card
T001256,U00982,2026-03-04 04:27:13,cosmetic,4.99,card
T001257,U00982,2026-02-17 09:02:53,cosmetic,10.94,card
T001258,U00983,2026-03-01 22:45:05,battlepass,14.02,card
T001259,U00983,2026-02-15 03:31:02,battlepass,12.58,card
T001260,U00986,2026-02-14 09:50:00,currency,17.97,card
T001261,U00986,2026-02-18 18:45:49,currency,14.36,card
T001262,U00989,2026-01-15 11:40:39,cosmetic,9.57,card
T001263,U00990,2026-02-22 23:06:18,cosmetic,9.21,card
T001264,U00990,2026-02-21 20:30:31,cosmetic,9.23,card
T001265,U00991,2026-01-21 04:30:39,currency,16.23,wallet
T001266,U00993,2026-01-31 12:46:45,cosmetic,7.4,card
T001267,U00993,2026-01-20 15:02:30,currency,14.56,wallet
T001268,U00993,2026-01-24 23:32:58,cosmetic,5.5,card
T001269,U00994,2026-02-09 18:50:05,currency,12.57,wallet
T001270,U00995,2026-02-04 23:37:47,booster,3.49,card
T001271,U00995,2026-02-05 03:03:26,expansion,30.95,card
T001272,U00995,2026-02-13 21:36:31,booster,4.9,card
T001273,U00997,2026-02-19 06:57:47,booster,3.97,wallet
T001274,U00997,2026-02-18 18:02:49,booster,5.87,card
T001275,U01000,2026-02-11 02:15:26,cosmetic,6.41,card
T001276,U01000,2026-02-22 01:47:21,booster,6.39,card
T001277,U01001,2026-02-21 00:33:07,cosmetic,10.34,card
T001278,U01002,2026-03-15 22:32:10,currency,8.16,card
T001279,U01002,2026-02-17 07:54:06,booster,3.03,wallet
T001280,U01003,2026-02-25 01:26:37,cosmetic,5.7,card
T001281,U01003,2026-02-25 13:04:11,expansion,14.81,card
T001282,U01003,2026-02-17 05:58:57,currency,8.76,wallet
T001283,U01005,2026-01-12 09:03:25,cosmetic,6.03,wallet
T001284,U01005,2026-01-18 12:17:15,battlepass,10.18,wallet
T001285,U01006,2026-03-10 10:13:47,cosmetic,6.62,wallet
T001286,U01006,2026-03-13 19:48:16,cosmetic,8.0,card
T001287,U01006,2026-02-25 17:51:13,cosmetic,5.73,card
T001288,U01008,2026-02-21 12:22:32,cosmetic,8.69,card
T001289,U01008,2026-02-28 16:47:22,cosmetic,7.08,card
T001290,U01008,2026-02-24 15:03:14,booster,2.69,card
T001291,U01008,2026-02-10 17:44:54,booster,4.21,card
T001292,U01010,2026-02-07 04:39:14,booster,5.0,wallet
T001293,U01011,2026-02-12 16:43:49,currency,18.29,wallet
T001294,U01012,2026-03-09 20:37:56,expansion,25.03,card
T001295,U01012,2026-03-02 19:14:33,expansion,13.05,card
T001296,U01012,2026-03-02 08:56:24,cosmetic,6.58,card
T001297,U01012,2026-03-05 13:13:21,cosmetic,8.45,card
T001298,U01012,2026-02-19 05:51:43,booster,5.66,card
T001299,U01012,2026-03-11 17:09:03,currency,17.08,card
T001300,U01013,2026-01-18 00:00:37,cosmetic,6.52,card
T001301,U01013,2026-01-30 12:53:14,expansion,32.28,card
T001302,U01013,2026-01-24 16:54:52,battlepass,11.64,card
T001303,U01013,2026-01-22 11:16:29,booster,6.17,card
T001304,U01015,2026-02-26 18:58:36,cosmetic,9.56,card
T001305,U01015,2026-02-20 23:41:50,battlepass,11.01,card
T001306,U01019,2026-01-20 17:17:48,expansion,15.9,card
T001307,U01019,2026-01-30 21:43:38,battlepass,8.83,card
T001308,U01021,2026-01-20 09:59:54,booster,3.49,wallet
T001309,U01021,2026-01-12 15:09:37,booster,3.64,card
T001310,U01022,2026-01-28 18:07:23,booster,4.37,card
T001311,U01022,2026-01-07 03:27:58,booster,5.62,card
T001312,U01023,2026-03-06 20:43:01,cosmetic,4.13,wallet
T001313,U01023,2026-03-19 08:12:54,booster,4.82,wallet
T001314,U01024,2026-02-22 16:03:09,cosmetic,9.61,card
T001315,U01025,2026-02-28 18:26:35,currency,18.54,card
T001316,U01025,2026-03-04 15:32:15,expansion,24.16,card
T001317,U01026,2026-01-19 05:32:53,cosmetic,5.38,card
T001318,U01026,2026-01-08 08:39:54,booster,4.36,card
T001319,U01027,2026-01-18 20:23:04,cosmetic,6.04,wallet
T001320,U01027,2026-01-26 23:13:48,expansion,30.16,card
T001321,U01028,2026-01-28 02:59:19,currency,17.67,wallet
T001322,U01028,2026-02-08 02:52:05,currency,18.04,wallet
T001323,U01029,2026-02-13 20:18:05,expansion,16.25,card
T001324,U01029,2026-02-17 12:40:40,cosmetic,4.82,card
T001325,U01029,2026-02-23 16:38:14,booster,5.89,card
T001326,U01029,2026-02-19 01:36:20,booster,6.57,card
T001327,U01029,2026-02-22 01:24:06,currency,17.38,card
T001328,U01032,2026-01-17 03:20:15,cosmetic,10.44,wallet
T001329,U01032,2026-02-04 03:53:14,cosmetic,4.2,card
T001330,U01032,2026-01-27 22:38:44,expansion,17.35,card
T001331,U01034,2026-01-22 13:01:24,cosmetic,7.13,wallet
T001332,U01034,2026-01-20 23:05:01,booster,4.17,wallet
T001333,U01034,2026-02-08 22:59:25,cosmetic,6.88,wallet
T001334,U01038,2026-01-14 10:06:13,booster,3.99,card
T001335,U01038,2026-01-01 02:38:03,booster,3.52,card
T001336,U01038,2026-01-06 17:44:51,cosmetic,5.2,card
T001337,U01038,2026-01-18 22:21:57,expansion,24.18,card
T001338,U01039,2026-02-04 16:03:13,cosmetic,7.81,wallet
T001339,U01039,2026-02-08 10:19:32,cosmetic,5.88,wallet
T001340,U01039,2026-02-02 04:30:06,currency,14.89,card
T001341,U01039,2026-02-01 23:32:33,booster,5.94,wallet
T001342,U01039,2026-02-22 04:43:43,cosmetic,9.57,wallet
T001343,U01039,2026-02-07 12:34:45,booster,4.13,wallet
T001344,U01041,2026-02-24 02:33:19,expansion,17.41,card
T001345,U01045,2026-03-04 18:42:21,expansion,14.21,wallet
T001346,U01045,2026-03-05 12:43:04,booster,2.69,wallet
T001347,U01045,2026-03-05 17:57:23,expansion,12.29,wallet
T001348,U01046,2026-01-26 17:42:18,cosmetic,8.31,wallet
T001349,U01046,2026-01-13 20:12:30,currency,18.54,wallet
T001350,U01046,2026-01-16 13:18:34,cosmetic,7.23,wallet
T001351,U01048,2026-02-09 05:21:54,currency,10.84,card
T001352,U01048,2026-03-06 21:33:12,battlepass,20.16,card
T001353,U01048,2026-02-10 17:11:21,cosmetic,8.3,card
T001354,U01048,2026-03-05 09:38:18,cosmetic,10.35,card
T001355,U01048,2026-02-07 08:08:53,cosmetic,4.32,card
T001356,U01049,2026-03-07 10:47:02,cosmetic,7.48,card
T001357,U01050,2026-01-12 04:24:55,cosmetic,9.05,card
T001358,U01050,2026-01-09 23:27:12,cosmetic,10.25,card
T001359,U01050,2026-02-01 18:22:00,currency,9.3,card
T001360,U01055,2026-01-25 01:46:25,expansion,14.44,card
T001361,U01055,2026-01-19 20:00:41,cosmetic,10.62,card
T001362,U01056,2026-03-12 21:11:15,cosmetic,10.22,wallet
T001363,U01056,2026-03-19 10:59:23,cosmetic,8.31,wallet
T001364,U01056,2026-03-23 17:45:00,booster,3.22,card
T001365,U01057,2026-02-06 00:54:46,cosmetic,7.71,card
T001366,U01057,2026-02-19 03:42:10,booster,5.92,card
T001367,U01057,2026-01-31 09:36:39,battlepass,15.09,card
T001368,U01058,2026-03-11 08:20:32,cosmetic,10.11,wallet
T001369,U01058,2026-02-17 19:31:46,cosmetic,5.11,card
T001370,U01058,2026-02-21 21:47:30,expansion,14.4,card
T001371,U01059,2026-02-21 15:10:16,booster,5.43,card
T001372,U01059,2026-02-23 22:36:20,booster,6.01,card
T001373,U01060,2026-01-23 09:34:07,battlepass,10.89,card
T001374,U01060,2026-02-07 20:59:04,booster,3.26,card
T001375,U01060,2026-02-17 02:38:59,cosmetic,5.59,card
T001376,U01065,2026-02-28 12:41:59,cosmetic,9.66,card
T001377,U01065,2026-03-01 14:36:21,currency,11.24,card
T001378,U01065,2026-03-15 01:26:29,cosmetic,5.74,card
T001379,U01065,2026-03-07 00:58:55,cosmetic,6.02,card
T001380,U01065,2026-02-15 01:01:30,expansion,14.44,card
T001381,U01066,2026-01-29 01:17:51,expansion,15.28,card
T001382,U01066,2026-02-03 01:21:18,cosmetic,5.98,card
T001383,U01066,2026-01-29 02:28:44,battlepass,20.06,card
T001384,U01067,2026-02-27 17:08:45,cosmetic,4.39,card
T001385,U01068,2026-03-05 20:33:43,booster,5.13,card
T001386,U01068,2026-02-19 13:24:38,booster,4.48,card
T001387,U01072,2026-02-09 23:41:50,cosmetic,6.3,card
T001388,U01072,2026-02-04 22:09:05,currency,12.8,card
T001389,U01072,2026-02-03 17:04:26,booster,4.36,card
T001390,U01072,2026-01-27 11:40:57,currency,14.45,card
T001391,U01074,2026-02-08 14:48:39,booster,2.67,card
T001392,U01074,2026-02-08 17:50:23,currency,15.99,card
T001393,U01074,2026-02-01 18:35:49,battlepass,11.93,wallet
T001394,U01076,2026-01-22 06:22:39,currency,13.03,card
T001395,U01076,2026-02-07 21:49:51,battlepass,10.11,card
T001396,U01076,2026-02-01 20:30:26,expansion,26.26,card
T001397,U01076,2026-01-15 18:40:33,currency,17.2,card
T001398,U01081,2026-03-17 03:24:39,booster,3.57,card
T001399,U01084,2026-02-25 11:40:55,booster,3.67,card
T001400,U01084,2026-02-22 13:10:28,cosmetic,9.98,wallet
T001401,U01084,2026-02-25 22:32:34,cosmetic,4.09,card
T001402,U01086,2026-02-26 10:58:11,cosmetic,10.05,card
T001403,U01086,2026-02-25 14:49:54,cosmetic,7.86,card
T001404,U01086,2026-02-23 12:03:08,cosmetic,10.62,card
T001405,U01088,2026-03-30 06:50:44,cosmetic,6.06,card
T001406,U01088,2026-03-07 22:00:35,booster,3.83,card
T001407,U01088,2026-03-28 11:49:24,cosmetic,6.24,card
T001408,U01088,2026-03-11 14:50:42,cosmetic,7.85,card
T001409,U01088,2026-03-17 00:53:39,cosmetic,7.7,card
T001410,U01091,2026-02-26 13:22:47,currency,21.67,card
T001411,U01091,2026-02-16 16:13:32,booster,4.94,wallet
T001412,U01091,2026-02-13 16:21:03,booster,4.32,card
T001413,U01091,2026-02-27 06:47:00,cosmetic,8.48,wallet
T001414,U01091,2026-01-31 11:58:29,booster,6.54,card
T001415,U01092,2026-02-20 04:22:42,cosmetic,8.43,card
T001416,U01092,2026-02-08 12:14:17,cosmetic,10.21,card
T001417,U01092,2026-02-09 13:25:28,cosmetic,7.44,card
T001418,U01092,2026-02-17 20:39:02,booster,2.81,card
T001419,U01092,2026-02-03 05:17:33,cosmetic,6.55,card
T001420,U01094,2026-01-25 16:21:19,booster,3.65,card
T001421,U01094,2026-01-26 11:34:03,cosmetic,9.78,card
T001422,U01095,2026-02-02 17:37:39,expansion,19.47,wallet
T001423,U01095,2026-01-27 10:16:54,cosmetic,6.43,wallet
T001424,U01095,2026-01-31 09:39:24,cosmetic,9.39,card
T001425,U01095,2026-02-11 13:20:44,currency,20.5,wallet
T001426,U01095,2026-02-13 20:32:58,expansion,16.59,wallet
T001427,U01095,2026-01-27 10:07:11,cosmetic,5.67,wallet
T001428,U01096,2026-01-18 07:58:18,booster,4.81,card
T001429,U01096,2026-01-30 07:20:40,expansion,17.99,card
T001430,U01096,2026-01-17 05:35:39,cosmetic,7.59,card
T001431,U01099,2026-01-06 16:33:47,battlepass,13.25,wallet
T001432,U01099,2026-01-03 07:06:30,cosmetic,8.39,card
T001433,U01101,2026-01-30 04:43:39,battlepass,13.11,wallet
T001434,U01101,2026-02-03 06:23:00,booster,6.29,wallet
T001435,U01105,2026-02-11 17:13:21,cosmetic,9.84,card
T001436,U01110,2026-01-17 09:07:37,expansion,19.68,card
T001437,U01110,2026-01-04 17:49:39,cosmetic,8.14,wallet
T001438,U01111,2026-03-04 04:54:10,booster,4.95,card
T001439,U01111,2026-02-21 20:46:43,currency,10.67,card
T001440,U01111,2026-02-18 04:16:59,currency,12.54,card
T001441,U01113,2026-01-29 02:13:30,currency,11.06,card
T001442,U01113,2026-01-30 11:32:20,booster,3.16,card
T001443,U01115,2026-01-27 02:28:05,currency,16.33,wallet
T001444,U01117,2026-03-25 02:02:14,expansion,25.68,card
T001445,U01117,2026-03-06 03:33:50,cosmetic,4.1,card
T001446,U01117,2026-03-28 17:52:46,expansion,26.02,card
T001447,U01118,2026-02-11 03:28:14,currency,15.03,card
T001448,U01118,2026-02-20 10:21:45,cosmetic,4.8,card
T001449,U01119,2026-03-13 16:23:59,currency,9.56,card
T001450,U01121,2026-01-01 09:35:35,expansion,26.85,card
T001451,U01121,2026-01-12 20:44:35,cosmetic,6.08,wallet
T001452,U01124,2026-01-27 06:12:59,cosmetic,6.52,wallet
T001453,U01124,2026-02-04 21:37:39,cosmetic,5.68,wallet
T001454,U01124,2026-02-07 16:23:20,battlepass,9.21,card
T001455,U01124,2026-01-23 14:22:50,booster,2.82,wallet
T001456,U01126,2026-03-03 07:47:15,cosmetic,8.58,card
T001457,U01126,2026-03-10 20:46:00,expansion,26.8,card
T001458,U01126,2026-03-18 21:48:58,currency,11.12,card
T001459,U01126,2026-02-20 12:00:56,booster,4.88,card
T001460,U01126,2026-03-19 10:28:56,cosmetic,10.94,card
T001461,U01132,2026-02-14 02:24:42,cosmetic,6.54,card
T001462,U01132,2026-02-25 05:57:32,cosmetic,7.56,card
T001463,U01132,2026-03-03 05:09:32,expansion,27.26,card
T001464,U01132,2026-03-09 19:00:59,cosmetic,7.14,card
T001465,U01132,2026-03-11 14:50:32,cosmetic,6.66,card
T001466,U01133,2026-03-08 00:57:09,currency,12.59,card
T001467,U01133,2026-03-09 07:30:21,cosmetic,5.75,wallet
T001468,U01133,2026-03-18 20:19:23,expansion,19.33,wallet
T001469,U01134,2026-02-15 13:19:07,expansion,13.95,card
T001470,U01134,2026-02-18 16:32:11,cosmetic,8.6,card
T001471,U01136,2026-01-11 08:27:32,cosmetic,10.36,card
T001472,U01136,2026-01-24 13:24:20,currency,16.04,card
T001473,U01136,2026-01-04 04:46:46,booster,4.29,card
T001474,U01136,2026-01-25 04:58:26,cosmetic,8.74,card
T001475,U01138,2026-01-25 22:25:08,cosmetic,10.29,card
T001476,U01138,2026-02-02 03:37:26,cosmetic,10.75,card
T001477,U01139,2026-02-25 08:27:07,expansion,27.62,card
T001478,U01139,2026-02-21 12:46:38,cosmetic,8.44,wallet
T001479,U01139,2026-02-22 02:40:52,cosmetic,10.46,card
T001480,U01139,2026-02-23 23:07:56,battlepass,17.3,wallet
T001481,U01139,2026-02-20 01:23:30,cosmetic,6.18,card
T001482,U01139,2026-03-10 04:23:08,cosmetic,10.34,wallet
T001483,U01139,2026-03-05 18:46:11,currency,12.26,wallet
T001484,U01140,2026-02-22 09:47:29,booster,4.05,card
T001485,U01140,2026-03-02 01:02:05,cosmetic,5.98,card
T001486,U01140,2026-02-18 12:52:22,cosmetic,4.62,card
T001487,U01141,2026-02-23 19:42:47,currency,12.11,wallet
T001488,U01141,2026-02-24 15:14:02,cosmetic,9.05,wallet
T001489,U01142,2026-02-09 05:45:50,cosmetic,7.92,wallet
T001490,U01142,2026-02-09 23:00:37,currency,8.29,wallet
T001491,U01142,2026-01-28 20:37:05,booster,2.57,card
T001492,U01142,2026-02-16 09:50:07,cosmetic,7.57,wallet
T001493,U01143,2026-02-28 21:00:53,expansion,26.78,card
T001494,U01143,2026-02-26 17:01:02,cosmetic,7.11,wallet
T001495,U01143,2026-03-25 14:52:12,booster,3.96,card
T001496,U01143,2026-03-23 13:31:46,booster,4.2,wallet
T001497,U01143,2026-03-11 18:09:00,cosmetic,4.54,wallet
T001498,U01143,2026-03-07 18:42:27,currency,17.18,wallet
T001499,U01143,2026-03-03 08:43:46,cosmetic,7.13,card
T001500,U01146,2026-02-10 18:01:03,expansion,25.8,card
T001501,U01146,2026-02-20 20:23:29,cosmetic,8.04,card
T001502,U01148,2026-03-07 15:17:32,expansion,23.39,wallet
T001503,U01148,2026-02-21 11:14:24,currency,13.33,wallet
T001504,U01148,2026-02-24 13:01:03,expansion,19.49,wallet
T001505,U01151,2026-02-03 19:21:21,cosmetic,7.12,card
T001506,U01151,2026-02-15 08:22:49,battlepass,10.99,card
T001507,U01151,2026-01-24 01:54:15,booster,4.42,wallet
T001508,U01151,2026-01-29 00:33:28,battlepass,16.81,wallet
T001509,U01160,2026-02-13 11:30:34,cosmetic,4.06,card
T001510,U01160,2026-02-16 06:31:07,currency,19.73,card
T001511,U01160,2026-02-01 12:42:50,booster,4.41,card
T001512,U01161,2026-03-03 12:59:22,battlepass,9.42,card
T001513,U01161,2026-02-05 00:28:46,cosmetic,7.17,wallet
T001514,U01162,2026-02-18 17:05:30,currency,13.16,card
T001515,U01162,2026-02-19 08:36:22,expansion,13.81,card
T001516,U01165,2026-02-10 01:54:07,booster,5.79,card
T001517,U01166,2026-01-15 19:48:13,cosmetic,8.78,card
T001518,U01166,2026-01-13 19:34:08,cosmetic,5.98,card
T001519,U01166,2026-01-22 23:38:35,expansion,24.04,card
T001520,U01166,2026-01-14 21:53:17,cosmetic,4.03,card
T001521,U01167,2026-01-10 10:43:48,cosmetic,10.89,card
T001522,U01167,2026-01-22 18:14:38,expansion,26.11,card
T001523,U01171,2026-02-13 23:50:46,expansion,15.79,card
T001524,U01171,2026-02-16 05:29:03,booster,3.64,card
T001525,U01171,2026-02-07 17:48:13,booster,6.36,card
T001526,U01171,2026-03-03 15:23:47,booster,3.59,card
T001527,U01171,2026-02-14 15:11:39,currency,11.05,card
T001528,U01171,2026-02-10 02:04:02,battlepass,21.58,card
T001529,U01173,2026-02-01 07:27:38,expansion,13.02,card
T001530,U01173,2026-01-30 11:05:21,battlepass,11.01,card
T001531,U01173,2026-02-10 00:33:43,booster,6.46,card
T001532,U01174,2026-01-15 12:32:17,expansion,23.35,card
T001533,U01174,2026-02-07 06:33:48,cosmetic,10.01,card
T001534,U01174,2026-01-22 20:14:18,cosmetic,10.39,card
T001535,U01174,2026-02-09 13:53:23,battlepass,19.91,card
T001536,U01175,2026-01-06 01:28:26,cosmetic,9.56,card
T001537,U01177,2026-02-15 09:47:04,expansion,29.59,card
T001538,U01177,2026-02-15 13:13:12,expansion,20.25,card
T001539,U01181,2026-02-12 18:59:50,cosmetic,6.68,wallet
T001540,U01185,2026-02-18 17:32:12,cosmetic,8.84,wallet
T001541,U01185,2026-02-18 10:25:51,booster,5.22,card
T001542,U01185,2026-02-23 07:24:01,currency,19.14,wallet
T001543,U01185,2026-01-30 05:24:55,expansion,30.39,wallet
T001544,U01187,2026-01-30 11:40:47,cosmetic,9.38,card
T001545,U01187,2026-01-31 10:02:28,cosmetic,8.99,card
T001546,U01187,2026-02-07 20:18:08,cosmetic,5.4,card
T001547,U01190,2026-01-29 00:49:15,expansion,24.34,wallet
T001548,U01190,2026-01-30 05:25:30,booster,3.4,wallet
T001549,U01192,2026-01-30 18:14:30,battlepass,9.39,card
T001550,U01192,2026-01-31 14:12:05,battlepass,8.55,wallet
T001551,U01192,2026-02-09 08:33:36,cosmetic,8.72,card
T001552,U01192,2026-01-27 04:57:52,cosmetic,4.64,card
T001553,U01193,2026-01-14 19:03:54,cosmetic,5.66,card
T001554,U01193,2026-01-20 10:07:02,battlepass,9.51,wallet
T001555,U01194,2026-02-17 09:56:35,booster,5.51,wallet
T001556,U01194,2026-03-12 23:15:44,expansion,13.26,wallet
T001557,U01194,2026-02-19 04:57:05,cosmetic,8.66,card
T001558,U01195,2026-02-04 12:39:07,cosmetic,8.13,card
T001559,U01195,2026-03-01 09:37:42,cosmetic,7.0,card
T001560,U01195,2026-02-11 06:45:16,expansion,16.43,card
T001561,U01196,2026-02-10 13:13:05,battlepass,14.46,card
T001562,U01198,2026-03-15 04:03:43,booster,4.55,card
T001563,U01199,2026-02-21 06:52:03,cosmetic,4.36,wallet
T001564,U01199,2026-03-01 00:19:59,expansion,18.81,card
T001565,U01199,2026-03-13 00:41:47,battlepass,20.74,card
T001566,U01199,2026-03-04 14:38:43,currency,18.88,card
T001567,U01203,2026-03-01 23:32:25,currency,11.36,card
T001568,U01203,2026-03-07 03:04:56,cosmetic,7.6,card
T001569,U01203,2026-03-04 23:57:32,cosmetic,8.18,card
T001570,U01203,2026-03-04 21:09:30,battlepass,17.81,card
T001571,U01203,2026-03-18 14:10:49,cosmetic,7.55,card
T001572,U01204,2026-02-26 13:33:43,cosmetic,5.68,card
T001573,U01204,2026-03-04 01:03:10,booster,5.61,card
T001574,U01204,2026-03-11 10:05:06,cosmetic,9.44,card
T001575,U01205,2026-03-05 19:19:04,cosmetic,4.6,wallet
T001576,U01206,2026-03-07 20:33:50,currency,13.3,wallet
T001577,U01206,2026-03-02 07:59:00,cosmetic,6.02,card
T001578,U01207,2026-02-23 06:52:52,booster,6.42,card
T001579,U01211,2026-03-01 22:27:59,expansion,32.39,card
T001580,U01211,2026-02-13 00:51:19,cosmetic,6.07,card
T001581,U01213,2026-02-24 21:42:55,booster,4.84,card
T001582,U01213,2026-02-21 21:58:43,cosmetic,5.03,card
T001583,U01213,2026-02-09 21:05:10,expansion,30.25,card
T001584,U01213,2026-02-06 08:42:47,currency,19.28,card
T001585,U01214,2026-03-17 19:54:13,cosmetic,6.43,card
T001586,U01214,2026-03-17 21:58:43,booster,3.64,card
T001587,U01214,2026-03-10 15:01:53,cosmetic,5.67,card
T001588,U01215,2026-01-14 15:23:48,booster,4.59,card
T001589,U01215,2026-01-15 23:03:41,expansion,21.86,card
T001590,U01217,2026-02-12 04:02:34,cosmetic,7.57,card
T001591,U01217,2026-02-12 21:10:35,battlepass,20.62,wallet
T001592,U01217,2026-02-02 14:42:06,cosmetic,6.71,wallet
T001593,U01217,2026-02-03 13:42:10,currency,16.34,wallet
T001594,U01218,2026-03-06 19:35:31,currency,12.39,card
T001595,U01218,2026-02-21 11:14:02,expansion,14.56,card
T001596,U01218,2026-03-04 17:03:05,booster,2.53,wallet
T001597,U01218,2026-02-15 23:23:31,cosmetic,6.61,card
T001598,U01219,2026-03-04 04:19:58,cosmetic,5.2,wallet
T001599,U01219,2026-02-24 14:45:11,cosmetic,10.9,wallet
T001600,U01219,2026-03-11 20:25:00,currency,13.32,wallet
T001601,U01219,2026-03-14 12:48:29,cosmetic,9.15,wallet
T001602,U01222,2026-02-20 01:47:59,currency,21.92,card
T001603,U01222,2026-02-06 11:20:29,battlepass,16.14,wallet
T001604,U01224,2026-02-25 04:09:45,cosmetic,7.95,card
T001605,U01224,2026-03-07 06:01:16,booster,5.07,card
T001606,U01225,2026-02-10 22:55:08,currency,21.06,card
T001607,U01229,2026-02-03 10:23:49,cosmetic,9.97,card
T001608,U01229,2026-01-23 01:07:33,cosmetic,8.64,card
T001609,U01229,2026-02-08 21:23:16,currency,11.06,card
T001610,U01233,2026-03-03 22:07:39,cosmetic,6.32,wallet
T001611,U01233,2026-03-06 03:26:44,cosmetic,8.53,card
T001612,U01236,2026-02-15 13:58:34,currency,9.07,wallet
T001613,U01236,2026-01-28 18:34:51,cosmetic,10.67,wallet
T001614,U01236,2026-01-24 16:29:06,cosmetic,6.05,card
T001615,U01236,2026-02-16 17:26:02,expansion,20.74,wallet
T001616,U01236,2026-01-25 23:56:52,booster,6.15,wallet
T001617,U01236,2026-02-04 03:04:20,cosmetic,6.85,card
T001618,U01239,2026-01-18 17:51:42,currency,18.45,card
T001619,U01239,2026-02-03 13:40:37,expansion,31.76,card
T001620,U01239,2026-01-26 01:33:25,cosmetic,4.78,card
T001621,U01240,2026-01-05 08:35:44,battlepass,14.56,wallet
T001622,U01250,2026-03-22 10:27:09,battlepass,8.01,wallet
T001623,U01251,2026-02-01 16:00:56,battlepass,9.34,card
T001624,U01251,2026-01-29 14:48:16,booster,4.69,card
T001625,U01251,2026-02-01 09:26:39,cosmetic,5.27,wallet
T001626,U01251,2026-01-15 09:38:36,booster,5.79,wallet
T001627,U01251,2026-01-28 15:10:31,cosmetic,6.73,wallet
T001628,U01256,2026-01-06 13:10:32,battlepass,12.94,wallet
T001629,U01256,2026-01-20 00:19:16,cosmetic,6.77,card
T001630,U01256,2026-01-12 12:01:55,cosmetic,6.97,wallet
T001631,U01256,2026-01-30 11:57:35,booster,5.09,wallet
T001632,U01257,2026-02-12 00:13:49,cosmetic,5.45,card
T001633,U01259,2026-02-07 17:41:48,battlepass,18.06,wallet
T001634,U01261,2026-01-24 08:54:11,battlepass,17.34,card
T001635,U01261,2026-01-17 20:07:14,booster,3.16,card
T001636,U01261,2026-02-03 06:20:26,cosmetic,8.74,card
T001637,U01262,2026-03-16 16:10:47,booster,6.47,wallet
T001638,U01262,2026-03-08 04:27:51,cosmetic,6.3,card
T001639,U01262,2026-03-04 12:30:35,cosmetic,6.54,wallet
T001640,U01265,2026-02-10 09:11:35,booster,2.69,card
T001641,U01265,2026-02-03 07:35:30,battlepass,11.55,card
T001642,U01265,2026-01-28 13:24:06,cosmetic,6.86,card
T001643,U01265,2026-02-10 18:29:40,cosmetic,10.42,card
T001644,U01269,2026-03-17 10:14:14,booster,4.27,wallet
T001645,U01269,2026-03-01 01:34:08,booster,5.04,wallet
T001646,U01269,2026-03-16 01:02:11,booster,3.69,wallet
T001647,U01272,2026-01-16 08:49:57,currency,21.29,card
T001648,U01272,2026-01-14 19:40:27,currency,13.09,card
T001649,U01272,2026-01-15 05:45:59,cosmetic,7.27,card
T001650,U01283,2026-01-29 00:59:32,battlepass,18.34,card
T001651,U01283,2026-02-11 19:16:02,cosmetic,10.77,card
T001652,U01284,2026-02-26 18:47:21,cosmetic,6.93,card
T001653,U01284,2026-03-13 10:17:01,currency,19.45,wallet
T001654,U01284,2026-02-20 04:29:52,cosmetic,8.14,wallet
T001655,U01285,2026-02-01 02:11:07,booster,2.47,wallet
T001656,U01290,2026-02-24 20:30:26,booster,3.91,card
T001657,U01290,2026-02-11 16:23:25,cosmetic,4.3,card
T001658,U01290,2026-02-21 10:15:32,cosmetic,10.93,card
T001659,U01292,2026-03-17 16:21:55,booster,3.4,card
T001660,U01292,2026-03-05 18:24:46,currency,14.87,card
T001661,U01292,2026-03-12 08:37:03,currency,9.26,card
T001662,U01297,2026-02-13 08:51:02,booster,3.32,wallet
T001663,U01297,2026-01-21 11:41:25,expansion,26.13,card
T001664,U01297,2026-02-06 15:34:39,cosmetic,10.4,card
T001665,U01298,2026-02-10 17:27:07,cosmetic,10.87,wallet
T001666,U01298,2026-02-12 12:29:34,cosmetic,6.07,wallet
T001667,U01300,2026-01-08 05:08:14,cosmetic,7.05,card
T001668,U01300,2026-01-02 20:13:36,cosmetic,6.33,card
T001669,U01300,2026-01-16 20:21:29,cosmetic,9.3,card
T001670,U01303,2026-03-02 09:45:26,cosmetic,5.83,card
T001671,U01303,2026-03-01 16:28:29,cosmetic,6.66,card
T001672,U01307,2026-01-16 02:35:34,expansion,24.88,wallet
T001673,U01307,2026-02-02 00:55:24,cosmetic,10.54,card
T001674,U01307,2026-01-26 10:15:53,battlepass,21.24,wallet
T001675,U01311,2026-02-17 03:28:06,expansion,16.2,card
T001676,U01311,2026-03-02 11:09:37,booster,5.76,card
T001677,U01311,2026-02-14 22:25:46,booster,3.55,card
T001678,U01313,2026-03-10 23:20:46,currency,17.99,wallet
T001679,U01313,2026-03-12 02:27:44,currency,17.53,wallet
T001680,U01314,2026-03-22 12:42:20,currency,17.96,card
T001681,U01314,2026-03-09 17:15:56,cosmetic,5.8,wallet
T001682,U01314,2026-03-02 04:35:29,expansion,23.64,wallet
T001683,U01314,2026-03-07 07:47:36,cosmetic,6.79,wallet
T001684,U01317,2026-02-19 20:28:06,cosmetic,10.03,card
T001685,U01317,2026-02-18 14:51:23,expansion,22.63,card
T001686,U01317,2026-02-14 15:08:26,cosmetic,7.13,card
T001687,U01322,2026-02-01 20:40:39,booster,4.53,card
T001688,U01322,2026-02-09 20:42:23,battlepass,16.24,card
T001689,U01322,2026-01-26 12:03:16,booster,4.02,card
T001690,U01322,2026-01-29 11:17:10,cosmetic,9.68,card
T001691,U01324,2026-03-06 22:12:35,cosmetic,5.16,card
T001692,U01325,2026-03-06 17:26:24,currency,19.09,card
T001693,U01325,2026-03-12 03:28:38,cosmetic,5.97,wallet
T001694,U01326,2026-01-18 15:32:45,expansion,21.48,wallet
T001695,U01326,2026-01-23 02:45:04,booster,4.57,wallet
T001696,U01326,2026-01-20 13:03:29,expansion,29.7,card
T001697,U01327,2026-03-02 01:33:11,cosmetic,6.46,wallet
T001698,U01327,2026-03-11 11:04:04,currency,13.28,wallet
T001699,U01327,2026-02-24 16:36:28,cosmetic,6.54,wallet
T001700,U01330,2026-01-25 00:03:52,cosmetic,4.46,card
T001701,U01330,2026-02-16 22:51:13,currency,20.56,card
T001702,U01338,2026-01-31 08:40:13,cosmetic,9.36,card
T001703,U01338,2026-02-09 11:36:31,cosmetic,8.61,card
T001704,U01344,2026-02-11 12:27:29,booster,3.94,wallet
T001705,U01345,2026-01-27 18:19:57,cosmetic,10.16,card
T001706,U01348,2026-02-27 10:40:12,cosmetic,7.44,wallet
T001707,U01349,2026-02-17 09:43:48,battlepass,14.58,wallet
T001708,U01349,2026-02-17 08:53:48,currency,13.61,wallet
T001709,U01349,2026-03-05 21:03:54,booster,5.03,wallet
T001710,U01353,2026-02-24 15:25:37,cosmetic,4.25,card
T001711,U01353,2026-02-15 23:41:22,booster,5.51,card
T001712,U01353,2026-02-27 05:25:10,expansion,15.25,card
T001713,U01353,2026-01-30 22:49:12,booster,5.06,card
T001714,U01353,2026-02-15 23:09:24,cosmetic,7.83,card
T001715,U01354,2026-03-13 18:23:59,cosmetic,9.56,card
T001716,U01354,2026-03-13 22:01:02,cosmetic,10.8,card
T001717,U01360,2026-01-23 08:50:56,cosmetic,10.61,wallet
T001718,U01360,2026-02-06 18:15:04,cosmetic,9.58,card
T001719,U01361,2026-01-13 09:02:43,cosmetic,8.71,wallet
T001720,U01361,2026-01-20 23:02:21,booster,4.32,wallet
T001721,U01363,2026-02-13 09:49:22,currency,21.77,card
T001722,U01363,2026-01-29 17:10:35,cosmetic,7.0,card
T001723,U01363,2026-01-29 11:33:20,cosmetic,5.04,wallet
T001724,U01364,2026-02-10 05:57:10,currency,19.59,card
T001725,U01365,2026-02-23 14:22:00,cosmetic,8.81,wallet
T001726,U01365,2026-02-25 04:55:32,expansion,19.42,card
T001727,U01365,2026-02-08 09:37:28,cosmetic,10.17,card
T001728,U01366,2026-01-13 12:12:23,cosmetic,10.04,wallet
T001729,U01366,2026-01-30 09:38:48,cosmetic,5.44,wallet
T001730,U01366,2026-01-20 00:25:11,expansion,18.38,card
T001731,U01366,2026-01-21 00:14:36,cosmetic,7.86,card
T001732,U01366,2026-01-29 15:07:50,booster,5.35,card
T001733,U01366,2026-01-11 21:41:26,cosmetic,8.34,wallet
T001734,U01366,2026-01-11 09:36:16,cosmetic,5.85,wallet
T001735,U01369,2026-03-02 21:15:37,cosmetic,8.72,card
T001736,U01369,2026-03-10 14:48:46,booster,5.32,card
T001737,U01369,2026-03-14 07:30:50,booster,3.09,card
T001738,U01369,2026-03-19 08:43:45,expansion,21.73,card
T001739,U01370,2026-03-09 23:01:08,cosmetic,8.02,card
T001740,U01370,2026-02-21 22:51:56,battlepass,12.59,card
T001741,U01371,2026-02-26 00:39:23,booster,3.72,card
T001742,U01372,2026-01-29 06:22:33,cosmetic,7.66,card
T001743,U01372,2026-01-27 02:41:52,cosmetic,6.89,card
T001744,U01372,2026-02-17 11:12:23,expansion,15.51,card
T001745,U01373,2026-02-10 14:24:29,currency,20.87,wallet
T001746,U01373,2026-02-13 19:08:37,booster,3.12,wallet
T001747,U01373,2026-01-27 08:49:28,currency,13.73,wallet
T001748,U01374,2026-01-26 00:14:48,cosmetic,4.46,wallet
T001749,U01374,2026-02-02 16:26:53,cosmetic,5.52,wallet
T001750,U01376,2026-03-02 17:17:37,expansion,13.72,wallet
T001751,U01376,2026-02-27 17:11:49,booster,3.16,wallet
T001752,U01376,2026-03-03 03:55:57,booster,3.72,wallet
T001753,U01376,2026-03-10 21:02:27,cosmetic,5.77,card
T001754,U01377,2026-02-27 04:48:21,cosmetic,5.19,card
T001755,U01377,2026-03-13 01:02:07,currency,11.58,card
T001756,U01382,2026-01-25 10:31:33,expansion,13.83,card
T001757,U01382,2026-02-06 23:16:52,expansion,31.29,card
T001758,U01387,2026-02-06 18:34:41,battlepass,12.53,wallet
T001759,U01387,2026-02-09 20:44:09,cosmetic,8.52,wallet
T001760,U01387,2026-03-04 07:21:04,expansion,14.04,card
T001761,U01389,2026-03-22 10:43:03,booster,5.16,card
T001762,U01389,2026-03-24 14:28:58,expansion,21.37,card
T001763,U01397,2026-02-18 13:58:48,booster,2.87,card
T001764,U01397,2026-02-22 18:19:15,currency,16.99,card
T001765,U01397,2026-02-23 23:49:22,cosmetic,4.0,card
T001766,U01398,2026-03-10 11:37:16,cosmetic,4.2,wallet
T001767,U01398,2026-03-01 21:51:51,booster,2.77,wallet
T001768,U01398,2026-03-06 12:18:58,cosmetic,6.52,card
T001769,U01398,2026-02-17 14:34:09,cosmetic,7.05,card
T001770,U01400,2026-01-28 10:35:44,currency,8.19,card
T001771,U01400,2026-02-11 09:03:28,cosmetic,5.89,card
T001772,U01400,2026-01-22 16:41:03,cosmetic,10.96,card
T001773,U01401,2026-03-02 15:17:24,cosmetic,5.14,wallet
T001774,U01401,2026-02-28 17:15:47,expansion,30.31,wallet
T001775,U01402,2026-02-11 15:15:36,cosmetic,9.24,card
T001776,U01404,2026-01-26 20:01:07,currency,11.89,card
T001777,U01405,2026-01-16 05:32:09,cosmetic,5.02,card
T001778,U01405,2026-01-14 03:17:28,currency,21.43,wallet
T001779,U01405,2026-01-16 06:33:51,battlepass,12.21,wallet
T001780,U01405,2026-01-20 18:15:04,currency,9.02,wallet
T001781,U01408,2026-03-19 06:54:42,cosmetic,10.95,card
T001782,U01408,2026-03-15 00:54:41,currency,18.83,card
T001783,U01408,2026-03-10 13:46:48,currency,15.09,wallet
T001784,U01410,2026-01-20 04:03:04,cosmetic,6.82,card
T001785,U01410,2026-02-01 10:08:07,booster,2.91,card
T001786,U01411,2026-01-30 12:59:44,expansion,16.96,wallet
T001787,U01411,2026-01-17 13:31:41,booster,5.17,card
T001788,U01411,2026-01-20 15:35:08,cosmetic,5.47,card
T001789,U01412,2026-02-15 14:48:31,currency,13.81,card
T001790,U01412,2026-02-25 21:34:04,currency,21.16,wallet
T001791,U01412,2026-02-03 00:34:33,cosmetic,9.36,wallet
T001792,U01413,2026-02-10 08:28:54,cosmetic,10.12,card
T001793,U01416,2026-03-08 11:58:26,booster,4.09,card
T001794,U01416,2026-02-25 22:44:21,battlepass,19.83,card
T001795,U01416,2026-02-27 01:02:25,expansion,31.5,card
T001796,U01416,2026-02-23 08:03:27,cosmetic,7.62,card
T001797,U01416,2026-02-25 09:22:33,cosmetic,6.13,card
T001798,U01418,2026-02-08 13:07:18,booster,3.78,card
T001799,U01418,2026-02-25 17:56:40,cosmetic,10.09,card
T001800,U01418,2026-01-27 13:59:21,cosmetic,9.1,card
T001801,U01418,2026-02-04 07:36:04,cosmetic,9.92,card
T001802,U01421,2026-03-15 04:08:54,cosmetic,7.44,card
T001803,U01421,2026-02-28 02:23:24,currency,15.43,card
T001804,U01421,2026-03-09 17:03:29,battlepass,17.96,card
T001805,U01421,2026-03-05 10:27:22,cosmetic,8.63,card
T001806,U01425,2026-02-01 00:44:13,expansion,20.47,card
T001807,U01425,2026-01-30 08:26:10,currency,21.02,wallet
T001808,U01425,2026-01-27 00:40:44,cosmetic,7.85,card
T001809,U01425,2026-02-08 11:52:19,currency,14.66,wallet
T001810,U01427,2026-02-15 08:15:34,booster,4.37,card
T001811,U01427,2026-02-19 13:32:00,booster,2.77,wallet
T001812,U01428,2026-03-19 16:02:19,booster,5.13,card
T001813,U01428,2026-03-25 09:05:02,cosmetic,4.26,wallet
T001814,U01428,2026-03-01 08:01:39,booster,2.75,wallet
T001815,U01428,2026-03-13 05:56:13,battlepass,13.43,wallet
T001816,U01429,2026-02-11 07:48:41,expansion,26.15,wallet
T001817,U01434,2026-02-17 03:13:14,booster,6.25,card
T001818,U01434,2026-02-05 00:33:22,expansion,27.53,card
T001819,U01434,2026-02-23 04:17:41,currency,19.05,card
T001820,U01434,2026-02-24 14:29:49,booster,6.17,card
T001821,U01434,2026-02-27 02:52:01,booster,5.5,card
T001822,U01442,2026-02-23 14:10:41,battlepass,21.38,card
T001823,U01442,2026-02-16 23:49:10,cosmetic,8.07,card
T001824,U01442,2026-02-01 04:51:33,battlepass,11.71,card
T001825,U01442,2026-02-21 13:46:51,booster,3.71,card
T001826,U01442,2026-02-22 01:22:01,cosmetic,8.3,card
T001827,U01442,2026-02-13 14:47:41,cosmetic,4.51,card
T001828,U01445,2026-01-30 07:27:41,cosmetic,6.04,card
T001829,U01445,2026-01-20 05:11:49,currency,20.45,card
T001830,U01445,2026-02-06 01:32:42,cosmetic,5.87,card
T001831,U01445,2026-01-09 04:46:26,cosmetic,4.21,card
T001832,U01445,2026-01-10 16:10:14,cosmetic,5.65,card
T001833,U01445,2026-02-04 09:58:02,currency,21.57,card
T001834,U01445,2026-01-14 09:07:58,expansion,22.42,card
T001835,U01445,2026-01-15 11:30:34,booster,3.3,card
T001836,U01446,2026-01-03 09:52:51,currency,18.6,card
T001837,U01448,2026-03-17 13:18:25,booster,3.54,card
T001838,U01452,2026-01-26 07:40:42,expansion,24.13,card
T001839,U01452,2026-01-28 12:17:05,currency,11.46,card
T001840,U01452,2026-01-28 08:58:16,cosmetic,9.27,card
T001841,U01452,2026-01-06 20:22:36,cosmetic,9.95,card
T001842,U01452,2026-01-19 00:23:43,cosmetic,7.91,card
T001843,U01454,2026-02-03 19:16:20,cosmetic,6.75,card
T001844,U01454,2026-02-07 02:12:14,booster,5.53,card
T001845,U01461,2026-03-01 00:13:03,booster,6.02,card
T001846,U01461,2026-03-17 23:54:59,expansion,25.75,card
T001847,U01461,2026-03-14 16:09:05,booster,2.8,card
T001848,U01461,2026-02-23 21:16:07,cosmetic,5.92,card
T001849,U01465,2026-02-22 01:18:02,cosmetic,7.0,card
T001850,U01465,2026-03-11 21:04:02,cosmetic,4.62,card
T001851,U01465,2026-02-27 19:22:00,currency,14.31,card
T001852,U01465,2026-02-26 18:28:55,cosmetic,10.82,card
T001853,U01471,2026-03-19 11:29:06,booster,6.23,card
T001854,U01471,2026-03-17 03:03:21,currency,9.29,card
T001855,U01471,2026-03-02 12:19:15,booster,5.46,card
T001856,U01474,2026-01-23 01:46:36,cosmetic,9.83,wallet
T001857,U01475,2026-03-19 07:08:19,cosmetic,9.04,card
T001858,U01475,2026-03-19 00:31:10,expansion,19.88,card
T001859,U01477,2026-02-16 20:38:32,cosmetic,4.88,wallet
T001860,U01477,2026-02-10 15:53:27,currency,13.26,card
T001861,U01477,2026-02-18 22:31:47,booster,5.41,card
T001862,U01477,2026-02-19 03:41:39,cosmetic,8.78,wallet
T001863,U01480,2026-02-10 16:23:40,cosmetic,7.96,wallet
T001864,U01482,2026-01-01 10:45:04,currency,19.56,card
T001865,U01482,2026-01-21 07:54:39,cosmetic,7.29,card
T001866,U01483,2026-01-19 12:49:40,booster,3.3,card
T001867,U01483,2026-02-04 03:17:45,expansion,14.12,card
T001868,U01484,2026-01-22 22:42:45,battlepass,14.3,wallet
T001869,U01484,2026-01-22 18:29:25,cosmetic,8.47,card
T001870,U01484,2026-01-31 19:05:54,cosmetic,5.06,wallet
T001871,U01484,2026-01-31 09:36:22,booster,5.43,card
T001872,U01487,2026-01-21 11:56:19,cosmetic,6.29,wallet
T001873,U01487,2026-01-28 05:08:47,cosmetic,10.34,card
T001874,U01489,2026-01-15 23:26:56,cosmetic,5.89,card
T001875,U01489,2026-01-08 17:01:42,currency,14.43,card
T001876,U01489,2026-01-19 23:08:30,cosmetic,7.48,card
T001877,U01489,2026-01-09 03:28:24,expansion,32.43,card
T001878,U01489,2026-02-03 15:52:41,booster,3.62,card
T001879,U01490,2026-02-06 09:28:19,cosmetic,6.92,card
T001880,U01490,2026-02-20 11:03:12,battlepass,20.5,card
T001881,U01490,2026-02-23 23:38:37,cosmetic,9.18,card
T001882,U01490,2026-02-07 23:56:13,currency,20.25,card
T001883,U01492,2026-02-16 08:03:49,cosmetic,5.58,card
T001884,U01494,2026-02-05 21:10:20,battlepass,18.74,wallet
T001885,U01494,2026-02-13 07:43:11,booster,4.46,card
T001886,U01495,2026-02-12 09:58:22,booster,4.99,wallet
T001887,U01496,2026-02-01 12:27:00,booster,2.53,wallet
T001888,U01496,2026-02-22 06:20:37,booster,5.86,wallet
T001889,U01496,2026-02-04 06:19:03,battlepass,9.43,wallet
T001890,U01501,2026-03-02 04:11:44,currency,15.87,wallet
T001891,U01502,2026-02-11 18:45:39,cosmetic,5.62,card
T001892,U01505,2026-02-07 13:23:57,expansion,16.33,card
T001893,U01507,2026-03-21 07:19:15,expansion,21.56,card
T001894,U01507,2026-03-07 07:57:35,currency,10.79,card
T001895,U01507,2026-03-19 12:48:28,currency,11.02,wallet
T001896,U01508,2026-02-03 13:34:11,expansion,17.8,card
T001897,U01508,2026-02-10 15:24:55,currency,20.09,card
T001898,U01508,2026-02-19 23:00:22,cosmetic,7.22,card
T001899,U01508,2026-02-10 17:21:27,battlepass,17.11,card
T001900,U01511,2026-01-25 01:02:52,cosmetic,9.48,wallet
T001901,U01511,2026-01-25 14:44:48,cosmetic,8.02,wallet
T001902,U01511,2026-01-28 04:02:48,booster,6.33,card
T001903,U01513,2026-02-25 11:35:56,cosmetic,8.83,card
T001904,U01516,2026-03-20 05:57:35,currency,18.26,card
T001905,U01516,2026-03-15 08:40:51,currency,13.98,card
T001906,U01517,2026-01-30 10:37:08,cosmetic,10.59,card
T001907,U01517,2026-02-23 08:37:01,battlepass,19.02,card
T001908,U01517,2026-02-03 05:41:11,cosmetic,8.77,card
T001909,U01519,2026-02-16 22:25:01,currency,11.94,card
T001910,U01519,2026-02-04 02:57:12,cosmetic,5.26,card
T001911,U01520,2026-02-18 11:44:49,cosmetic,7.12,card
T001912,U01520,2026-02-01 22:12:06,cosmetic,6.75,card
T001913,U01520,2026-02-24 14:07:46,battlepass,11.5,card
T001914,U01520,2026-02-17 23:00:20,booster,6.06,card
T001915,U01521,2026-03-12 20:06:51,cosmetic,6.8,wallet
T001916,U01521,2026-02-27 04:32:52,cosmetic,7.54,wallet
T001917,U01521,2026-03-10 20:47:50,battlepass,10.78,wallet
T001918,U01529,2026-01-24 11:07:39,cosmetic,4.12,wallet
T001919,U01532,2026-01-14 17:09:16,cosmetic,3.99,card
T001920,U01532,2026-01-19 01:10:21,currency,18.73,card
T001921,U01532,2026-01-05 16:23:40,cosmetic,7.89,wallet
T001922,U01533,2026-03-14 08:50:48,cosmetic,9.87,wallet
T001923,U01533,2026-03-21 19:36:31,cosmetic,5.52,wallet
T001924,U01533,2026-03-03 07:04:39,expansion,21.3,wallet
T001925,U01533,2026-02-27 06:41:53,currency,9.67,wallet
T001926,U01535,2026-03-02 05:36:00,cosmetic,10.74,wallet
T001927,U01535,2026-02-25 23:20:48,cosmetic,9.93,card
T001928,U01535,2026-02-23 11:54:30,cosmetic,10.59,wallet
T001929,U01536,2026-01-15 16:53:53,battlepass,12.38,card
T001930,U01538,2026-01-12 20:58:52,currency,21.32,card
T001931,U01538,2026-01-31 07:06:11,currency,13.23,card
T001932,U01538,2026-01-12 11:21:42,cosmetic,5.69,card
T001933,U01540,2026-02-08 04:41:42,cosmetic,7.03,card
T001934,U01540,2026-02-15 08:19:39,cosmetic,4.1,card
T001935,U01540,2026-02-27 09:54:45,cosmetic,5.15,wallet
T001936,U01540,2026-02-14 04:29:26,cosmetic,8.97,wallet
T001937,U01540,2026-02-25 23:25:26,cosmetic,4.5,wallet
T001938,U01540,2026-03-03 12:24:58,currency,21.04,wallet
T001939,U01541,2026-02-24 06:04:18,cosmetic,10.68,card
T001940,U01541,2026-01-30 14:29:26,booster,4.63,card
T001941,U01541,2026-02-01 05:40:23,currency,14.14,card
T001942,U01541,2026-02-21 06:03:33,currency,12.97,card
T001943,U01541,2026-02-03 10:29:41,cosmetic,5.79,card
T001944,U01543,2026-01-24 19:52:30,cosmetic,8.22,wallet
T001945,U01543,2026-01-27 21:41:01,booster,5.17,wallet
T001946,U01543,2026-01-07 18:56:07,currency,18.33,wallet
T001947,U01544,2026-03-03 15:21:41,currency,10.48,wallet
T001948,U01544,2026-02-18 02:43:23,battlepass,9.76,wallet
T001949,U01544,2026-03-04 16:17:06,currency,21.64,wallet
T001950,U01544,2026-02-17 00:04:08,booster,3.33,card
T001951,U01546,2026-03-02 01:33:13,booster,4.41,card
T001952,U01546,2026-02-08 05:20:21,battlepass,8.12,card
T001953,U01546,2026-03-03 19:36:59,cosmetic,8.71,wallet
T001954,U01547,2026-03-02 17:18:01,cosmetic,8.5,card
T001955,U01547,2026-02-18 14:16:49,cosmetic,10.44,card
T001956,U01547,2026-02-12 16:08:26,currency,8.56,card
T001957,U01547,2026-02-18 10:28:19,expansion,29.76,card
T001958,U01549,2026-02-18 03:21:47,cosmetic,7.43,card
T001959,U01549,2026-01-30 11:34:08,cosmetic,4.55,card
T001960,U01554,2026-02-13 22:40:31,booster,5.3,card
T001961,U01554,2026-02-20 11:46:58,booster,4.45,card
T001962,U01554,2026-03-05 18:01:49,currency,11.72,card
T001963,U01554,2026-02-13 22:51:31,battlepass,15.4,card
T001964,U01555,2026-01-28 12:14:07,booster,4.16,wallet
T001965,U01555,2026-02-20 15:17:22,booster,3.74,card
T001966,U01555,2026-02-02 22:22:17,expansion,32.84,wallet
T001967,U01555,2026-01-31 05:41:34,currency,13.91,wallet
T001968,U01556,2026-02-07 15:16:17,booster,5.76,card
T001969,U01556,2026-01-20 01:06:03,booster,6.05,card
T001970,U01556,2026-01-30 12:49:42,expansion,19.81,card
T001971,U01557,2026-03-17 18:24:39,cosmetic,5.78,card
T001972,U01557,2026-03-19 21:13:09,cosmetic,10.25,card
T001973,U01557,2026-03-09 17:02:41,cosmetic,6.87,card
T001974,U01559,2026-03-11 06:52:24,cosmetic,8.87,card
T001975,U01559,2026-03-30 07:32:42,booster,3.63,card
T001976,U01560,2026-02-23 14:54:59,cosmetic,4.28,card
T001977,U01560,2026-03-19 08:05:09,battlepass,15.66,card
T001978,U01562,2026-02-02 10:05:48,cosmetic,7.92,card
T001979,U01562,2026-02-05 16:13:15,cosmetic,7.13,card
T001980,U01562,2026-02-12 22:32:11,cosmetic,9.58,card
T001981,U01563,2026-02-06 14:43:22,expansion,14.51,wallet
T001982,U01563,2026-01-22 18:33:11,cosmetic,8.71,wallet
T001983,U01564,2026-03-14 06:29:52,currency,18.55,wallet
T001984,U01564,2026-03-13 20:02:18,expansion,12.33,card
T001985,U01565,2026-02-17 22:02:27,booster,5.96,wallet
T001986,U01565,2026-02-20 17:04:01,booster,3.76,card
T001987,U01565,2026-02-09 02:56:05,booster,6.14,wallet
T001988,U01568,2026-02-06 13:03:08,battlepass,21.89,card
T001989,U01568,2026-02-10 22:59:23,cosmetic,8.51,card
T001990,U01569,2026-03-10 20:08:07,booster,4.48,card
T001991,U01569,2026-03-08 12:48:55,cosmetic,6.27,wallet
T001992,U01570,2026-03-01 22:54:33,cosmetic,5.65,wallet
T001993,U01570,2026-03-28 12:33:44,expansion,28.7,wallet
T001994,U01570,2026-03-10 02:25:59,currency,10.24,wallet
T001995,U01572,2026-02-20 08:15:46,expansion,12.66,card
T001996,U01572,2026-02-13 20:52:55,cosmetic,4.41,wallet
T001997,U01572,2026-01-28 09:14:00,cosmetic,10.47,wallet
T001998,U01572,2026-02-18 09:23:20,battlepass,14.29,card
T001999,U01572,2026-02-03 10:45:10,expansion,25.27,wallet
T002000,U01572,2026-01-28 16:16:28,booster,4.57,wallet
T002001,U01574,2026-03-06 23:55:30,cosmetic,5.38,card
T002002,U01574,2026-03-13 18:55:43,cosmetic,6.06,card
T002003,U01576,2026-02-02 06:30:05,cosmetic,6.38,card
T002004,U01576,2026-02-05 10:32:13,expansion,28.81,card
T002005,U01576,2026-01-26 20:02:28,cosmetic,6.59,wallet
T002006,U01576,2026-02-07 01:31:11,booster,2.88,card
T002007,U01576,2026-02-11 20:03:41,cosmetic,8.24,wallet
T002008,U01578,2026-03-13 21:05:40,currency,16.42,wallet
T002009,U01578,2026-03-09 20:07:22,cosmetic,8.1,card
T002010,U01578,2026-03-06 00:29:51,currency,16.83,wallet
T002011,U01580,2026-03-02 08:29:06,battlepass,12.17,wallet
T002012,U01580,2026-02-08 12:55:03,cosmetic,5.1,wallet
T002013,U01582,2026-01-19 16:27:19,cosmetic,5.05,wallet
T002014,U01582,2026-02-09 04:59:31,currency,9.71,card
T002015,U01582,2026-02-11 23:59:07,cosmetic,10.37,wallet
T002016,U01582,2026-02-09 18:46:50,cosmetic,7.3,wallet
T002017,U01585,2026-02-23 18:37:54,booster,3.85,card
T002018,U01586,2026-02-07 04:48:37,currency,21.06,wallet
T002019,U01586,2026-02-09 05:51:34,cosmetic,7.29,card
T002020,U01586,2026-01-31 07:46:41,booster,4.44,wallet
T002021,U01586,2026-02-07 07:28:46,booster,5.41,wallet
T002022,U01587,2026-03-05 04:30:32,cosmetic,9.68,card
T002023,U01587,2026-02-21 08:00:04,currency,14.6,card
T002024,U01587,2026-03-15 23:20:54,cosmetic,8.67,card
T002025,U01587,2026-02-19 16:19:34,currency,11.01,card
T002026,U01588,2026-01-06 21:56:01,cosmetic,10.4,card
T002027,U01588,2026-01-09 09:00:51,booster,6.03,wallet
T002028,U01590,2026-01-09 10:12:16,battlepass,15.29,card
T002029,U01590,2026-01-28 10:28:50,booster,2.7,card
T002030,U01590,2026-01-29 06:43:38,battlepass,17.38,card
T002031,U01595,2026-02-27 10:20:14,booster,4.99,card
T002032,U01595,2026-02-12 12:52:31,battlepass,17.12,wallet
T002033,U01596,2026-01-12 01:30:57,expansion,22.83,card
T002034,U01596,2026-01-14 17:11:19,battlepass,9.82,card
T002035,U01596,2026-01-29 02:37:35,cosmetic,4.27,card
T002036,U01598,2026-03-06 10:17:07,cosmetic,6.54,wallet
T002037,U01598,2026-03-10 02:00:20,battlepass,15.69,wallet
T002038,U01599,2026-03-14 02:46:49,cosmetic,8.42,wallet
T002039,U01600,2026-03-13 14:57:31,currency,14.86,wallet
T002040,U01600,2026-03-10 21:41:24,currency,18.91,wallet
T002041,U01601,2026-01-28 20:53:28,booster,6.03,card
T002042,U01601,2026-01-31 06:02:38,cosmetic,5.79,card
T002043,U01601,2026-01-25 23:38:07,battlepass,17.57,card
T002044,U01608,2026-02-21 22:51:53,cosmetic,4.52,wallet
T002045,U01608,2026-02-18 22:33:56,expansion,32.0,card
T002046,U01608,2026-02-24 23:00:05,cosmetic,5.73,card
T002047,U01613,2026-02-27 02:05:54,currency,20.74,card
T002048,U01613,2026-02-13 05:16:55,booster,3.27,card
T002049,U01616,2026-01-20 05:54:55,battlepass,21.77,card
T002050,U01616,2026-01-17 17:39:27,booster,2.63,card
T002051,U01616,2026-01-25 22:23:13,booster,5.82,card
T002052,U01618,2026-01-31 13:34:26,currency,16.58,card
T002053,U01618,2026-02-24 00:29:21,cosmetic,6.05,card
T002054,U01618,2026-02-25 20:31:20,expansion,28.7,card
T002055,U01618,2026-02-12 13:00:49,currency,19.64,card
T002056,U01618,2026-02-22 02:04:43,booster,6.19,card
T002057,U01624,2026-01-24 09:18:28,cosmetic,8.14,card
T002058,U01624,2026-01-26 21:55:09,expansion,24.82,card
T002059,U01625,2026-03-01 17:59:00,expansion,26.41,card
T002060,U01630,2026-01-09 17:12:55,cosmetic,9.93,card
T002061,U01630,2026-01-09 22:00:38,currency,14.83,card
T002062,U01631,2026-03-05 02:19:40,battlepass,15.88,card
T002063,U01631,2026-02-13 17:09:37,cosmetic,5.43,card
T002064,U01631,2026-02-24 07:44:41,currency,15.49,card
T002065,U01633,2026-01-30 14:55:41,cosmetic,6.52,card
T002066,U01633,2026-01-31 12:06:56,currency,19.65,card
T002067,U01633,2026-01-10 12:17:31,battlepass,14.14,card
T002068,U01635,2026-01-28 07:29:33,booster,5.53,card
T002069,U01636,2026-02-26 22:04:01,cosmetic,10.67,card
T002070,U01636,2026-02-09 11:42:11,cosmetic,8.45,card
T002071,U01636,2026-02-15 02:06:38,currency,11.77,card
T002072,U01636,2026-02-08 09:10:24,cosmetic,10.7,card
T002073,U01636,2026-03-02 19:10:57,expansion,15.86,card
T002074,U01637,2026-01-16 16:24:49,expansion,14.62,card
T002075,U01637,2026-01-25 17:11:52,cosmetic,5.02,wallet
T002076,U01638,2026-02-20 16:17:26,battlepass,12.03,card
T002077,U01638,2026-02-07 03:59:04,booster,6.2,card
T002078,U01638,2026-02-12 01:29:47,cosmetic,7.79,card
T002079,U01638,2026-02-26 07:01:21,currency,17.53,wallet
T002080,U01639,2026-02-06 12:36:34,currency,21.67,card
T002081,U01639,2026-02-02 17:09:55,cosmetic,9.01,card
T002082,U01639,2026-01-26 22:30:33,cosmetic,10.74,card
T002083,U01640,2026-02-03 06:35:19,cosmetic,7.47,wallet
T002084,U01640,2026-02-12 08:41:28,cosmetic,5.65,card
T002085,U01642,2026-01-08 23:09:40,cosmetic,6.49,wallet
T002086,U01643,2026-02-16 09:16:31,booster,4.03,wallet
T002087,U01643,2026-02-11 07:08:21,booster,2.59,card
T002088,U01643,2026-02-20 04:54:09,booster,5.43,wallet
T002089,U01643,2026-02-21 02:09:14,cosmetic,8.66,card
T002090,U01646,2026-02-07 23:10:29,cosmetic,5.92,card
T002091,U01646,2026-01-26 08:58:24,currency,21.81,card
T002092,U01646,2026-02-01 06:33:25,expansion,19.3,card
T002093,U01646,2026-02-11 01:04:20,cosmetic,5.7,card
T002094,U01649,2026-03-11 03:18:58,currency,10.02,card
T002095,U01650,2026-03-09 17:10:14,booster,3.83,wallet
T002096,U01650,2026-03-17 05:26:29,cosmetic,5.92,wallet
T002097,U01650,2026-03-04 20:44:11,cosmetic,5.57,wallet
T002098,U01650,2026-02-21 23:30:48,expansion,14.34,wallet
T002099,U01653,2026-01-19 01:33:05,currency,13.15,wallet
T002100,U01654,2026-03-03 08:15:52,booster,3.51,card
T002101,U01654,2026-03-02 15:31:27,booster,6.36,card
T002102,U01660,2026-01-20 03:03:31,battlepass,13.86,card
T002103,U01662,2026-02-13 18:09:28,battlepass,19.68,card
T002104,U01662,2026-02-08 23:29:29,booster,2.4,card
T002105,U01663,2026-01-18 20:43:29,currency,18.38,card
T002106,U01663,2026-01-12 11:30:40,booster,3.22,card
T002107,U01663,2026-01-12 20:26:00,cosmetic,5.29,card
T002108,U01663,2026-01-14 08:50:19,cosmetic,8.07,card
T002109,U01663,2026-01-27 12:22:30,cosmetic,8.24,card
T002110,U01665,2026-02-25 04:02:03,cosmetic,4.76,wallet
T002111,U01665,2026-02-14 04:25:56,currency,8.52,wallet
T002112,U01665,2026-02-09 18:27:14,cosmetic,6.67,wallet
T002113,U01667,2026-02-17 11:15:07,cosmetic,6.7,card
T002114,U01668,2026-03-10 04:27:23,currency,16.64,wallet
T002115,U01668,2026-03-04 08:31:19,expansion,12.11,wallet
T002116,U01668,2026-03-05 10:01:40,cosmetic,9.14,wallet
T002117,U01668,2026-02-21 18:23:36,currency,9.02,wallet
T002118,U01668,2026-02-19 02:27:48,cosmetic,7.26,card
T002119,U01670,2026-02-21 12:01:53,booster,2.63,card
T002120,U01670,2026-02-21 00:15:28,expansion,14.87,card
T002121,U01670,2026-02-15 14:33:54,expansion,23.9,card
T002122,U01670,2026-03-12 03:20:48,booster,4.7,card
T002123,U01671,2026-03-12 17:08:20,currency,20.79,wallet
T002124,U01671,2026-03-16 01:46:28,currency,8.87,wallet
T002125,U01671,2026-03-05 13:26:18,expansion,30.16,wallet
T002126,U01672,2026-02-09 02:57:01,booster,4.3,wallet
T002127,U01672,2026-02-27 02:32:21,booster,2.49,card
T002128,U01672,2026-02-05 19:32:47,booster,3.98,wallet
T002129,U01672,2026-02-04 23:40:19,expansion,12.79,card
T002130,U01673,2026-02-02 07:44:33,booster,6.51,wallet
T002131,U01673,2026-01-26 13:13:30,booster,2.54,wallet
T002132,U01675,2026-02-21 13:18:40,cosmetic,9.25,card
T002133,U01675,2026-02-21 03:35:42,booster,5.57,wallet
T002134,U01675,2026-03-06 11:48:13,battlepass,9.37,card
T002135,U01681,2026-03-20 08:41:38,cosmetic,9.39,wallet
T002136,U01681,2026-03-11 23:54:38,booster,2.92,wallet
T002137,U01682,2026-01-11 02:31:15,cosmetic,9.47,card
T002138,U01682,2026-01-13 17:51:50,booster,4.66,card
T002139,U01684,2026-03-03 14:10:28,booster,3.78,card
T002140,U01684,2026-03-07 07:30:28,cosmetic,9.09,card
T002141,U01684,2026-03-14 09:00:07,booster,5.79,card
T002142,U01684,2026-02-26 23:59:29,expansion,25.4,card
T002143,U01687,2026-02-06 14:38:17,cosmetic,8.72,card
T002144,U01687,2026-02-21 14:37:08,cosmetic,7.32,card
T002145,U01687,2026-02-17 03:51:17,booster,5.68,card
T002146,U01689,2026-03-08 20:33:43,currency,12.35,card
T002147,U01689,2026-03-08 09:15:17,cosmetic,7.21,card
T002148,U01689,2026-03-21 06:20:36,battlepass,18.28,card
T002149,U01690,2026-01-07 16:27:53,booster,6.24,card
T002150,U01690,2026-01-22 04:56:23,cosmetic,8.64,card
T002151,U01690,2026-01-07 04:29:40,battlepass,9.4,card
T002152,U01691,2026-03-15 03:40:13,booster,2.94,wallet
T002153,U01691,2026-03-01 19:55:24,expansion,22.51,wallet
T002154,U01691,2026-02-24 05:47:44,booster,2.84,card
T002155,U01692,2026-03-06 18:42:29,cosmetic,7.83,card
T002156,U01692,2026-03-22 02:59:33,cosmetic,10.47,card
T002157,U01692,2026-03-06 18:14:36,battlepass,9.58,card
T002158,U01692,2026-02-26 05:44:37,booster,4.57,card
T002159,U01694,2026-02-06 23:59:00,currency,19.55,card
T002160,U01694,2026-02-05 15:44:47,cosmetic,9.17,wallet
T002161,U01694,2026-02-19 15:48:51,cosmetic,8.44,card
T002162,U01696,2026-02-16 12:07:20,cosmetic,9.77,card
T002163,U01696,2026-03-03 09:43:48,cosmetic,6.27,wallet
T002164,U01696,2026-03-04 20:27:55,booster,4.57,wallet
T002165,U01696,2026-02-10 23:51:00,cosmetic,5.79,wallet
T002166,U01696,2026-02-27 19:29:36,battlepass,19.35,wallet
T002167,U01698,2026-02-06 08:16:55,expansion,32.45,card
T002168,U01698,2026-01-19 19:03:54,booster,5.71,card
T002169,U01698,2026-01-18 07:08:37,battlepass,16.65,card
T002170,U01699,2026-02-07 15:41:36,cosmetic,7.16,card
T002171,U01699,2026-02-04 20:47:29,cosmetic,9.91,card
T002172,U01699,2026-01-26 03:44:20,booster,3.36,card
T002173,U01700,2026-03-16 17:26:48,battlepass,21.6,card
T002174,U01701,2026-02-06 07:20:47,currency,20.09,wallet
T002175,U01701,2026-01-20 10:53:52,expansion,29.93,wallet
T002176,U01701,2026-01-19 23:18:29,cosmetic,10.19,wallet
T002177,U01702,2026-01-31 14:49:00,cosmetic,9.63,card
T002178,U01702,2026-02-01 16:11:03,currency,16.58,card
T002179,U01703,2026-02-10 10:44:21,cosmetic,5.03,card
T002180,U01703,2026-03-03 07:00:35,cosmetic,6.89,card
T002181,U01705,2026-02-26 15:10:30,booster,5.62,card
T002182,U01705,2026-03-02 13:27:32,cosmetic,6.7,card
T002183,U01706,2026-03-12 17:39:20,currency,20.8,card
T002184,U01706,2026-03-16 07:09:33,booster,6.17,wallet
T002185,U01707,2026-03-04 19:11:14,cosmetic,5.02,card
T002186,U01708,2026-03-11 00:59:57,cosmetic,5.03,card
T002187,U01708,2026-03-19 17:58:06,currency,10.68,card
T002188,U01709,2026-02-09 11:09:20,battlepass,20.96,card
T002189,U01709,2026-01-31 09:57:29,booster,5.85,card
T002190,U01711,2026-02-17 10:44:23,cosmetic,9.18,card
T002191,U01711,2026-02-08 23:28:09,expansion,13.26,card
T002192,U01715,2026-02-15 00:40:30,cosmetic,10.44,wallet
T002193,U01717,2026-02-24 14:31:53,cosmetic,6.15,card
T002194,U01717,2026-03-02 10:25:27,cosmetic,5.69,card
T002195,U01718,2026-02-15 10:39:31,cosmetic,9.48,card
T002196,U01718,2026-02-06 08:24:02,cosmetic,5.42,card
T002197,U01719,2026-02-05 07:51:56,cosmetic,9.03,card
T002198,U01719,2026-02-17 05:10:54,booster,6.18,card
T002199,U01720,2026-02-15 05:04:11,booster,4.3,card
T002200,U01720,2026-02-13 14:22:44,cosmetic,9.73,card
T002201,U01720,2026-03-02 16:05:25,cosmetic,8.45,card
T002202,U01720,2026-02-27 14:01:39,expansion,20.88,card
T002203,U01722,2026-03-11 20:41:18,expansion,22.03,wallet
T002204,U01722,2026-02-28 00:46:02,expansion,17.26,wallet
T002205,U01722,2026-02-21 00:37:16,booster,2.63,card
T002206,U01722,2026-02-28 17:41:20,cosmetic,9.28,wallet
T002207,U01724,2026-02-24 20:58:11,cosmetic,10.07,card
T002208,U01724,2026-02-18 03:04:47,battlepass,19.91,card
T002209,U01725,2026-02-03 21:22:49,expansion,27.27,wallet
T002210,U01725,2026-02-16 00:24:05,expansion,21.91,card
T002211,U01725,2026-02-07 20:39:49,cosmetic,7.04,card
T002212,U01725,2026-02-22 22:38:16,cosmetic,10.97,card
T002213,U01726,2026-02-24 12:19:40,expansion,32.84,wallet
T002214,U01726,2026-02-19 21:10:54,booster,3.88,card
T002215,U01728,2026-02-10 07:14:32,expansion,13.93,card
T002216,U01728,2026-02-11 20:18:23,booster,3.33,card
T002217,U01732,2026-03-10 13:28:24,cosmetic,5.97,card
T002218,U01735,2026-03-06 01:23:47,cosmetic,9.92,card
T002219,U01735,2026-03-12 00:07:18,currency,16.51,card
T002220,U01738,2026-01-21 08:50:38,expansion,25.17,card
T002221,U01738,2026-01-21 00:32:26,currency,14.56,card
T002222,U01738,2026-01-25 13:40:28,battlepass,19.27,card
T002223,U01738,2026-01-31 20:24:46,booster,5.76,card
T002224,U01738,2026-01-07 06:37:53,cosmetic,8.39,card
T002225,U01739,2026-01-12 14:07:02,cosmetic,8.0,card
T002226,U01739,2026-01-20 23:42:57,booster,2.76,wallet
T002227,U01739,2026-01-28 01:13:43,battlepass,19.53,wallet
T002228,U01741,2026-02-04 05:43:36,battlepass,17.47,card
T002229,U01741,2026-02-22 04:25:30,currency,16.65,card
T002230,U01741,2026-01-30 05:44:45,cosmetic,5.44,card
T002231,U01741,2026-02-06 00:56:35,cosmetic,9.9,card
T002232,U01741,2026-02-21 02:29:27,cosmetic,9.33,card
T002233,U01744,2026-01-05 13:21:19,cosmetic,10.67,card
T002234,U01744,2026-01-09 17:08:06,cosmetic,4.83,card
T002235,U01744,2026-01-07 01:41:28,booster,5.05,wallet
T002236,U01746,2026-03-06 15:01:07,cosmetic,6.4,card
T002237,U01746,2026-03-26 00:25:21,booster,4.44,card
T002238,U01746,2026-03-01 15:38:28,expansion,31.26,wallet
T002239,U01746,2026-03-04 23:16:24,currency,10.78,wallet
T002240,U01748,2026-02-03 13:08:46,expansion,20.84,card
T002241,U01748,2026-02-19 14:30:50,expansion,17.69,card
T002242,U01748,2026-02-05 03:08:05,battlepass,14.15,card
T002243,U01748,2026-02-04 11:04:31,currency,17.09,card
T002244,U01749,2026-02-19 20:53:46,expansion,17.29,wallet
T002245,U01749,2026-03-10 11:47:20,cosmetic,10.47,wallet
T002246,U01749,2026-03-01 09:50:12,cosmetic,5.73,wallet
T002247,U01749,2026-03-17 06:07:30,cosmetic,5.61,wallet
T002248,U01749,2026-03-05 02:32:53,currency,10.0,wallet
T002249,U01749,2026-03-10 11:37:59,booster,3.29,wallet
T002250,U01749,2026-03-01 19:25:14,cosmetic,10.23,wallet
T002251,U01750,2026-03-02 22:03:11,currency,12.75,card
T002252,U01750,2026-03-04 00:12:01,currency,17.44,card
T002253,U01750,2026-03-08 12:51:27,cosmetic,5.16,card
T002254,U01751,2026-02-27 09:19:55,currency,14.18,card
T002255,U01751,2026-03-13 05:33:38,battlepass,19.73,card
T002256,U01754,2026-02-21 01:13:37,currency,8.09,card
T002257,U01754,2026-02-01 22:43:40,cosmetic,10.35,card
T002258,U01754,2026-02-18 14:37:46,booster,4.22,card
T002259,U01755,2026-03-03 13:05:38,expansion,28.52,card
T002260,U01755,2026-03-03 03:30:02,cosmetic,6.98,card
T002261,U01756,2026-02-01 16:53:11,cosmetic,9.58,card
T002262,U01756,2026-01-25 04:36:11,battlepass,8.01,card
T002263,U01756,2026-01-25 05:53:40,cosmetic,9.94,card
T002264,U01756,2026-01-22 10:53:25,cosmetic,4.74,card
T002265,U01756,2026-01-31 02:32:41,booster,2.59,card
T002266,U01756,2026-01-24 02:08:26,currency,18.03,card
T002267,U01762,2026-02-20 09:33:22,cosmetic,8.84,wallet
T002268,U01762,2026-02-11 04:33:52,expansion,32.97,wallet
T002269,U01762,2026-02-08 00:56:48,booster,4.04,card
T002270,U01763,2026-01-08 04:06:33,booster,2.91,wallet
T002271,U01764,2026-02-27 13:42:29,currency,18.96,wallet
T002272,U01764,2026-03-03 10:02:46,currency,8.32,card
T002273,U01765,2026-03-04 01:04:33,currency,13.69,card
T002274,U01765,2026-03-01 09:05:12,cosmetic,10.0,wallet
T002275,U01765,2026-02-28 23:57:13,booster,3.44,card
T002276,U01766,2026-03-14 04:07:32,cosmetic,6.39,card
T002277,U01766,2026-03-08 02:53:33,cosmetic,6.17,card
T002278,U01766,2026-03-25 22:08:13,cosmetic,4.2,card
T002279,U01766,2026-03-11 22:32:28,booster,4.26,card
T002280,U01766,2026-03-17 06:31:02,currency,8.34,card
T002281,U01769,2026-01-11 18:17:31,currency,9.7,card
T002282,U01770,2026-01-12 11:34:45,booster,3.71,card
T002283,U01770,2026-02-10 12:46:15,battlepass,19.84,card
T002284,U01770,2026-01-16 15:32:14,cosmetic,4.56,card
T002285,U01770,2026-01-19 19:43:49,booster,4.33,card
T002286,U01770,2026-01-15 21:30:21,cosmetic,7.1,card
T002287,U01774,2026-01-30 06:02:26,battlepass,9.05,card
T002288,U01774,2026-02-05 23:37:13,currency,18.18,wallet
T002289,U01778,2026-01-18 04:08:36,booster,4.39,wallet
T002290,U01778,2026-01-28 02:55:30,currency,21.89,wallet
T002291,U01779,2026-02-15 05:00:13,cosmetic,10.73,card
T002292,U01779,2026-02-13 23:03:28,booster,4.5,card
T002293,U01779,2026-02-07 07:45:00,expansion,21.81,card
T002294,U01782,2026-02-19 06:06:40,expansion,24.1,card
T002295,U01782,2026-02-08 23:57:42,currency,18.37,card
T002296,U01782,2026-01-28 19:01:55,booster,3.22,wallet
T002297,U01789,2026-02-21 13:32:37,expansion,16.39,wallet
T002298,U01789,2026-02-06 18:21:03,cosmetic,9.55,wallet
T002299,U01795,2026-02-05 14:03:48,cosmetic,7.61,card
T002300,U01795,2026-02-25 09:45:56,cosmetic,6.6,card
T002301,U01795,2026-02-27 17:17:16,booster,2.43,card
T002302,U01797,2026-03-26 19:16:23,cosmetic,9.39,card
T002303,U01798,2026-01-28 05:55:44,booster,5.48,card
T002304,U01800,2026-02-13 13:49:47,battlepass,11.32,card
T002305,U01800,2026-02-28 10:57:54,expansion,23.85,card
T002306,U01803,2026-02-01 11:17:30,cosmetic,8.58,card
T002307,U01803,2026-02-07 03:00:59,booster,3.18,card
T002308,U01804,2026-01-27 23:22:03,cosmetic,5.13,card
T002309,U01804,2026-02-09 22:40:14,cosmetic,10.29,card
T002310,U01804,2026-02-04 04:10:54,battlepass,21.4,card
T002311,U01809,2026-01-11 09:58:42,battlepass,17.12,card
T002312,U01809,2026-01-23 04:11:24,cosmetic,10.97,card
T002313,U01810,2026-03-06 12:40:51,cosmetic,9.26,card
T002314,U01810,2026-03-23 23:40:19,battlepass,16.54,card
T002315,U01810,2026-03-24 20:16:06,currency,14.62,card
T002316,U01810,2026-03-08 06:41:27,currency,18.29,card
T002317,U01811,2026-01-19 06:04:51,currency,21.51,card
T002318,U01812,2026-02-25 19:55:27,booster,3.11,card
T002319,U01813,2026-03-09 12:27:11,currency,19.26,card
T002320,U01813,2026-03-04 20:56:49,currency,18.27,card
T002321,U01815,2026-03-12 01:43:35,currency,11.95,wallet
T002322,U01815,2026-03-08 10:57:59,booster,5.48,wallet
T002323,U01816,2026-02-02 05:51:01,cosmetic,7.24,card
T002324,U01822,2026-03-13 01:51:28,currency,17.49,wallet
T002325,U01822,2026-03-11 09:32:31,cosmetic,9.58,wallet
T002326,U01823,2026-02-08 14:52:36,cosmetic,4.1,card
T002327,U01823,2026-01-22 00:32:02,battlepass,13.83,wallet
T002328,U01830,2026-03-27 02:55:53,booster,3.27,wallet
T002329,U01830,2026-03-19 08:42:05,currency,20.95,wallet
T002330,U01830,2026-03-04 20:43:18,cosmetic,9.27,wallet
T002331,U01830,2026-03-18 12:32:57,battlepass,14.79,wallet
T002332,U01830,2026-03-28 12:51:38,cosmetic,10.95,wallet
T002333,U01832,2026-03-20 04:01:24,cosmetic,6.09,wallet
T002334,U01832,2026-03-02 23:38:41,booster,4.29,wallet
T002335,U01832,2026-03-03 18:29:17,booster,6.47,wallet
T002336,U01832,2026-03-14 21:46:52,battlepass,8.64,card
T002337,U01832,2026-03-03 05:46:46,cosmetic,9.39,card
T002338,U01834,2026-01-24 13:59:37,currency,19.18,card
T002339,U01834,2026-01-18 15:25:32,cosmetic,9.4,card
T002340,U01834,2026-01-23 13:05:20,cosmetic,7.26,card
T002341,U01836,2026-01-19 22:47:42,cosmetic,7.76,card
T002342,U01836,2026-01-28 16:31:54,cosmetic,9.46,card
T002343,U01836,2026-01-27 10:17:42,cosmetic,8.18,card
T002344,U01837,2026-03-20 21:23:50,expansion,24.51,wallet
T002345,U01837,2026-03-08 19:59:51,currency,10.78,card
T002346,U01837,2026-03-05 15:04:14,battlepass,18.54,wallet
T002347,U01837,2026-02-26 06:20:21,booster,3.16,card
T002348,U01838,2026-01-29 05:47:37,cosmetic,6.2,wallet
T002349,U01838,2026-01-23 10:12:23,expansion,29.67,card
T002350,U01839,2026-01-26 19:25:10,battlepass,8.35,wallet
T002351,U01839,2026-02-01 00:34:55,battlepass,10.11,wallet
T002352,U01839,2026-01-25 02:54:27,booster,4.97,wallet
T002353,U01841,2026-01-26 19:01:36,booster,4.92,card
T002354,U01841,2026-02-11 19:12:35,cosmetic,8.92,card
T002355,U01841,2026-01-26 19:20:39,cosmetic,9.24,card
T002356,U01841,2026-02-08 01:00:16,cosmetic,5.94,card
T002357,U01841,2026-02-15 08:27:34,cosmetic,5.08,card
T002358,U01847,2026-02-21 05:49:38,cosmetic,4.12,card
T002359,U01847,2026-02-05 11:08:48,booster,5.05,card
T002360,U01847,2026-02-02 07:58:18,booster,3.14,card
T002361,U01847,2026-02-04 22:32:55,cosmetic,6.59,card
T002362,U01847,2026-02-04 12:04:22,currency,19.23,card
T002363,U01847,2026-01-26 01:54:40,expansion,26.36,card
T002364,U01848,2026-02-07 07:40:19,booster,2.86,card
T002365,U01848,2026-02-07 19:51:37,booster,3.58,card
T002366,U01851,2026-01-23 04:36:03,expansion,32.18,wallet
T002367,U01851,2026-01-19 21:37:42,cosmetic,10.44,wallet
T002368,U01855,2026-01-18 19:15:11,cosmetic,8.18,card
T002369,U01855,2026-01-24 07:35:05,booster,5.61,card
T002370,U01859,2026-02-28 10:06:57,cosmetic,4.65,card
T002371,U01859,2026-02-09 07:25:36,cosmetic,8.57,card
T002372,U01863,2026-03-14 11:10:35,booster,4.95,card
T002373,U01863,2026-03-19 13:23:38,cosmetic,9.52,card
T002374,U01863,2026-03-12 16:21:02,expansion,26.53,card
T002375,U01863,2026-03-06 04:06:10,currency,9.42,card
T002376,U01865,2026-03-18 05:24:59,cosmetic,10.61,card
T002377,U01867,2026-01-24 06:05:35,booster,6.33,card
T002378,U01867,2026-01-08 15:38:37,expansion,15.29,card
T002379,U01867,2026-01-25 21:39:53,booster,5.88,card
T002380,U01869,2026-01-12 00:10:44,battlepass,19.58,wallet
T002381,U01876,2026-01-10 15:21:05,cosmetic,9.01,card
T002382,U01876,2026-01-25 05:58:45,cosmetic,9.08,card
T002383,U01877,2026-01-20 18:43:12,cosmetic,6.59,card
T002384,U01877,2026-01-27 20:31:55,currency,12.32,card
T002385,U01877,2026-02-08 13:44:18,cosmetic,9.66,card
T002386,U01878,2026-03-15 09:18:47,cosmetic,7.48,card
T002387,U01878,2026-02-24 21:32:34,booster,3.37,card
T002388,U01878,2026-03-05 19:14:28,cosmetic,7.82,card
T002389,U01878,2026-03-04 03:02:16,currency,20.74,card
T002390,U01878,2026-03-05 01:12:48,cosmetic,5.66,card
T002391,U01878,2026-03-23 21:46:12,currency,8.11,card
T002392,U01878,2026-03-01 01:34:13,booster,5.78,card
T002393,U01881,2026-01-28 10:37:49,expansion,24.86,card
T002394,U01883,2026-01-11 00:35:42,currency,16.37,wallet
T002395,U01883,2026-01-17 00:02:42,booster,4.94,card
T002396,U01885,2026-02-09 16:44:58,expansion,16.58,wallet
T002397,U01885,2026-02-26 09:48:07,cosmetic,6.98,wallet
T002398,U01888,2026-02-09 21:58:17,expansion,18.91,card
T002399,U01888,2026-02-21 21:27:25,expansion,28.59,card
T002400,U01890,2026-02-25 05:28:25,cosmetic,5.35,wallet
T002401,U01890,2026-01-28 01:28:29,cosmetic,7.37,card
T002402,U01894,2026-02-16 14:34:55,battlepass,11.06,card
T002403,U01894,2026-03-05 23:24:55,expansion,32.89,card
T002404,U01894,2026-02-21 23:54:04,cosmetic,5.32,card
T002405,U01895,2026-01-16 08:19:10,currency,12.04,card
T002406,U01895,2026-01-14 22:37:50,currency,11.28,card
T002407,U01896,2026-03-11 14:00:08,currency,18.52,card
T002408,U01896,2026-03-07 23:56:29,currency,19.22,card
T002409,U01896,2026-02-25 03:02:48,currency,10.89,card
T002410,U01896,2026-03-19 20:51:19,currency,19.61,card
T002411,U01901,2026-03-01 09:28:11,cosmetic,9.25,card
T002412,U01901,2026-03-01 20:25:35,cosmetic,10.49,wallet
T002413,U01901,2026-02-18 17:46:44,battlepass,9.35,wallet
T002414,U01903,2026-03-13 05:46:40,booster,4.44,card
T002415,U01907,2026-02-14 10:05:16,cosmetic,8.04,wallet
T002416,U01907,2026-02-08 15:50:23,currency,13.14,card
T002417,U01908,2026-02-04 20:21:09,expansion,18.84,card
T002418,U01908,2026-01-15 02:29:00,battlepass,18.59,card
T002419,U01908,2026-01-16 04:33:51,currency,19.32,card
T002420,U01908,2026-02-06 04:18:42,cosmetic,7.82,card
T002421,U01909,2026-01-25 13:34:22,expansion,27.61,card
T002422,U01909,2026-01-26 05:40:44,battlepass,10.23,card
T002423,U01909,2026-01-12 22:52:30,booster,5.01,card
T002424,U01910,2026-03-15 02:58:44,booster,2.89,wallet
T002425,U01910,2026-03-16 02:51:18,cosmetic,9.0,wallet
T002426,U01913,2026-01-24 12:24:51,expansion,23.67,wallet
T002427,U01913,2026-01-21 11:25:43,booster,6.16,card
T002428,U01913,2026-01-05 09:01:45,expansion,25.85,card
T002429,U01913,2026-01-15 00:05:09,expansion,18.82,wallet
T002430,U01915,2026-01-21 20:33:32,cosmetic,8.03,wallet
T002431,U01915,2026-02-16 00:08:45,currency,18.58,wallet
T002432,U01915,2026-02-18 02:54:17,booster,3.37,card
T002433,U01916,2026-02-19 04:29:22,cosmetic,5.21,card
T002434,U01916,2026-02-23 02:37:12,currency,21.01,card
T002435,U01916,2026-02-09 15:32:17,expansion,24.66,card
T002436,U01916,2026-02-21 17:59:08,booster,3.46,card
T002437,U01916,2026-02-18 05:02:10,booster,4.46,card
T002438,U01917,2026-01-18 04:09:38,cosmetic,7.03,card
T002439,U01919,2026-02-16 16:53:19,expansion,15.02,card
T002440,U01919,2026-02-06 10:03:10,cosmetic,8.57,card
T002441,U01920,2026-02-01 03:42:20,cosmetic,4.62,wallet
T002442,U01920,2026-02-12 19:14:31,cosmetic,6.39,wallet
T002443,U01920,2026-02-13 12:10:10,booster,6.49,wallet
T002444,U01921,2026-02-01 22:21:44,cosmetic,5.67,card
T002445,U01921,2026-02-05 02:27:02,cosmetic,6.4,wallet
T002446,U01921,2026-02-21 03:42:31,battlepass,18.52,wallet
T002447,U01922,2026-02-23 14:46:00,currency,9.74,wallet
T002448,U01922,2026-02-21 12:22:42,expansion,14.07,wallet
T002449,U01922,2026-02-15 13:27:16,battlepass,20.15,card
T002450,U01922,2026-02-20 12:44:40,expansion,19.63,card
T002451,U01928,2026-01-29 04:17:14,cosmetic,6.95,wallet
T002452,U01928,2026-01-17 21:20:09,expansion,28.03,wallet
T002453,U01933,2026-03-14 12:12:46,currency,15.09,card
T002454,U01933,2026-02-25 17:45:27,currency,19.9,card
T002455,U01933,2026-02-23 03:12:44,cosmetic,5.13,card
T002456,U01935,2026-01-19 01:45:18,expansion,21.62,card
T002457,U01935,2026-01-29 19:08:55,expansion,15.42,wallet
T002458,U01935,2026-01-17 13:37:53,cosmetic,4.8,card
T002459,U01936,2026-01-11 03:35:43,cosmetic,6.35,card
T002460,U01936,2026-01-13 22:05:49,cosmetic,9.84,card
T002461,U01936,2026-01-31 10:02:25,expansion,25.35,card
T002462,U01936,2026-01-24 21:20:43,cosmetic,4.11,card
T002463,U01941,2026-01-25 09:26:24,cosmetic,9.37,wallet
T002464,U01941,2026-02-06 06:52:03,battlepass,9.98,wallet
T002465,U01943,2026-03-15 23:55:05,booster,2.44,card
T002466,U01943,2026-03-02 21:53:59,cosmetic,10.26,card
T002467,U01945,2026-02-07 15:51:22,cosmetic,8.4,wallet
T002468,U01948,2026-02-27 06:32:33,cosmetic,10.72,wallet
T002469,U01948,2026-03-05 07:21:49,cosmetic,6.19,wallet
T002470,U01948,2026-03-11 18:44:18,expansion,20.24,wallet
T002471,U01948,2026-03-08 21:25:36,cosmetic,4.83,wallet
T002472,U01950,2026-02-14 10:56:03,currency,11.75,wallet
T002473,U01950,2026-01-22 17:42:12,battlepass,21.39,card
T002474,U01950,2026-02-09 11:25:29,cosmetic,9.9,wallet
T002475,U01950,2026-02-16 19:20:39,cosmetic,5.04,wallet
T002476,U01950,2026-02-14 11:17:37,booster,3.91,wallet
T002477,U01950,2026-01-31 04:52:30,cosmetic,7.38,card
T002478,U01950,2026-01-25 22:14:34,booster,5.38,card
T002479,U01951,2026-03-11 05:33:46,booster,2.75,card
T002480,U01951,2026-03-06 23:09:42,battlepass,14.05,wallet
T002481,U01951,2026-03-02 03:30:31,cosmetic,5.94,wallet
T002482,U01956,2026-02-03 15:08:36,expansion,18.27,card
T002483,U01958,2026-02-12 01:33:43,cosmetic,6.02,wallet
T002484,U01958,2026-02-05 17:48:27,cosmetic,10.74,wallet
T002485,U01958,2026-02-14 11:17:25,cosmetic,8.94,wallet
T002486,U01958,2026-02-11 23:40:14,currency,13.56,wallet
T002487,U01958,2026-02-23 16:21:01,cosmetic,10.58,card
T002488,U01959,2026-02-24 11:17:37,battlepass,21.56,card
T002489,U01959,2026-02-12 15:48:10,cosmetic,5.08,card
T002490,U01959,2026-02-20 22:32:29,currency,11.06,card
T002491,U01966,2026-02-20 07:37:10,expansion,29.82,card
T002492,U01966,2026-02-17 15:28:33,expansion,15.12,card
T002493,U01966,2026-03-02 19:54:51,cosmetic,4.81,card
T002494,U01967,2026-02-19 22:18:55,cosmetic,5.56,wallet
T002495,U01967,2026-01-29 10:29:58,booster,5.74,wallet
T002496,U01967,2026-02-02 21:32:26,expansion,15.55,card
T002497,U01968,2026-02-14 06:07:39,cosmetic,5.84,card
T002498,U01968,2026-02-24 13:46:51,cosmetic,6.79,card
T002499,U01972,2026-03-05 22:37:10,cosmetic,5.92,card
T002500,U01972,2026-03-03 15:29:05,booster,2.56,card
T002501,U01972,2026-03-18 21:30:32,cosmetic,7.62,card
T002502,U01973,2026-02-10 20:45:00,currency,16.67,card
T002503,U01977,2026-02-28 05:51:59,expansion,25.33,wallet
T002504,U01977,2026-02-28 21:51:09,cosmetic,7.77,wallet
T002505,U01977,2026-03-26 22:10:46,booster,4.45,wallet
T002506,U01978,2026-02-05 14:58:06,battlepass,12.81,card
T002507,U01978,2026-02-07 16:06:47,cosmetic,5.81,card
T002508,U01979,2026-01-28 18:40:45,booster,3.52,card
T002509,U01979,2026-02-01 09:33:58,cosmetic,6.5,card
T002510,U01983,2026-01-25 08:42:27,expansion,29.76,wallet
T002511,U01983,2026-01-09 16:26:48,cosmetic,5.92,card
T002512,U01983,2026-01-23 01:10:00,currency,14.67,wallet
T002513,U01983,2026-02-01 03:17:07,currency,14.39,wallet
T002514,U01983,2026-01-05 06:01:32,cosmetic,5.14,wallet
T002515,U01987,2026-03-04 04:14:52,cosmetic,6.48,wallet
T002516,U01987,2026-03-08 05:08:36,booster,2.41,card
T002517,U01987,2026-02-21 11:20:57,currency,21.23,wallet
T002518,U01987,2026-02-21 16:15:07,booster,5.19,wallet
T002519,U01987,2026-02-19 04:46:44,booster,5.03,wallet
T002520,U01987,2026-02-22 19:14:23,battlepass,10.21,card
T002521,U01987,2026-03-17 17:14:57,currency,18.39,wallet
T002522,U01989,2026-01-27 04:15:57,expansion,20.85,wallet
T002523,U01989,2026-01-16 13:26:59,cosmetic,7.31,card
T002524,U01989,2026-01-27 16:15:18,currency,21.4,wallet
T002525,U01989,2026-01-18 00:38:53,booster,5.53,card
T002526,U01991,2026-02-28 07:22:28,cosmetic,7.2,card
T002527,U01991,2026-03-01 06:51:48,currency,21.33,card
T002528,U01991,2026-02-13 04:58:22,booster,3.91,card
T002529,U01995,2026-02-16 07:26:41,battlepass,8.66,card
T002530,U01995,2026-02-16 20:01:04,booster,5.15,wallet
T002531,U01995,2026-03-02 14:27:23,cosmetic,8.22,wallet
T002532,U01995,2026-03-11 02:31:09,currency,21.87,card
T002533,U01995,2026-03-07 13:28:45,battlepass,16.44,card
T002534,U01996,2026-01-08 03:28:14,battlepass,9.92,wallet
T002535,U01996,2026-01-28 04:15:17,booster,5.65,card
T002536,U01997,2026-02-11 15:45:08,expansion,15.47,wallet
T002537,U01997,2026-02-08 07:10:44,cosmetic,7.57,wallet
T002538,U01997,2026-02-21 07:44:26,cosmetic,7.26,card
T002539,U02001,2026-03-10 08:34:18,cosmetic,7.77,wallet
T002540,U02001,2026-03-18 19:24:23,cosmetic,8.37,wallet
T002541,U02001,2026-02-22 06:05:46,cosmetic,4.74,card
T002542,U02004,2026-02-12 20:29:31,cosmetic,7.35,card
T002543,U02005,2026-02-25 06:22:24,cosmetic,4.78,wallet
T002544,U02005,2026-02-25 06:35:48,battlepass,21.22,card
T002545,U02005,2026-03-02 22:00:45,booster,5.43,wallet
T002546,U02005,2026-02-26 06:59:32,currency,9.79,wallet
T002547,U02006,2026-01-13 06:50:28,cosmetic,7.2,card
T002548,U02006,2026-01-11 09:18:14,cosmetic,5.75,wallet
T002549,U02006,2026-01-18 05:38:11,cosmetic,10.08,card
T002550,U02006,2026-01-17 06:45:28,booster,2.8,card
T002551,U02006,2026-01-25 06:59:24,cosmetic,5.66,card
T002552,U02010,2026-02-13 07:12:31,cosmetic,4.62,card
T002553,U02010,2026-02-11 06:32:35,booster,5.03,card
T002554,U02012,2026-02-17 16:55:04,booster,5.86,wallet
T002555,U02012,2026-01-30 23:31:02,cosmetic,4.49,wallet
T002556,U02012,2026-02-14 17:36:37,cosmetic,6.83,card
T002557,U02012,2026-01-27 23:17:18,cosmetic,8.93,card
T002558,U02012,2026-02-18 00:14:45,cosmetic,5.87,card
T002559,U02014,2026-03-16 22:08:37,expansion,27.5,card
T002560,U02014,2026-02-26 13:36:30,booster,4.12,card
T002561,U02014,2026-03-06 06:11:08,cosmetic,8.31,wallet
T002562,U02015,2026-03-06 12:04:36,booster,5.85,card
T002563,U02015,2026-03-08 11:07:20,cosmetic,8.16,card
T002564,U02016,2026-02-09 07:40:39,cosmetic,5.86,wallet
T002565,U02016,2026-02-14 16:53:00,cosmetic,4.62,wallet
T002566,U02016,2026-01-21 18:32:11,cosmetic,9.05,wallet
T002567,U02016,2026-01-20 02:36:03,cosmetic,7.4,card
T002568,U02018,2026-03-14 03:59:12,expansion,18.95,wallet
T002569,U02018,2026-02-22 20:53:47,cosmetic,10.81,wallet
T002570,U02018,2026-03-10 19:18:35,booster,6.35,wallet
T002571,U02018,2026-02-16 22:29:04,booster,5.23,wallet
T002572,U02018,2026-02-15 19:19:25,currency,11.0,card
T002573,U02019,2026-03-01 01:16:26,cosmetic,4.72,wallet
T002574,U02019,2026-02-24 07:54:02,booster,3.96,card
T002575,U02019,2026-03-04 20:35:33,booster,3.95,card
T002576,U02020,2026-01-28 23:27:35,cosmetic,8.13,card
T002577,U02021,2026-01-24 16:29:21,expansion,19.5,card
T002578,U02021,2026-02-08 18:07:14,booster,5.24,wallet
T002579,U02021,2026-02-01 16:38:40,booster,6.26,card
T002580,U02021,2026-01-27 09:37:15,cosmetic,9.7,wallet
T002581,U02024,2026-02-10 01:47:21,expansion,29.54,card
T002582,U02025,2026-01-08 16:32:13,battlepass,21.51,wallet
T002583,U02025,2026-01-25 05:17:06,expansion,14.41,wallet
T002584,U02025,2026-01-19 11:47:03,cosmetic,9.39,card
T002585,U02025,2026-01-09 07:41:48,expansion,15.06,wallet
T002586,U02025,2026-01-23 19:24:10,booster,6.08,wallet
T002587,U02030,2026-01-29 20:11:16,cosmetic,7.54,card
T002588,U02030,2026-02-05 09:29:09,expansion,30.99,card
T002589,U02030,2026-02-15 23:20:26,booster,2.5,card
T002590,U02031,2026-02-08 13:59:02,battlepass,12.38,card
T002591,U02031,2026-02-10 18:06:00,battlepass,12.37,card
T002592,U02031,2026-02-16 03:25:56,expansion,21.99,card
T002593,U02034,2026-02-11 12:15:26,cosmetic,6.19,wallet
T002594,U02034,2026-02-21 15:52:23,currency,11.03,wallet
T002595,U02034,2026-03-09 21:30:41,currency,19.59,wallet
T002596,U02034,2026-02-23 13:11:24,cosmetic,7.52,wallet
T002597,U02035,2026-03-12 04:52:25,currency,15.18,card
T002598,U02035,2026-03-05 13:33:14,booster,3.8,wallet
T002599,U02036,2026-03-18 07:26:52,cosmetic,5.6,card
T002600,U02036,2026-03-12 15:34:59,currency,12.67,card
T002601,U02037,2026-02-22 07:14:47,cosmetic,7.26,card
T002602,U02038,2026-02-01 10:32:48,booster,3.72,wallet
T002603,U02038,2026-01-22 17:43:15,cosmetic,8.93,card
T002604,U02049,2026-03-13 16:02:42,cosmetic,4.49,wallet
T002605,U02049,2026-02-26 03:18:53,cosmetic,6.7,card
T002606,U02049,2026-03-12 18:05:16,currency,20.12,card
T002607,U02050,2026-02-18 10:01:53,currency,12.14,wallet
T002608,U02050,2026-02-21 19:50:02,booster,4.39,wallet
T002609,U02050,2026-02-14 14:04:30,currency,18.69,card
T002610,U02050,2026-02-21 04:54:43,cosmetic,7.55,wallet
T002611,U02050,2026-03-08 06:27:39,battlepass,11.8,wallet
T002612,U02053,2026-02-04 05:17:38,cosmetic,10.81,card
T002613,U02053,2026-02-03 01:28:21,booster,4.27,wallet
T002614,U02053,2026-02-11 11:20:31,currency,14.02,card
T002615,U02059,2026-01-26 15:05:05,battlepass,17.97,card
T002616,U02059,2026-02-12 14:43:08,cosmetic,10.9,wallet
T002617,U02060,2026-02-18 02:46:04,expansion,17.65,card
T002618,U02060,2026-02-09 01:27:41,booster,5.42,wallet
T002619,U02064,2026-02-23 14:17:08,cosmetic,8.95,card
T002620,U02064,2026-02-20 00:56:28,booster,4.43,card
T002621,U02064,2026-02-13 08:06:46,battlepass,18.38,card
T002622,U02065,2026-03-03 01:39:26,cosmetic,10.7,card
T002623,U02065,2026-02-13 02:26:01,cosmetic,5.67,card
T002624,U02069,2026-01-27 07:20:59,booster,4.47,wallet
T002625,U02071,2026-01-13 21:16:54,booster,4.84,card
T002626,U02071,2026-01-12 15:08:58,currency,20.27,card
T002627,U02071,2026-01-16 23:42:52,booster,4.83,card
T002628,U02071,2026-01-24 14:03:40,cosmetic,8.93,card
T002629,U02073,2026-01-26 21:51:50,currency,10.69,card
T002630,U02073,2026-02-09 08:50:33,cosmetic,6.71,card
T002631,U02073,2026-01-25 20:16:00,currency,9.19,card
T002632,U02074,2026-02-11 03:56:03,currency,19.81,wallet
T002633,U02074,2026-02-01 12:16:56,battlepass,9.95,wallet
T002634,U02074,2026-02-01 13:48:12,cosmetic,5.07,card
T002635,U02074,2026-01-22 01:48:11,cosmetic,10.46,wallet
T002636,U02077,2026-02-19 10:33:23,battlepass,17.95,card
T002637,U02077,2026-02-25 09:39:46,cosmetic,8.12,card
T002638,U02077,2026-02-06 10:37:47,cosmetic,5.47,card
T002639,U02078,2026-01-30 10:54:46,cosmetic,4.22,wallet
T002640,U02078,2026-02-10 21:11:02,booster,3.38,wallet
T002641,U02078,2026-01-28 02:57:16,cosmetic,10.12,card
T002642,U02079,2026-02-09 03:11:46,cosmetic,8.49,card
T002643,U02079,2026-01-17 16:36:58,cosmetic,5.56,card
T002644,U02079,2026-01-19 07:42:53,booster,2.86,card
T002645,U02079,2026-01-16 11:21:10,expansion,30.39,card
T002646,U02079,2026-02-06 19:37:07,expansion,25.74,card
T002647,U02080,2026-01-19 18:16:01,cosmetic,4.24,card
T002648,U02080,2026-02-05 14:39:16,currency,9.36,card
T002649,U02080,2026-01-20 11:00:36,currency,12.85,card
T002650,U02081,2026-03-05 13:26:27,currency,20.94,card
T002651,U02081,2026-03-13 15:24:39,expansion,13.42,card
T002652,U02083,2026-02-08 11:27:19,expansion,14.48,card
T002653,U02083,2026-02-02 07:41:11,currency,21.32,card
T002654,U02083,2026-01-29 15:55:33,cosmetic,7.02,card
T002655,U02087,2026-02-21 22:04:05,booster,3.2,card
T002656,U02089,2026-02-08 12:14:08,currency,18.68,card
T002657,U02089,2026-01-21 03:57:02,cosmetic,9.39,card
T002658,U02089,2026-01-30 22:53:45,currency,15.27,card
T002659,U02091,2026-03-18 14:41:51,expansion,19.66,card
T002660,U02093,2026-03-08 09:28:26,currency,17.37,wallet
T002661,U02093,2026-03-08 15:38:28,battlepass,14.14,wallet
T002662,U02093,2026-03-09 07:44:55,booster,4.46,card
T002663,U02097,2026-03-08 19:07:51,cosmetic,5.12,card
T002664,U02097,2026-03-14 10:26:34,cosmetic,8.85,wallet
T002665,U02097,2026-02-27 14:07:24,currency,15.61,card
T002666,U02097,2026-03-20 07:32:55,battlepass,19.46,card
T002667,U02098,2026-02-22 19:32:57,currency,17.85,wallet
T002668,U02098,2026-03-07 02:53:16,currency,14.11,wallet
T002669,U02098,2026-02-26 02:21:47,cosmetic,9.43,wallet
T002670,U02103,2026-01-12 02:38:17,currency,19.82,card
T002671,U02103,2026-01-20 10:44:38,battlepass,20.1,card
T002672,U02103,2026-01-20 06:04:50,cosmetic,9.0,card
T002673,U02103,2026-01-18 10:42:40,cosmetic,8.87,card
T002674,U02106,2026-02-03 11:50:04,cosmetic,4.87,card
T002675,U02106,2026-01-27 07:03:15,battlepass,19.41,wallet
T002676,U02106,2026-01-29 10:56:12,cosmetic,9.7,wallet
T002677,U02107,2026-02-22 01:46:37,battlepass,21.03,wallet
T002678,U02107,2026-03-03 23:05:58,battlepass,13.3,wallet
T002679,U02107,2026-02-15 08:18:20,expansion,23.78,wallet
T002680,U02107,2026-03-03 10:56:22,booster,5.64,wallet
T002681,U02107,2026-02-26 11:43:31,cosmetic,10.05,card
T002682,U02108,2026-01-14 01:10:49,cosmetic,4.46,card
T002683,U02108,2026-01-16 10:40:58,cosmetic,9.21,card
T002684,U02108,2026-01-18 09:53:42,currency,17.49,card
T002685,U02111,2026-02-04 11:10:59,expansion,28.99,card
T002686,U02111,2026-01-19 16:04:12,currency,9.83,card
T002687,U02115,2026-02-24 21:15:04,cosmetic,6.12,card
T002688,U02115,2026-03-06 12:54:33,expansion,16.36,card
T002689,U02115,2026-03-13 14:10:51,cosmetic,7.35,card
T002690,U02115,2026-03-10 08:34:54,cosmetic,6.76,wallet
T002691,U02117,2026-03-24 06:26:50,cosmetic,8.87,card
T002692,U02117,2026-03-18 14:40:29,cosmetic,8.7,card
T002693,U02117,2026-03-12 20:37:13,currency,20.23,card
T002694,U02118,2026-02-06 06:32:55,cosmetic,8.77,card
T002695,U02122,2026-03-16 05:35:34,booster,3.5,wallet
T002696,U02123,2026-02-11 01:15:54,battlepass,13.32,wallet
T002697,U02123,2026-02-06 19:42:28,cosmetic,4.5,card
T002698,U02123,2026-02-19 21:22:39,booster,6.24,card
T002699,U02123,2026-02-15 12:00:53,cosmetic,5.86,wallet
T002700,U02123,2026-02-19 05:18:18,booster,6.48,wallet
T002701,U02124,2026-02-15 15:27:33,expansion,13.96,wallet
T002702,U02126,2026-02-08 01:35:04,currency,20.66,card
T002703,U02126,2026-02-14 07:28:14,cosmetic,7.51,card
T002704,U02126,2026-02-08 00:41:52,expansion,13.87,card
T002705,U02132,2026-03-14 04:57:06,currency,11.08,wallet
T002706,U02132,2026-03-06 22:34:12,cosmetic,10.08,wallet
T002707,U02134,2026-02-08 19:19:57,currency,15.72,wallet
T002708,U02134,2026-02-06 06:56:03,battlepass,16.16,card
T002709,U02134,2026-02-06 10:40:55,booster,3.07,wallet
T002710,U02134,2026-02-19 06:57:25,cosmetic,4.5,card
T002711,U02137,2026-02-07 16:13:40,currency,10.71,card
T002712,U02137,2026-02-16 13:16:55,cosmetic,10.01,card
T002713,U02138,2026-01-28 19:28:04,currency,20.88,wallet
T002714,U02138,2026-01-30 22:49:13,currency,15.13,card
T002715,U02138,2026-01-18 09:44:40,cosmetic,9.64,wallet
T002716,U02138,2026-01-10 00:14:51,cosmetic,7.49,wallet
T002717,U02139,2026-02-16 05:17:32,booster,4.39,card
T002718,U02139,2026-02-04 08:37:45,cosmetic,5.88,card
T002719,U02139,2026-03-01 19:21:34,cosmetic,6.85,card
T002720,U02142,2026-02-25 20:03:56,cosmetic,7.43,wallet
T002721,U02142,2026-03-20 11:16:43,cosmetic,8.1,card
T002722,U02142,2026-03-07 12:31:33,cosmetic,9.1,wallet
T002723,U02144,2026-03-01 02:13:59,expansion,21.15,wallet
T002724,U02144,2026-03-03 13:29:08,currency,11.38,wallet
T002725,U02144,2026-02-17 22:48:45,cosmetic,5.43,wallet
T002726,U02145,2026-01-23 14:36:23,currency,12.78,card
T002727,U02145,2026-02-19 03:44:44,currency,15.31,card
T002728,U02145,2026-02-07 00:21:34,battlepass,12.96,card
T002729,U02145,2026-01-26 04:07:22,cosmetic,8.01,card
T002730,U02147,2026-02-08 04:19:11,cosmetic,6.65,card
T002731,U02147,2026-01-26 13:03:11,expansion,15.28,card
T002732,U02148,2026-02-26 17:04:27,currency,21.16,card
T002733,U02148,2026-03-10 00:00:06,currency,19.98,card
T002734,U02148,2026-03-23 06:50:44,cosmetic,9.81,card
T002735,U02148,2026-03-15 12:35:30,expansion,16.5,card
T002736,U02148,2026-03-27 15:33:44,currency,16.49,card
T002737,U02150,2026-03-17 02:37:35,booster,6.13,wallet
T002738,U02150,2026-03-17 21:29:16,cosmetic,10.58,card
T002739,U02151,2026-02-05 19:03:01,booster,6.21,wallet
T002740,U02155,2026-02-27 06:12:31,currency,12.21,card
T002741,U02155,2026-02-24 12:56:57,expansion,28.3,card
T002742,U02155,2026-02-13 23:23:10,expansion,19.85,wallet
T002743,U02156,2026-02-15 20:42:19,cosmetic,8.55,card
T002744,U02156,2026-02-04 13:02:42,expansion,25.54,card
T002745,U02156,2026-02-23 22:33:56,currency,10.79,card
T002746,U02156,2026-02-11 02:57:18,cosmetic,8.75,card
T002747,U02157,2026-02-12 04:08:14,expansion,32.44,card
T002748,U02157,2026-02-03 12:51:36,battlepass,15.33,card
T002749,U02158,2026-02-15 14:26:09,cosmetic,6.21,wallet
T002750,U02158,2026-02-09 04:14:41,cosmetic,10.57,wallet
T002751,U02158,2026-02-10 10:44:59,battlepass,18.58,wallet
T002752,U02159,2026-03-01 08:02:27,currency,21.58,card
T002753,U02159,2026-03-01 23:08:11,expansion,24.77,card
T002754,U02159,2026-02-21 15:04:10,battlepass,10.78,card
T002755,U02161,2026-02-27 20:41:33,cosmetic,5.2,wallet
T002756,U02161,2026-03-05 12:52:49,booster,3.94,wallet
T002757,U02162,2026-01-24 06:58:16,booster,3.68,wallet
T002758,U02163,2026-01-31 18:18:50,cosmetic,4.35,card
T002759,U02165,2026-03-27 08:22:25,cosmetic,7.77,card
T002760,U02165,2026-03-14 06:07:24,cosmetic,10.26,card
T002761,U02165,2026-03-09 22:00:15,expansion,29.8,card
T002762,U02165,2026-03-23 03:32:48,cosmetic,8.55,card
T002763,U02169,2026-03-25 17:43:59,battlepass,10.95,card
T002764,U02169,2026-03-09 19:58:51,cosmetic,7.14,wallet
T002765,U02169,2026-03-06 12:10:22,currency,16.44,wallet
T002766,U02169,2026-03-18 20:30:01,cosmetic,9.72,card
T002767,U02169,2026-03-09 09:46:00,cosmetic,5.69,card
T002768,U02170,2026-03-17 13:05:42,cosmetic,4.78,card
T002769,U02172,2026-03-13 02:47:00,cosmetic,4.54,wallet
T002770,U02172,2026-03-11 00:13:46,cosmetic,8.43,wallet
T002771,U02174,2026-03-10 14:59:45,booster,3.36,wallet
T002772,U02174,2026-03-09 16:17:45,currency,12.58,wallet
T002773,U02174,2026-03-14 07:24:58,currency,19.67,wallet
T002774,U02174,2026-02-19 20:58:07,currency,21.96,card
T002775,U02174,2026-02-25 02:45:35,cosmetic,9.06,wallet
T002776,U02175,2026-01-17 00:21:24,cosmetic,5.39,wallet
T002777,U02178,2026-01-29 16:07:52,cosmetic,4.71,wallet
T002778,U02180,2026-02-25 23:19:58,cosmetic,5.19,card
T002779,U02180,2026-02-03 00:52:34,cosmetic,5.19,card
T002780,U02181,2026-02-16 16:34:59,booster,3.14,card
T002781,U02181,2026-02-13 01:28:50,cosmetic,5.4,wallet
T002782,U02182,2026-02-01 17:50:05,currency,19.28,wallet
T002783,U02182,2026-02-11 02:14:58,cosmetic,6.69,wallet
T002784,U02182,2026-02-01 05:04:13,currency,16.89,wallet
T002785,U02183,2026-02-15 13:25:00,cosmetic,5.96,card
T002786,U02186,2026-02-03 23:34:36,currency,10.61,card
T002787,U02186,2026-01-28 10:49:27,cosmetic,7.8,wallet
T002788,U02186,2026-01-30 21:58:58,currency,20.84,card
T002789,U02187,2026-02-12 03:39:55,battlepass,9.37,wallet
T002790,U02187,2026-02-13 08:34:18,expansion,23.98,wallet
T002791,U02187,2026-01-31 22:35:22,currency,19.41,wallet
T002792,U02187,2026-01-28 16:46:44,currency,8.54,wallet
T002793,U02189,2026-02-10 01:48:09,cosmetic,9.9,card
T002794,U02189,2026-02-14 23:03:30,booster,2.61,card
T002795,U02190,2026-03-02 06:36:55,battlepass,20.53,wallet
T002796,U02190,2026-02-08 19:23:26,cosmetic,8.34,wallet
T002797,U02190,2026-02-21 16:45:23,cosmetic,8.62,wallet
T002798,U02191,2026-02-19 04:32:30,battlepass,14.92,card
T002799,U02191,2026-02-15 00:38:21,cosmetic,6.05,card
T002800,U02191,2026-02-11 08:06:39,currency,10.5,card
T002801,U02195,2026-02-20 23:49:48,expansion,22.57,card
T002802,U02195,2026-02-28 19:47:21,cosmetic,8.86,card
T002803,U02195,2026-02-09 00:20:31,cosmetic,6.38,card
T002804,U02197,2026-02-07 14:54:26,expansion,29.13,wallet
T002805,U02198,2026-03-19 01:39:14,cosmetic,8.48,card
T002806,U02198,2026-03-07 02:52:31,booster,3.44,wallet
T002807,U02198,2026-03-13 14:18:17,cosmetic,6.62,card
T002808,U02200,2026-01-15 22:48:34,cosmetic,8.6,card
T002809,U02200,2026-01-23 19:10:28,booster,5.04,card
T002810,U02201,2026-01-22 09:14:28,currency,17.09,wallet
T002811,U02201,2026-02-18 07:30:46,currency,21.54,card
T002812,U02201,2026-02-07 00:43:55,expansion,17.56,card
T002813,U02201,2026-01-22 22:47:08,currency,9.53,wallet
T002814,U02204,2026-01-27 01:31:21,currency,20.34,wallet
T002815,U02204,2026-01-31 21:43:01,currency,16.85,wallet
T002816,U02204,2026-01-23 20:49:23,currency,8.08,wallet
T002817,U02204,2026-02-18 13:17:20,booster,4.37,card
T002818,U02205,2026-02-07 07:57:12,cosmetic,10.42,wallet
T002819,U02206,2026-03-18 12:27:15,cosmetic,9.61,wallet
T002820,U02206,2026-02-25 14:38:24,cosmetic,9.4,card
T002821,U02208,2026-03-10 15:06:07,currency,14.3,wallet
T002822,U02208,2026-03-04 05:03:45,booster,3.28,wallet
T002823,U02208,2026-02-22 22:27:58,cosmetic,5.18,wallet
T002824,U02211,2026-02-11 21:26:58,cosmetic,5.06,wallet
T002825,U02213,2026-02-17 14:15:12,booster,4.8,wallet
T002826,U02213,2026-02-08 10:24:42,cosmetic,10.35,card
T002827,U02213,2026-02-28 22:34:06,expansion,29.64,wallet
T002828,U02213,2026-02-17 16:40:52,currency,10.77,card
T002829,U02214,2026-01-09 03:41:53,cosmetic,10.6,card
T002830,U02214,2026-01-30 02:19:15,cosmetic,9.77,card
T002831,U02214,2026-01-18 00:05:49,currency,13.4,card
T002832,U02215,2026-01-25 14:23:37,cosmetic,5.81,wallet
T002833,U02215,2026-01-20 19:27:43,booster,5.72,card
T002834,U02215,2026-01-17 19:20:26,booster,6.06,wallet
T002835,U02215,2026-01-17 02:17:28,cosmetic,10.3,card
T002836,U02216,2026-02-15 00:56:35,battlepass,21.75,card
T002837,U02217,2026-02-06 15:44:08,cosmetic,5.69,card
T002838,U02229,2026-02-01 09:39:24,cosmetic,7.15,card
T002839,U02229,2026-01-21 22:58:11,cosmetic,9.07,card
T002840,U02229,2026-01-30 18:02:25,cosmetic,7.4,card
T002841,U02232,2026-02-03 12:31:36,cosmetic,8.49,card
T002842,U02232,2026-01-13 09:49:38,booster,6.2,card
T002843,U02234,2026-01-19 03:27:09,booster,4.47,card
T002844,U02234,2026-02-05 06:36:59,booster,6.24,card
T002845,U02234,2026-01-27 00:34:06,booster,4.51,card
T002846,U02234,2026-01-14 23:14:37,expansion,19.81,card
T002847,U02237,2026-02-11 21:03:22,cosmetic,10.9,card
T002848,U02237,2026-01-15 05:03:41,expansion,30.39,card
T002849,U02246,2026-02-24 16:08:08,expansion,26.65,card
T002850,U02246,2026-03-12 06:08:48,booster,5.5,card
T002851,U02246,2026-02-19 02:23:01,battlepass,15.11,card
T002852,U02248,2026-02-03 20:46:22,cosmetic,10.2,card
T002853,U02248,2026-02-03 19:43:58,cosmetic,7.53,card
T002854,U02254,2026-02-04 06:14:07,booster,5.96,card
T002855,U02254,2026-02-25 13:13:25,booster,2.64,card
T002856,U02254,2026-02-01 13:58:16,cosmetic,6.28,card
T002857,U02254,2026-02-26 00:50:16,booster,4.87,card
T002858,U02262,2026-03-03 19:05:05,battlepass,19.57,wallet
T002859,U02262,2026-03-06 23:05:02,cosmetic,10.29,card
T002860,U02262,2026-03-27 07:24:13,cosmetic,9.9,wallet
T002861,U02262,2026-03-30 12:56:43,cosmetic,8.99,wallet
T002862,U02264,2026-02-21 18:01:06,booster,2.98,card
T002863,U02264,2026-02-16 05:52:31,booster,4.59,wallet
T002864,U02264,2026-02-13 11:08:56,booster,6.49,card
T002865,U02266,2026-01-22 00:13:14,expansion,22.08,card
T002866,U02266,2026-01-31 22:52:20,cosmetic,4.34,wallet
T002867,U02266,2026-01-11 20:11:35,cosmetic,7.0,card
T002868,U02266,2026-01-14 04:05:13,cosmetic,6.52,wallet
T002869,U02268,2026-03-07 08:15:49,cosmetic,9.14,card
T002870,U02268,2026-02-23 07:11:28,currency,18.18,wallet
T002871,U02269,2026-01-12 02:30:21,currency,16.14,card
T002872,U02270,2026-03-05 17:06:10,battlepass,20.02,wallet
T002873,U02270,2026-03-09 03:34:50,expansion,26.43,wallet
T002874,U02271,2026-02-16 03:16:09,currency,11.99,card
T002875,U02271,2026-02-02 16:51:53,booster,3.91,wallet
T002876,U02271,2026-01-23 23:48:05,cosmetic,8.25,card
T002877,U02275,2026-01-28 23:30:56,expansion,17.09,card
T002878,U02275,2026-01-11 04:47:08,booster,4.39,wallet
T002879,U02275,2026-01-17 16:24:04,expansion,29.29,wallet
T002880,U02275,2026-01-11 01:08:47,expansion,27.24,wallet
T002881,U02275,2026-01-31 09:49:31,booster,6.2,wallet
T002882,U02276,2026-02-21 10:49:42,expansion,27.7,card
T002883,U02276,2026-02-09 15:22:22,cosmetic,5.92,card
T002884,U02276,2026-02-09 23:46:00,booster,3.1,card
T002885,U02276,2026-02-13 07:00:53,cosmetic,4.12,card
T002886,U02276,2026-02-07 03:44:30,currency,13.19,card
T002887,U02278,2026-01-23 08:55:33,battlepass,15.12,wallet
T002888,U02279,2026-01-31 22:12:48,battlepass,14.31,card
T002889,U02281,2026-03-02 22:01:13,currency,19.02,wallet
T002890,U02281,2026-03-14 16:59:18,cosmetic,5.75,wallet
T002891,U02281,2026-03-07 19:10:27,cosmetic,5.8,wallet
T002892,U02282,2026-01-31 17:06:40,booster,4.2,card
T002893,U02282,2026-02-07 16:41:24,battlepass,18.58,card
T002894,U02282,2026-02-04 14:02:04,cosmetic,9.07,card
T002895,U02282,2026-02-05 12:30:32,cosmetic,7.44,card
T002896,U02282,2026-02-10 08:50:21,booster,5.97,card
T002897,U02289,2026-03-25 05:47:05,cosmetic,7.22,wallet
T002898,U02289,2026-03-24 00:59:20,booster,2.7,wallet
T002899,U02289,2026-03-24 07:04:27,cosmetic,5.42,wallet
T002900,U02291,2026-02-19 20:37:50,cosmetic,7.46,wallet
T002901,U02291,2026-02-17 18:41:57,cosmetic,8.78,wallet
T002902,U02291,2026-02-21 13:09:13,expansion,19.92,card
T002903,U02293,2026-01-22 01:04:23,cosmetic,5.67,card
T002904,U02293,2026-01-27 10:33:18,battlepass,14.71,wallet
T002905,U02294,2026-02-21 02:25:12,cosmetic,4.87,wallet
T002906,U02294,2026-03-15 01:47:08,battlepass,12.44,wallet
T002907,U02294,2026-02-17 02:13:31,cosmetic,8.84,card
T002908,U02294,2026-02-16 09:07:17,cosmetic,5.08,wallet
T002909,U02295,2026-02-19 11:19:55,cosmetic,5.71,card
T002910,U02295,2026-03-09 06:16:09,cosmetic,5.89,wallet
T002911,U02296,2026-03-11 04:17:39,cosmetic,5.7,card
T002912,U02296,2026-02-22 00:53:03,cosmetic,4.16,card
T002913,U02296,2026-02-21 09:14:13,cosmetic,10.49,card
T002914,U02305,2026-03-01 19:34:20,cosmetic,8.35,card
T002915,U02305,2026-03-20 20:35:45,booster,5.64,card
T002916,U02306,2026-01-30 13:29:28,cosmetic,4.09,card
T002917,U02306,2026-02-04 14:32:45,cosmetic,8.24,card
T002918,U02306,2026-01-21 14:53:12,cosmetic,8.54,card
T002919,U02306,2026-01-15 22:45:39,currency,18.66,card
T002920,U02308,2026-02-08 00:10:39,expansion,14.32,card
T002921,U02308,2026-01-24 02:34:59,expansion,19.71,card
T002922,U02308,2026-02-05 05:59:02,booster,3.44,card
T002923,U02308,2026-02-08 21:31:07,battlepass,8.42,card
T002924,U02308,2026-01-18 20:25:00,currency,11.34,card
T002925,U02309,2026-02-16 17:35:05,booster,5.43,card
T002926,U02309,2026-01-26 03:58:27,cosmetic,10.25,card
T002927,U02313,2026-02-14 12:19:00,booster,4.29,wallet
T002928,U02314,2026-01-19 09:42:07,battlepass,11.54,card
T002929,U02314,2026-01-10 03:28:31,expansion,26.62,wallet
T002930,U02314,2026-01-28 21:52:02,cosmetic,7.38,card
T002931,U02323,2026-02-15 21:45:41,cosmetic,8.74,card
T002932,U02325,2026-02-18 02:19:43,battlepass,15.26,card
T002933,U02325,2026-03-07 14:03:46,cosmetic,4.86,card
T002934,U02325,2026-03-15 05:33:04,cosmetic,5.45,card
T002935,U02325,2026-03-15 15:37:28,cosmetic,9.21,card
T002936,U02325,2026-03-06 06:10:07,battlepass,11.51,card
T002937,U02325,2026-03-14 06:39:33,booster,5.3,card
T002938,U02325,2026-02-16 17:11:12,currency,21.17,card
T002939,U02325,2026-02-14 02:19:00,cosmetic,6.98,card
T002940,U02329,2026-01-07 00:09:39,cosmetic,8.31,wallet
T002941,U02330,2026-02-06 08:44:44,booster,4.18,card
T002942,U02330,2026-01-09 09:33:41,cosmetic,10.55,card
T002943,U02330,2026-01-15 05:07:15,currency,20.83,card
T002944,U02331,2026-01-05 07:27:02,expansion,31.44,card
T002945,U02331,2026-01-26 12:12:27,battlepass,12.49,card
T002946,U02331,2026-01-07 21:57:58,cosmetic,10.83,card
T002947,U02333,2026-01-17 20:49:07,cosmetic,6.89,card
T002948,U02333,2026-02-03 09:35:12,booster,6.3,card
T002949,U02333,2026-02-10 09:13:01,expansion,12.6,card
T002950,U02333,2026-01-20 10:56:06,currency,20.71,card
T002951,U02334,2026-03-03 07:13:52,cosmetic,9.56,card
T002952,U02334,2026-02-19 07:25:26,cosmetic,7.32,card
T002953,U02334,2026-03-18 22:46:02,currency,9.38,card
T002954,U02337,2026-02-05 22:15:21,cosmetic,6.56,wallet
T002955,U02337,2026-01-31 04:56:48,booster,4.64,card
T002956,U02337,2026-02-21 19:17:01,currency,18.12,wallet
T002957,U02337,2026-01-30 22:53:33,booster,4.83,wallet
T002958,U02339,2026-01-22 07:17:42,cosmetic,8.7,card
T002959,U02339,2026-01-11 09:07:45,cosmetic,6.39,card
T002960,U02340,2026-01-21 12:56:28,expansion,29.34,card
T002961,U02340,2026-01-10 17:21:57,currency,19.06,card
T002962,U02340,2026-01-28 04:12:05,cosmetic,5.67,card
T002963,U02340,2026-01-26 00:19:21,battlepass,10.6,card
T002964,U02345,2026-02-23 01:53:45,booster,3.59,card
T002965,U02345,2026-02-22 03:04:31,booster,2.82,card
T002966,U02348,2026-02-27 23:41:58,battlepass,8.65,card
T002967,U02348,2026-03-05 04:37:24,cosmetic,9.46,card
T002968,U02353,2026-02-13 10:18:30,booster,3.84,card
T002969,U02355,2026-01-28 08:55:20,battlepass,14.35,card
T002970,U02355,2026-01-30 19:36:37,battlepass,12.52,card
T002971,U02363,2026-03-23 11:11:39,expansion,18.18,wallet
T002972,U02363,2026-03-19 03:19:33,cosmetic,10.27,wallet
T002973,U02364,2026-01-23 14:42:53,currency,19.79,wallet
T002974,U02372,2026-03-04 20:39:04,cosmetic,8.09,card
T002975,U02372,2026-03-11 17:40:57,cosmetic,8.26,card
T002976,U02372,2026-03-18 11:44:18,battlepass,18.12,card
T002977,U02372,2026-03-20 23:03:52,cosmetic,9.18,card
T002978,U02372,2026-03-04 01:45:59,currency,15.34,card
T002979,U02373,2026-01-07 14:56:46,expansion,17.17,card
T002980,U02373,2026-01-25 11:18:44,cosmetic,9.03,card
T002981,U02373,2026-01-17 21:59:38,booster,6.19,card
T002982,U02374,2026-02-16 20:50:31,cosmetic,7.44,card
T002983,U02374,2026-02-17 02:54:35,cosmetic,7.03,card
T002984,U02377,2026-02-27 11:54:03,cosmetic,5.79,card
T002985,U02377,2026-02-27 08:15:21,cosmetic,4.79,card
T002986,U02377,2026-03-07 05:51:19,battlepass,9.17,card
T002987,U02377,2026-02-23 21:23:32,battlepass,15.14,card
T002988,U02378,2026-01-25 16:58:25,booster,4.04,card
T002989,U02378,2026-02-05 07:38:49,expansion,27.14,card
T002990,U02378,2026-01-24 09:06:52,currency,17.81,card
T002991,U02378,2026-01-27 20:06:24,booster,5.84,card
T002992,U02378,2026-01-09 20:07:51,currency,21.05,card
T002993,U02379,2026-03-10 03:47:16,currency,21.19,wallet
T002994,U02382,2026-01-27 08:29:27,cosmetic,6.3,wallet
T002995,U02382,2026-02-16 09:34:14,battlepass,10.83,card
T002996,U02382,2026-02-18 11:20:54,cosmetic,9.04,card
T002997,U02383,2026-02-25 09:07:24,cosmetic,9.89,wallet
T002998,U02383,2026-03-05 18:11:17,currency,18.53,card
T002999,U02384,2026-01-25 20:27:14,expansion,31.3,card
T003000,U02384,2026-02-10 08:16:39,battlepass,20.11,card
T003001,U02384,2026-02-16 13:33:48,battlepass,16.95,card
T003002,U02384,2026-02-14 07:01:56,cosmetic,10.96,card
T003003,U02385,2026-02-09 02:15:52,expansion,23.6,wallet
T003004,U02385,2026-02-08 03:01:30,booster,2.51,wallet
T003005,U02385,2026-01-31 16:25:06,currency,13.33,wallet
T003006,U02385,2026-01-21 10:57:06,cosmetic,9.07,card
T003007,U02385,2026-01-27 17:11:48,currency,20.82,wallet
T003008,U02385,2026-01-23 13:09:24,expansion,16.23,wallet
T003009,U02385,2026-01-28 06:01:23,currency,17.27,card
T003010,U02389,2026-03-21 22:54:42,expansion,21.71,card
T003011,U02389,2026-03-01 23:41:27,cosmetic,8.27,card
T003012,U02390,2026-03-12 19:08:29,cosmetic,5.3,wallet
T003013,U02390,2026-03-08 05:54:22,cosmetic,10.55,card
T003014,U02390,2026-03-11 22:01:43,expansion,24.48,wallet
T003015,U02390,2026-03-17 04:43:16,battlepass,21.47,wallet
T003016,U02392,2026-01-19 10:09:44,expansion,19.46,card
T003017,U02392,2026-02-04 15:04:18,booster,5.28,wallet
T003018,U02393,2026-02-13 09:17:41,expansion,30.3,wallet
T003019,U02394,2026-02-03 13:32:51,cosmetic,6.43,card
T003020,U02394,2026-02-08 20:56:19,cosmetic,10.48,card
T003021,U02394,2026-02-02 02:50:05,booster,5.25,card
T003022,U02394,2026-01-16 09:26:46,currency,20.97,card
T003023,U02394,2026-02-01 04:22:02,booster,4.45,card
T003024,U02395,2026-02-04 05:04:45,cosmetic,4.3,card
T003025,U02395,2026-01-30 03:29:12,currency,11.14,card
T003026,U02395,2026-02-10 07:30:28,cosmetic,6.35,card
T003027,U02395,2026-02-12 12:56:12,cosmetic,7.68,card
T003028,U02395,2026-01-29 01:14:39,cosmetic,4.74,card
T003029,U02397,2026-03-13 08:57:19,booster,6.43,card
T003030,U02397,2026-03-09 06:28:33,expansion,13.94,wallet
T003031,U02398,2026-01-18 15:07:29,currency,16.36,card
T003032,U02398,2026-01-26 03:18:44,cosmetic,7.37,card
T003033,U02398,2026-02-06 12:20:30,currency,15.55,card
T003034,U02400,2026-03-09 13:47:32,booster,3.17,card
T003035,U02400,2026-02-14 04:18:11,cosmetic,9.67,card
T003036,U02400,2026-02-26 14:11:49,cosmetic,6.42,card
T003037,U02400,2026-02-21 08:08:47,battlepass,18.24,card
T003038,U02403,2026-03-10 07:06:12,cosmetic,5.23,card
T003039,U02403,2026-03-04 07:08:57,currency,15.98,card
T003040,U02403,2026-02-24 15:17:04,cosmetic,4.01,wallet
T003041,U02405,2026-01-24 02:56:35,expansion,16.87,card
T003042,U02405,2026-02-05 21:10:38,booster,6.32,card
T003043,U02405,2026-02-04 10:49:38,cosmetic,5.48,card
T003044,U02406,2026-03-15 01:41:50,currency,21.03,card
T003045,U02406,2026-03-06 04:28:15,cosmetic,10.16,card
T003046,U02406,2026-03-11 21:41:04,booster,5.45,card
T003047,U02409,2026-02-08 19:49:09,cosmetic,9.47,card
T003048,U02409,2026-02-19 03:53:10,expansion,14.55,card
T003049,U02410,2026-01-10 04:07:40,currency,17.63,card
T003050,U02410,2026-01-30 21:57:00,cosmetic,8.5,card
T003051,U02410,2026-01-09 16:20:31,booster,5.13,wallet
T003052,U02411,2026-02-15 12:01:57,cosmetic,5.27,wallet
T003053,U02415,2026-02-03 09:48:05,currency,9.74,wallet
T003054,U02415,2026-01-28 01:08:47,cosmetic,6.27,wallet
T003055,U02415,2026-02-21 04:52:38,booster,3.11,card
T003056,U02416,2026-02-21 06:28:23,booster,6.0,card
T003057,U02416,2026-02-21 14:12:42,booster,3.23,wallet
T003058,U02416,2026-02-13 14:49:50,booster,6.22,wallet
T003059,U02416,2026-02-11 10:01:29,cosmetic,5.29,card
T003060,U02418,2026-02-05 14:25:40,booster,5.47,wallet
T003061,U02418,2026-02-01 03:26:41,cosmetic,7.84,card
T003062,U02422,2026-02-20 04:27:12,expansion,15.23,card
T003063,U02422,2026-03-08 20:57:35,battlepass,11.33,card
T003064,U02422,2026-03-09 17:40:33,currency,13.56,card
T003065,U02423,2026-01-26 10:11:00,currency,19.38,card
T003066,U02424,2026-03-03 19:46:52,currency,19.2,card
T003067,U02424,2026-02-28 07:38:46,cosmetic,4.53,card
T003068,U02424,2026-03-02 11:57:47,expansion,29.97,card
T003069,U02428,2026-02-14 05:31:06,booster,3.9,wallet
T003070,U02428,2026-02-21 23:54:53,cosmetic,4.13,wallet
T003071,U02428,2026-01-29 22:13:21,battlepass,19.3,wallet
T003072,U02428,2026-02-14 21:06:34,cosmetic,10.55,card
T003073,U02428,2026-02-19 10:21:39,cosmetic,9.65,wallet
T003074,U02430,2026-02-11 18:46:30,battlepass,13.66,card
T003075,U02430,2026-02-12 07:38:02,cosmetic,9.47,card
T003076,U02431,2026-01-23 22:08:22,cosmetic,8.92,card
T003077,U02431,2026-02-01 01:37:34,cosmetic,6.3,card
T003078,U02432,2026-02-04 07:12:14,expansion,28.1,card
T003079,U02432,2026-02-27 01:18:16,cosmetic,8.65,wallet
T003080,U02434,2026-01-22 11:57:17,cosmetic,8.72,card
T003081,U02434,2026-02-03 20:30:46,cosmetic,10.92,card
T003082,U02434,2026-02-09 11:41:37,cosmetic,4.46,wallet
T003083,U02434,2026-02-15 15:53:35,battlepass,9.94,card
T003084,U02435,2026-02-03 20:55:30,cosmetic,6.38,card
T003085,U02435,2026-02-02 09:33:10,cosmetic,7.89,card
T003086,U02435,2026-01-29 21:46:39,cosmetic,9.97,card
T003087,U02437,2026-02-22 17:34:43,expansion,16.7,card
T003088,U02437,2026-03-09 17:16:46,battlepass,20.31,card
T003089,U02438,2026-02-13 20:44:39,cosmetic,8.89,card
T003090,U02438,2026-02-18 20:58:18,currency,14.83,card
T003091,U02439,2026-02-25 17:07:20,battlepass,9.46,card
T003092,U02439,2026-03-04 12:02:26,cosmetic,4.03,card
T003093,U02441,2026-01-24 10:29:45,battlepass,17.01,wallet
T003094,U02446,2026-03-19 10:53:11,currency,12.14,card
T003095,U02446,2026-02-25 10:55:06,booster,2.79,card
T003096,U02449,2026-03-03 22:56:56,booster,4.82,wallet
T003097,U02449,2026-03-06 05:45:56,cosmetic,8.93,card
T003098,U02449,2026-03-02 14:59:28,currency,21.29,card
T003099,U02449,2026-03-09 21:24:45,expansion,21.79,wallet
T003100,U02453,2026-01-19 14:34:33,currency,16.5,card
T003101,U02453,2026-01-25 00:46:39,cosmetic,6.45,card
T003102,U02453,2026-01-21 13:30:54,cosmetic,7.62,card
T003103,U02456,2026-02-14 00:51:20,expansion,13.95,wallet
T003104,U02456,2026-02-12 07:48:32,cosmetic,10.09,card
T003105,U02456,2026-02-15 01:38:03,booster,6.08,wallet
T003106,U02457,2026-02-26 01:19:10,cosmetic,4.54,card
T003107,U02457,2026-03-06 15:55:56,currency,21.52,card
T003108,U02459,2026-02-06 04:49:28,cosmetic,7.48,card
T003109,U02459,2026-02-03 02:08:25,currency,12.55,wallet
T003110,U02461,2026-01-24 04:51:18,expansion,21.85,wallet
T003111,U02461,2026-02-13 13:05:24,booster,3.07,card
T003112,U02462,2026-01-28 15:36:28,cosmetic,10.32,wallet
T003113,U02462,2026-02-01 15:04:33,booster,2.63,wallet
T003114,U02462,2026-01-25 16:04:00,currency,19.08,wallet
T003115,U02462,2026-01-22 08:12:16,cosmetic,5.16,card
T003116,U02463,2026-02-24 16:18:39,expansion,13.73,card
T003117,U02463,2026-01-31 04:41:17,cosmetic,10.77,card
T003118,U02463,2026-02-03 23:31:12,currency,21.03,card
T003119,U02465,2026-02-05 12:20:53,expansion,21.82,card
T003120,U02465,2026-02-24 06:14:13,expansion,32.09,card
T003121,U02465,2026-02-08 00:41:00,cosmetic,7.34,card
T003122,U02465,2026-02-19 09:14:07,cosmetic,6.52,card
T003123,U02466,2026-01-26 13:57:42,currency,18.88,wallet
T003124,U02468,2026-02-22 02:19:55,cosmetic,7.08,card
T003125,U02468,2026-03-01 15:41:02,cosmetic,8.81,card
T003126,U02468,2026-02-26 23:32:13,battlepass,10.56,card
T003127,U02468,2026-03-04 09:25:41,expansion,13.73,card
T003128,U02476,2026-01-29 22:58:54,cosmetic,4.15,wallet
T003129,U02476,2026-02-12 18:20:18,booster,4.54,card
T003130,U02476,2026-02-09 08:28:24,booster,3.13,card
T003131,U02476,2026-02-20 16:09:29,booster,3.65,wallet
T003132,U02477,2026-02-22 00:44:10,expansion,17.93,card
T003133,U02477,2026-02-22 08:26:50,booster,5.22,wallet
T003134,U02477,2026-02-28 13:41:19,currency,13.21,card
T003135,U02481,2026-02-20 21:27:09,expansion,28.83,card
T003136,U02481,2026-02-12 22:28:37,expansion,29.14,card
T003137,U02483,2026-01-22 16:46:24,cosmetic,5.9,card
T003138,U02485,2026-02-15 16:20:14,currency,15.95,card
T003139,U02488,2026-01-17 12:01:05,cosmetic,5.65,card
T003140,U02488,2026-01-22 23:01:49,expansion,13.31,card
T003141,U02489,2026-02-25 10:12:23,cosmetic,4.47,wallet
T003142,U02491,2026-01-30 16:59:37,cosmetic,10.51,card
T003143,U02494,2026-02-06 09:12:07,booster,2.73,card
T003144,U02496,2026-02-03 19:27:33,battlepass,19.52,wallet
T003145,U02497,2026-02-20 19:42:36,cosmetic,4.28,card
T003146,U02497,2026-03-15 22:36:28,cosmetic,5.09,card
T003147,U02497,2026-03-02 23:55:43,currency,13.69,card
T003148,U02498,2026-02-24 06:00:48,expansion,29.49,wallet
T003149,U02498,2026-03-17 07:18:11,cosmetic,8.08,wallet
T003150,U02499,2026-01-29 06:23:50,booster,4.05,card
T003151,U02499,2026-01-18 20:01:40,booster,4.99,card
T003152,U02499,2026-01-29 12:39:20,currency,12.56,card
T003153,U02500,2026-03-07 13:34:27,cosmetic,4.8,card
T003154,U02500,2026-03-04 21:58:59,currency,21.97,card
T003155,U02500,2026-03-22 10:22:48,currency,13.41,card
T003156,U02501,2026-02-13 05:59:02,battlepass,21.86,card
T003157,U02502,2026-02-03 14:45:11,cosmetic,9.95,wallet
T003158,U02502,2026-01-20 08:50:15,booster,4.73,card
T003159,U02502,2026-01-30 20:45:04,cosmetic,6.47,wallet
T003160,U02503,2026-03-01 12:35:52,currency,9.64,card
T003161,U02503,2026-03-07 02:23:31,booster,5.72,card
T003162,U02503,2026-03-02 07:40:02,currency,9.43,card
T003163,U02503,2026-02-15 10:19:30,currency,13.52,card
T003164,U02509,2026-02-17 14:19:21,booster,3.33,card
T003165,U02509,2026-02-08 11:57:26,currency,15.62,wallet
T003166,U02509,2026-01-31 04:42:03,booster,5.21,wallet
T003167,U02511,2026-02-05 02:56:02,battlepass,18.88,card
T003168,U02512,2026-02-23 04:57:13,cosmetic,9.93,card
T003169,U02513,2026-03-20 23:24:23,cosmetic,8.97,card
T003170,U02513,2026-03-19 12:21:17,cosmetic,9.08,card
T003171,U02513,2026-03-08 22:49:49,cosmetic,4.91,card
T003172,U02513,2026-03-19 07:30:12,booster,5.89,card
T003173,U02514,2026-02-19 09:18:19,cosmetic,5.77,card
T003174,U02514,2026-03-15 19:01:37,currency,18.12,card
T003175,U02514,2026-03-02 09:46:06,currency,15.66,card
T003176,U02514,2026-03-09 07:46:43,expansion,30.72,card
T003177,U02519,2026-01-12 05:31:18,expansion,16.64,card
T003178,U02519,2026-01-28 20:11:26,battlepass,12.78,card
T003179,U02519,2026-01-15 03:27:14,expansion,20.88,card
T003180,U02521,2026-02-04 05:15:44,cosmetic,10.11,card
T003181,U02521,2026-02-08 00:47:41,cosmetic,9.92,card
T003182,U02522,2026-01-15 06:50:26,cosmetic,7.65,card
T003183,U02522,2026-01-21 15:25:14,booster,6.14,card
T003184,U02522,2026-01-21 06:27:59,cosmetic,7.61,card
T003185,U02522,2026-01-22 18:08:21,booster,4.92,card
T003186,U02522,2026-01-22 22:02:56,battlepass,9.03,card
T003187,U02523,2026-02-07 05:24:59,currency,10.87,card
T003188,U02523,2026-01-26 04:54:57,battlepass,20.51,card
T003189,U02523,2026-01-13 03:31:17,currency,21.11,card
T003190,U02523,2026-01-22 07:19:11,booster,4.74,card
T003191,U02523,2026-01-20 21:10:36,cosmetic,4.72,card
T003192,U02524,2026-01-29 20:44:48,currency,15.62,wallet
T003193,U02524,2026-02-15 07:04:32,cosmetic,5.54,card
T003194,U02525,2026-01-22 09:55:28,currency,20.03,wallet
T003195,U02526,2026-02-18 01:10:27,cosmetic,6.44,wallet
T003196,U02526,2026-02-16 21:28:45,expansion,15.23,wallet
T003197,U02526,2026-01-29 19:57:15,currency,11.01,card
T003198,U02527,2026-02-05 21:45:02,cosmetic,4.89,wallet
T003199,U02527,2026-02-08 05:36:36,booster,6.14,wallet
T003200,U02527,2026-01-29 00:47:30,battlepass,20.38,wallet
T003201,U02527,2026-02-12 20:36:19,expansion,29.64,card
T003202,U02531,2026-02-28 08:39:50,cosmetic,7.81,wallet
T003203,U02535,2026-03-08 06:31:10,currency,10.92,card
T003204,U02536,2026-03-06 23:27:50,battlepass,8.19,card
T003205,U02536,2026-03-02 15:57:14,cosmetic,8.75,card
T003206,U02536,2026-03-01 11:31:32,expansion,23.57,card
T003207,U02537,2026-02-17 13:37:57,expansion,31.26,card
T003208,U02537,2026-02-04 10:54:52,battlepass,9.71,card
T003209,U02537,2026-01-28 14:44:29,cosmetic,8.22,card
T003210,U02537,2026-02-17 07:19:29,expansion,15.14,card
T003211,U02538,2026-02-20 23:35:57,booster,6.2,card
T003212,U02538,2026-02-15 04:49:04,cosmetic,8.51,wallet
T003213,U02542,2026-03-24 11:25:43,battlepass,15.07,card
T003214,U02542,2026-03-04 17:30:41,currency,21.68,wallet
T003215,U02542,2026-03-14 11:06:57,cosmetic,9.41,card
T003216,U02543,2026-03-06 14:19:53,booster,3.98,wallet
T003217,U02543,2026-03-12 03:08:10,currency,8.54,wallet
T003218,U02543,2026-03-09 22:03:56,cosmetic,4.6,wallet
T003219,U02543,2026-03-01 16:52:09,currency,16.49,wallet
T003220,U02544,2026-02-12 13:52:22,booster,2.77,card
T003221,U02544,2026-01-26 09:44:02,currency,11.23,wallet
T003222,U02546,2026-02-08 18:40:53,cosmetic,10.68,wallet
T003223,U02546,2026-01-25 06:49:53,cosmetic,7.14,wallet
T003224,U02546,2026-02-14 04:10:35,currency,19.63,wallet
T003225,U02547,2026-03-07 13:14:49,battlepass,16.88,card
T003226,U02548,2026-02-28 14:44:35,cosmetic,9.35,wallet
T003227,U02548,2026-02-20 21:52:21,booster,5.48,card
T003228,U02548,2026-02-08 17:15:14,battlepass,15.81,card
T003229,U02549,2026-02-05 02:36:19,currency,13.67,wallet
T003230,U02549,2026-02-05 13:52:43,expansion,27.63,card
T003231,U02549,2026-02-17 17:09:23,currency,12.47,card
T003232,U02552,2026-01-25 22:14:59,expansion,31.35,card
T003233,U02552,2026-02-15 13:23:54,booster,5.3,wallet
T003234,U02558,2026-02-25 05:43:26,expansion,27.55,wallet
T003235,U02558,2026-03-09 00:42:59,booster,4.89,wallet
T003236,U02559,2026-01-22 13:44:41,booster,4.06,card
T003237,U02561,2026-02-28 11:27:35,cosmetic,9.01,wallet
T003238,U02562,2026-02-14 19:32:15,expansion,19.93,wallet
T003239,U02562,2026-02-09 20:40:16,cosmetic,4.4,card
T003240,U02562,2026-02-18 06:45:42,battlepass,18.61,wallet
T003241,U02563,2026-02-21 16:16:20,currency,13.77,wallet
T003242,U02563,2026-03-05 06:05:32,booster,2.86,card
T003243,U02567,2026-03-12 16:21:07,booster,3.19,wallet
T003244,U02567,2026-02-21 16:40:11,battlepass,16.51,card
T003245,U02568,2026-02-12 04:08:54,booster,4.99,card
T003246,U02568,2026-02-09 19:22:14,cosmetic,5.54,card
T003247,U02569,2026-02-20 02:15:22,cosmetic,9.81,wallet
T003248,U02569,2026-01-25 18:06:10,cosmetic,10.87,wallet
T003249,U02569,2026-01-30 09:01:11,cosmetic,6.8,card
T003250,U02570,2026-03-10 09:14:36,currency,12.23,card
T003251,U02570,2026-02-26 09:09:58,battlepass,10.61,wallet
T003252,U02571,2026-03-07 10:29:02,battlepass,12.74,wallet
T003253,U02574,2026-02-03 04:49:09,cosmetic,5.65,card
T003254,U02574,2026-02-03 22:52:18,expansion,21.34,card
T003255,U02574,2026-02-21 22:25:46,cosmetic,6.15,card
T003256,U02575,2026-02-16 00:32:41,cosmetic,4.74,card
T003257,U02575,2026-02-16 04:41:31,booster,2.65,card
T003258,U02575,2026-02-27 01:35:40,cosmetic,6.83,card
T003259,U02575,2026-03-10 22:49:20,cosmetic,7.21,card
T003260,U02576,2026-01-20 09:41:47,cosmetic,9.74,wallet
T003261,U02576,2026-02-13 05:13:22,cosmetic,8.37,wallet
T003262,U02579,2026-03-03 04:17:30,booster,2.94,card
T003263,U02579,2026-03-14 00:13:26,cosmetic,9.94,card
T003264,U02580,2026-02-22 15:35:27,cosmetic,5.72,card
T003265,U02580,2026-03-04 12:11:02,cosmetic,10.64,card
T003266,U02582,2026-02-17 18:01:08,expansion,24.97,card
T003267,U02582,2026-02-01 20:19:08,expansion,17.44,wallet
T003268,U02583,2026-01-28 17:41:41,cosmetic,6.53,card
T003269,U02583,2026-02-16 14:51:39,cosmetic,9.39,card
T003270,U02585,2026-01-27 08:06:09,cosmetic,10.64,card
T003271,U02585,2026-02-14 23:51:30,expansion,13.27,card
T003272,U02587,2026-01-27 21:11:56,booster,4.05,card
T003273,U02587,2026-02-02 19:25:07,cosmetic,7.25,card
T003274,U02596,2026-01-18 00:52:19,booster,5.62,card
T003275,U02596,2026-02-02 07:08:13,cosmetic,8.3,card
T003276,U02596,2026-02-01 12:19:58,expansion,14.81,card
T003277,U02597,2026-02-27 17:48:45,currency,9.96,wallet
T003278,U02597,2026-02-28 16:15:59,cosmetic,10.94,wallet
T003279,U02597,2026-02-20 03:06:41,battlepass,19.88,wallet
T003280,U02598,2026-02-19 16:00:16,expansion,13.6,card
T003281,U02598,2026-03-07 14:27:31,cosmetic,4.46,card
T003282,U02603,2026-02-28 03:48:50,cosmetic,5.47,wallet
T003283,U02603,2026-03-09 21:19:51,booster,5.35,card
T003284,U02605,2026-02-27 00:28:47,battlepass,14.11,card
T003285,U02605,2026-02-26 07:14:31,cosmetic,4.35,card
T003286,U02606,2026-03-05 06:04:28,cosmetic,6.92,wallet
T003287,U02607,2026-02-23 05:18:37,battlepass,11.58,card
T003288,U02607,2026-02-21 08:10:29,currency,18.87,card
T003289,U02607,2026-02-12 23:10:21,battlepass,14.24,card
T003290,U02610,2026-03-17 18:41:47,currency,15.1,card
T003291,U02610,2026-03-11 14:00:42,expansion,29.59,card
T003292,U02610,2026-03-10 12:32:04,booster,5.26,card
T003293,U02611,2026-03-26 17:06:25,booster,4.51,card
T003294,U02611,2026-03-14 14:42:22,cosmetic,5.41,card
T003295,U02611,2026-03-08 14:17:27,cosmetic,7.23,card
T003296,U02617,2026-03-12 07:56:17,currency,12.61,wallet
T003297,U02617,2026-03-30 11:41:19,currency,17.32,wallet
T003298,U02618,2026-01-21 03:30:01,expansion,25.26,card
T003299,U02618,2026-01-31 17:00:33,cosmetic,8.53,wallet
T003300,U02618,2026-01-08 16:21:48,booster,5.89,wallet
T003301,U02618,2026-01-04 00:59:18,cosmetic,9.18,card
T003302,U02618,2026-01-09 19:11:52,cosmetic,8.31,card
T003303,U02622,2026-01-24 00:23:01,expansion,19.02,card
T003304,U02622,2026-02-06 16:10:08,battlepass,21.57,card
T003305,U02622,2026-02-01 20:06:06,expansion,24.21,card
T003306,U02623,2026-02-03 12:50:00,expansion,14.72,card
T003307,U02623,2026-01-29 02:04:15,cosmetic,8.82,card
T003308,U02623,2026-02-03 07:07:50,booster,5.26,card
T003309,U02623,2026-01-28 19:08:37,cosmetic,5.17,wallet
T003310,U02626,2026-02-20 00:41:53,booster,2.63,card
T003311,U02627,2026-03-10 12:11:02,cosmetic,5.24,card
T003312,U02627,2026-03-11 12:02:55,cosmetic,8.4,card
T003313,U02627,2026-03-28 18:44:47,cosmetic,10.41,card
T003314,U02627,2026-02-28 10:21:53,currency,19.13,card
T003315,U02628,2026-01-19 15:04:03,cosmetic,9.76,wallet
T003316,U02628,2026-01-20 15:56:13,cosmetic,8.18,card
T003317,U02630,2026-01-11 02:12:43,cosmetic,7.9,card
T003318,U02630,2026-01-06 17:03:18,cosmetic,4.59,card
T003319,U02631,2026-03-07 15:19:10,expansion,16.94,card
T003320,U02632,2026-03-07 09:24:36,expansion,19.16,card
T003321,U02632,2026-03-05 03:35:08,cosmetic,10.42,card
T003322,U02632,2026-03-11 13:46:16,currency,9.38,card
T003323,U02632,2026-02-18 02:40:25,battlepass,13.11,card
T003324,U02634,2026-02-21 00:51:13,expansion,25.36,wallet
T003325,U02634,2026-02-20 07:11:59,currency,9.01,wallet
T003326,U02634,2026-02-24 14:10:45,booster,6.32,wallet
T003327,U02635,2026-01-30 07:22:09,booster,5.05,card
T003328,U02637,2026-02-05 08:16:21,booster,2.62,wallet
T003329,U02637,2026-02-15 14:45:18,cosmetic,10.96,card
T003330,U02638,2026-02-25 22:03:54,cosmetic,5.37,card
T003331,U02638,2026-03-13 10:41:10,cosmetic,10.3,card
T003332,U02638,2026-02-26 18:23:16,currency,16.04,card
T003333,U02638,2026-02-25 02:30:54,currency,11.37,card
T003334,U02638,2026-03-05 16:06:01,currency,16.22,card
T003335,U02638,2026-02-22 16:59:53,cosmetic,6.55,card
T003336,U02638,2026-03-06 00:31:12,currency,15.52,card
T003337,U02639,2026-02-05 16:15:39,cosmetic,8.58,wallet
T003338,U02639,2026-01-17 22:19:35,expansion,12.47,card
T003339,U02639,2026-01-27 20:15:00,booster,3.67,wallet
T003340,U02644,2026-01-30 12:56:47,currency,18.55,card
T003341,U02644,2026-02-02 04:20:13,expansion,30.23,card
T003342,U02649,2026-03-18 15:14:32,expansion,14.59,card
T003343,U02649,2026-02-28 23:08:16,cosmetic,4.4,card
T003344,U02650,2026-02-05 00:16:55,cosmetic,7.25,card
T003345,U02653,2026-03-02 23:15:49,cosmetic,8.13,wallet
T003346,U02653,2026-03-12 04:05:39,cosmetic,10.53,card
T003347,U02653,2026-03-25 09:51:45,cosmetic,5.03,wallet
T003348,U02653,2026-03-07 20:38:39,currency,11.16,card
T003349,U02653,2026-03-21 02:29:00,currency,17.15,wallet
T003350,U02655,2026-03-13 08:08:17,expansion,20.78,card
T003351,U02659,2026-02-16 14:24:00,expansion,30.62,wallet
T003352,U02660,2026-02-05 13:11:26,cosmetic,7.91,card
T003353,U02660,2026-01-10 11:47:21,currency,14.16,card
T003354,U02662,2026-03-09 10:08:31,currency,12.19,card
T003355,U02663,2026-01-29 13:46:10,currency,15.4,card
T003356,U02663,2026-01-16 20:08:12,expansion,31.34,wallet
T003357,U02663,2026-01-28 04:16:15,booster,4.13,wallet
T003358,U02665,2026-01-31 22:12:43,booster,4.71,card
T003359,U02665,2026-02-11 07:06:22,currency,15.15,card
T003360,U02665,2026-01-19 08:00:13,expansion,18.05,card
T003361,U02667,2026-01-24 10:33:52,battlepass,19.05,card
T003362,U02667,2026-01-20 00:00:30,booster,4.81,card
T003363,U02667,2026-02-03 12:23:42,booster,4.71,card
T003364,U02667,2026-02-04 21:50:20,expansion,23.68,card
T003365,U02673,2026-03-20 00:07:34,battlepass,16.09,card
T003366,U02673,2026-02-23 22:25:15,booster,6.02,card
T003367,U02673,2026-02-26 11:53:04,currency,14.56,card
T003368,U02674,2026-01-23 16:11:25,currency,18.32,card
T003369,U02674,2026-02-03 07:00:12,booster,5.12,wallet
T003370,U02676,2026-02-18 08:07:49,booster,5.52,card
T003371,U02676,2026-02-14 20:17:15,currency,9.06,card
T003372,U02677,2026-03-15 18:11:54,booster,3.03,wallet
T003373,U02682,2026-02-02 18:52:47,cosmetic,5.42,card
T003374,U02682,2026-01-20 19:37:07,booster,6.44,card
T003375,U02686,2026-02-26 17:27:26,booster,5.9,card
T003376,U02686,2026-02-23 05:11:55,currency,16.47,card
T003377,U02686,2026-02-27 20:13:19,booster,5.98,card
T003378,U02687,2026-02-07 01:50:58,booster,4.28,card
T003379,U02687,2026-02-12 22:30:03,expansion,14.46,card
T003380,U02687,2026-01-25 05:26:08,expansion,23.57,card
T003381,U02689,2026-02-19 01:18:19,currency,19.45,card
T003382,U02689,2026-03-06 07:18:54,battlepass,9.47,card
T003383,U02689,2026-03-05 19:49:06,battlepass,9.17,card
T003384,U02691,2026-02-20 09:40:42,booster,5.99,card
T003385,U02691,2026-02-13 13:32:58,expansion,21.38,card
T003386,U02691,2026-03-08 21:44:51,cosmetic,4.09,card
T003387,U02691,2026-03-12 14:00:57,cosmetic,10.87,card
T003388,U02692,2026-02-25 08:44:45,currency,11.67,card
T003389,U02692,2026-02-15 09:02:50,currency,12.41,wallet
T003390,U02692,2026-02-07 14:26:49,currency,9.18,wallet
T003391,U02694,2026-02-11 00:12:03,booster,4.11,card
T003392,U02697,2026-01-13 21:40:54,battlepass,17.12,card
T003393,U02697,2026-01-16 00:34:22,cosmetic,9.59,card
T003394,U02697,2026-01-30 01:44:03,booster,6.03,card
T003395,U02698,2026-02-14 14:21:44,currency,19.15,card
T003396,U02698,2026-01-28 01:10:01,battlepass,20.5,card
T003397,U02698,2026-02-04 12:21:37,cosmetic,10.94,card
T003398,U02698,2026-02-08 06:16:07,currency,20.95,wallet
T003399,U02700,2026-01-29 15:55:18,booster,3.47,card
T003400,U02700,2026-01-31 16:16:04,booster,2.85,card
T003401,U02700,2026-01-29 23:34:22,cosmetic,10.07,card
T003402,U02702,2026-02-22 05:08:11,currency,20.24,wallet
T003403,U02702,2026-02-22 08:45:37,booster,4.34,wallet
T003404,U02702,2026-03-18 04:36:20,booster,3.65,card
T003405,U02703,2026-02-04 08:37:55,cosmetic,6.4,card
T003406,U02703,2026-02-02 16:33:29,battlepass,11.68,card
T003407,U02703,2026-02-03 02:10:38,cosmetic,6.44,card
T003408,U02705,2026-02-02 17:45:11,booster,6.54,card
T003409,U02705,2026-01-11 18:55:26,cosmetic,9.37,card
T003410,U02705,2026-01-05 22:38:25,currency,9.91,card
T003411,U02705,2026-01-25 11:42:41,booster,2.91,card
T003412,U02708,2026-01-30 19:39:04,booster,5.97,card
T003413,U02712,2026-01-11 12:19:03,cosmetic,9.91,card
T003414,U02712,2026-01-02 11:39:07,expansion,22.88,card
T003415,U02712,2026-01-20 05:01:13,booster,5.61,card
T003416,U02712,2026-01-04 17:41:58,cosmetic,7.09,wallet
T003417,U02715,2026-02-21 07:47:32,battlepass,18.81,card
T003418,U02715,2026-02-07 01:12:46,battlepass,12.07,card
T003419,U02715,2026-02-28 01:16:11,battlepass,14.93,card
T003420,U02715,2026-03-01 21:34:57,cosmetic,10.49,card
T003421,U02717,2026-02-10 15:43:48,battlepass,15.32,card
T003422,U02717,2026-02-18 15:02:47,currency,16.88,card
T003423,U02717,2026-01-31 16:24:14,currency,11.44,card
T003424,U02717,2026-02-09 18:43:15,cosmetic,6.09,card
T003425,U02717,2026-01-31 15:56:05,cosmetic,4.98,card
T003426,U02725,2026-03-06 17:44:54,cosmetic,6.95,card
T003427,U02726,2026-02-07 02:17:24,currency,11.6,card
T003428,U02726,2026-02-23 07:04:44,cosmetic,4.64,card
T003429,U02726,2026-02-17 01:44:05,battlepass,14.31,card
T003430,U02728,2026-01-12 15:40:27,currency,8.75,wallet
T003431,U02730,2026-02-03 08:15:33,currency,15.11,card
T003432,U02730,2026-02-26 01:53:20,cosmetic,6.81,card
T003433,U02730,2026-01-30 15:09:44,expansion,16.91,card
T003434,U02731,2026-02-28 16:25:40,currency,18.96,card
T003435,U02731,2026-03-24 23:06:13,cosmetic,4.22,card
T003436,U02731,2026-03-03 15:02:23,cosmetic,7.94,card
T003437,U02731,2026-03-13 21:14:59,currency,18.75,wallet
T003438,U02733,2026-02-26 12:14:19,currency,17.92,wallet
T003439,U02733,2026-03-11 08:38:29,cosmetic,7.67,wallet
T003440,U02733,2026-03-06 15:14:51,cosmetic,6.1,wallet
T003441,U02733,2026-03-12 17:59:46,booster,6.54,wallet
T003442,U02735,2026-02-20 21:59:16,cosmetic,6.13,card
T003443,U02735,2026-02-24 01:00:25,booster,5.6,card
T003444,U02736,2026-01-28 01:09:15,battlepass,18.55,card
T003445,U02736,2026-01-24 08:20:54,expansion,15.2,wallet
T003446,U02736,2026-02-03 13:34:59,booster,3.1,card
T003447,U02737,2026-02-09 02:44:40,booster,6.33,wallet
T003448,U02737,2026-02-07 12:53:40,booster,5.77,wallet
T003449,U02737,2026-02-26 17:04:00,expansion,19.77,wallet
T003450,U02737,2026-02-22 03:58:23,cosmetic,4.53,wallet
T003451,U02740,2026-02-11 15:41:05,booster,3.65,wallet
T003452,U02740,2026-02-13 11:59:24,cosmetic,6.37,card
T003453,U02740,2026-01-23 18:46:11,booster,4.35,wallet
T003454,U02740,2026-01-21 14:19:06,battlepass,13.34,card
T003455,U02741,2026-02-05 00:04:20,currency,21.12,wallet
T003456,U02741,2026-02-03 11:33:29,expansion,26.2,wallet
T003457,U02741,2026-02-03 14:01:59,currency,9.49,card
T003458,U02743,2026-02-26 08:59:34,booster,3.13,wallet
T003459,U02745,2026-01-21 16:42:35,cosmetic,7.93,card
T003460,U02745,2026-02-09 18:13:18,currency,8.28,card
T003461,U02745,2026-01-14 17:29:31,expansion,20.9,card
T003462,U02745,2026-02-04 11:30:07,cosmetic,5.97,card
T003463,U02746,2026-02-08 01:22:57,expansion,28.93,wallet
T003464,U02747,2026-01-30 05:01:31,cosmetic,8.48,wallet
T003465,U02747,2026-01-14 04:22:16,booster,6.24,card
T003466,U02748,2026-03-08 13:31:22,currency,10.63,wallet
T003467,U02748,2026-02-25 11:43:14,booster,2.45,wallet
T003468,U02749,2026-02-18 08:56:31,currency,12.49,card
T003469,U02749,2026-02-09 19:06:03,cosmetic,7.36,card
T003470,U02749,2026-02-07 23:19:49,cosmetic,6.13,card
T003471,U02749,2026-02-20 04:19:53,cosmetic,8.62,card
T003472,U02750,2026-03-14 07:56:34,cosmetic,8.98,wallet
T003473,U02751,2026-02-06 02:03:31,cosmetic,6.5,wallet
T003474,U02751,2026-01-31 07:43:43,expansion,16.59,wallet
T003475,U02751,2026-02-03 12:14:31,currency,15.01,card
T003476,U02751,2026-01-27 12:27:44,booster,2.41,wallet
T003477,U02751,2026-01-29 19:54:30,battlepass,8.63,wallet
T003478,U02751,2026-01-29 16:15:20,cosmetic,7.67,wallet
T003479,U02752,2026-01-21 05:16:57,booster,2.97,card
T003480,U02752,2026-01-10 05:36:42,cosmetic,7.05,card
T003481,U02753,2026-02-06 08:10:03,booster,3.91,card
T003482,U02753,2026-02-23 00:01:25,cosmetic,8.27,card
T003483,U02758,2026-02-15 21:00:08,currency,10.51,wallet
T003484,U02758,2026-02-11 06:55:30,currency,21.05,card
T003485,U02759,2026-02-05 17:39:52,battlepass,18.61,card
T003486,U02760,2026-02-05 13:19:37,cosmetic,4.18,card
T003487,U02760,2026-02-09 08:57:19,expansion,32.48,card
T003488,U02760,2026-02-03 23:13:14,booster,5.92,wallet
T003489,U02760,2026-02-12 09:10:17,currency,21.59,wallet
T003490,U02761,2026-02-03 23:48:15,cosmetic,10.9,wallet
T003491,U02761,2026-01-20 20:54:38,expansion,13.15,wallet
T003492,U02761,2026-02-05 07:21:53,battlepass,14.19,card
T003493,U02764,2026-01-18 21:47:17,expansion,20.64,card
T003494,U02764,2026-01-16 02:12:01,expansion,23.32,card
T003495,U02765,2026-02-10 21:25:47,currency,17.72,card
T003496,U02765,2026-01-25 03:09:59,cosmetic,9.8,card
T003497,U02765,2026-02-03 10:46:16,cosmetic,4.52,card
T003498,U02765,2026-02-09 09:32:36,cosmetic,10.63,card
T003499,U02766,2026-03-01 05:37:51,battlepass,11.6,wallet
T003500,U02766,2026-02-02 12:35:40,cosmetic,10.25,card
T003501,U02766,2026-02-06 21:03:15,currency,10.13,card
T003502,U02767,2026-01-30 16:50:48,currency,9.64,card
T003503,U02767,2026-01-25 07:12:12,cosmetic,8.72,card
T003504,U02769,2026-02-18 16:00:42,battlepass,8.13,card
T003505,U02770,2026-03-26 08:47:35,booster,3.66,wallet
T003506,U02770,2026-03-02 07:34:40,cosmetic,10.35,card
T003507,U02771,2026-03-04 14:59:22,currency,14.86,wallet
T003508,U02771,2026-02-22 23:33:13,battlepass,15.56,card
T003509,U02775,2026-02-03 10:24:24,booster,5.69,card
T003510,U02775,2026-02-03 23:27:01,booster,3.81,card
T003511,U02775,2026-03-02 05:41:28,cosmetic,4.32,card
T003512,U02775,2026-02-26 14:33:12,cosmetic,4.31,card
T003513,U02775,2026-02-22 11:03:30,cosmetic,8.76,card
T003514,U02775,2026-02-11 19:39:20,cosmetic,9.49,card
T003515,U02776,2026-01-22 01:29:58,booster,2.45,wallet
T003516,U02776,2026-01-22 04:34:53,cosmetic,5.09,wallet
T003517,U02777,2026-02-09 02:35:57,booster,6.45,card
T003518,U02779,2026-02-19 10:47:08,booster,4.24,card
T003519,U02779,2026-02-07 02:38:33,cosmetic,5.82,card
T003520,U02779,2026-02-12 07:45:48,booster,5.65,card
T003521,U02779,2026-02-10 02:49:10,battlepass,15.81,card
T003522,U02779,2026-02-07 16:11:56,currency,20.37,card
T003523,U02781,2026-02-03 10:24:43,cosmetic,7.03,card
T003524,U02781,2026-02-07 22:53:32,cosmetic,4.3,wallet
T003525,U02781,2026-01-20 17:06:11,booster,5.4,card
T003526,U02781,2026-02-17 11:58:38,battlepass,8.4,wallet
T003527,U02782,2026-03-24 03:39:33,cosmetic,10.06,wallet
T003528,U02782,2026-03-05 20:59:04,cosmetic,10.49,wallet
T003529,U02782,2026-03-20 15:03:25,battlepass,17.97,card
T003530,U02782,2026-03-15 06:52:20,cosmetic,9.17,wallet
T003531,U02785,2026-03-08 00:34:37,booster,4.77,card
T003532,U02785,2026-03-15 23:17:21,battlepass,19.08,card
T003533,U02785,2026-02-27 12:43:14,cosmetic,9.61,card
T003534,U02786,2026-01-27 03:46:20,cosmetic,8.73,card
T003535,U02786,2026-01-18 15:14:42,currency,16.5,wallet
T003536,U02786,2026-01-14 11:10:18,cosmetic,7.82,wallet
T003537,U02786,2026-01-20 06:31:54,currency,11.26,card
T003538,U02787,2026-01-22 07:23:25,battlepass,17.06,wallet
T003539,U02787,2026-01-24 08:27:31,booster,6.38,card
T003540,U02787,2026-02-01 12:11:54,cosmetic,10.42,wallet
T003541,U02788,2026-01-13 20:04:49,cosmetic,8.83,card
T003542,U02788,2026-01-16 17:01:57,cosmetic,5.29,card
T003543,U02788,2026-01-25 19:52:13,cosmetic,7.3,card
T003544,U02788,2026-01-19 04:00:27,currency,17.75,card
T003545,U02791,2026-03-09 17:27:29,cosmetic,6.32,card
T003546,U02791,2026-03-06 05:58:32,cosmetic,5.5,wallet
T003547,U02792,2026-01-26 07:30:38,cosmetic,7.48,card
T003548,U02792,2026-02-07 17:19:19,currency,13.33,wallet
T003549,U02792,2026-01-31 13:07:36,booster,6.22,wallet
T003550,U02793,2026-02-16 15:10:59,cosmetic,9.0,wallet
T003551,U02793,2026-02-16 12:40:45,booster,5.63,card
T003552,U02794,2026-02-24 20:34:42,currency,14.42,wallet
T003553,U02794,2026-03-01 21:02:29,cosmetic,5.18,wallet
T003554,U02794,2026-03-02 10:25:56,currency,21.47,card
T003555,U02794,2026-03-01 19:11:35,expansion,32.42,card
T003556,U02795,2026-02-01 12:20:09,battlepass,19.95,wallet
T003557,U02795,2026-01-13 00:44:11,booster,3.86,wallet
T003558,U02795,2026-01-13 19:58:19,booster,3.69,wallet
T003559,U02795,2026-01-07 17:28:37,booster,6.52,wallet
T003560,U02796,2026-03-20 17:43:19,booster,3.01,card
T003561,U02796,2026-02-27 15:17:14,currency,19.2,card
T003562,U02796,2026-03-23 13:52:40,expansion,32.73,card
T003563,U02796,2026-02-25 23:05:40,booster,3.96,card
T003564,U02796,2026-02-27 03:25:05,cosmetic,10.91,card
T003565,U02798,2026-03-05 07:56:09,cosmetic,7.58,wallet
T003566,U02799,2026-03-05 12:30:46,booster,4.75,card
T003567,U02799,2026-02-18 02:06:21,cosmetic,6.05,card
T003568,U02799,2026-03-06 17:17:29,cosmetic,10.12,card
T003569,U02801,2026-02-18 05:03:00,booster,4.39,card
T003570,U02801,2026-02-28 19:46:43,expansion,13.65,card
T003571,U02801,2026-03-06 11:06:57,booster,6.18,wallet
T003572,U02801,2026-03-15 20:10:46,currency,16.21,wallet
T003573,U02801,2026-02-17 01:01:44,currency,8.64,wallet
T003574,U02802,2026-02-21 21:20:15,cosmetic,9.16,card
T003575,U02802,2026-02-08 01:59:37,booster,3.34,card
T003576,U02802,2026-02-05 20:52:47,cosmetic,5.51,card
T003577,U02804,2026-01-05 22:49:17,cosmetic,4.35,card
T003578,U02807,2026-02-06 12:59:36,battlepass,15.59,card
T003579,U02807,2026-01-31 00:11:08,expansion,27.8,card
T003580,U02809,2026-03-16 05:26:16,expansion,21.27,card
T003581,U02809,2026-02-18 22:18:28,booster,5.95,card
T003582,U02809,2026-03-11 08:45:27,cosmetic,8.72,card
T003583,U02810,2026-01-22 17:28:06,booster,3.62,card
T003584,U02810,2026-01-17 16:24:54,cosmetic,4.3,card
T003585,U02810,2026-02-06 06:49:06,cosmetic,4.92,card
T003586,U02812,2026-01-22 00:11:00,battlepass,15.9,card
T003587,U02812,2026-01-29 12:08:25,expansion,13.08,card
T003588,U02812,2026-02-02 23:04:11,battlepass,20.32,card
T003589,U02815,2026-01-19 08:38:45,cosmetic,7.89,card
T003590,U02815,2026-01-30 23:57:03,booster,3.01,wallet
T003591,U02815,2026-01-17 05:05:21,cosmetic,7.78,wallet
T003592,U02816,2026-01-27 06:04:31,cosmetic,6.2,card
T003593,U02816,2026-01-17 14:16:08,currency,18.42,card
T003594,U02818,2026-03-06 02:23:58,currency,10.5,wallet
T003595,U02818,2026-02-25 20:24:06,currency,9.66,wallet
T003596,U02819,2026-01-18 17:58:11,cosmetic,9.56,card
T003597,U02820,2026-03-06 07:07:00,battlepass,11.76,wallet
T003598,U02820,2026-02-22 23:30:46,battlepass,20.48,wallet
T003599,U02820,2026-02-16 05:13:41,cosmetic,10.38,card
T003600,U02821,2026-02-04 06:37:06,cosmetic,8.44,card
T003601,U02821,2026-02-04 09:15:11,cosmetic,6.89,card
T003602,U02822,2026-03-17 14:07:28,cosmetic,9.22,card
T003603,U02822,2026-03-03 18:59:37,cosmetic,10.12,card
T003604,U02822,2026-02-28 02:22:45,cosmetic,6.82,card
T003605,U02823,2026-02-02 06:22:30,cosmetic,4.66,wallet
T003606,U02823,2026-01-21 23:31:09,booster,3.02,card
T003607,U02823,2026-01-21 22:39:22,battlepass,15.47,wallet
T003608,U02823,2026-01-15 17:32:47,currency,12.76,wallet
T003609,U02824,2026-03-24 05:03:03,cosmetic,10.03,wallet
T003610,U02824,2026-02-28 20:47:30,cosmetic,8.16,wallet
T003611,U02824,2026-03-13 00:08:10,expansion,13.97,card
T003612,U02824,2026-03-03 00:30:29,battlepass,17.22,card
T003613,U02825,2026-02-14 19:40:04,cosmetic,6.65,card
T003614,U02825,2026-02-11 20:28:09,currency,19.56,card
T003615,U02828,2026-03-16 00:02:57,currency,18.59,card
T003616,U02828,2026-03-07 02:39:14,currency,16.92,card
T003617,U02828,2026-03-26 10:14:07,currency,21.21,card
T003618,U02828,2026-03-02 07:29:52,expansion,17.79,wallet
T003619,U02828,2026-03-26 03:25:13,cosmetic,9.86,card
T003620,U02830,2026-01-30 03:48:03,booster,2.73,wallet
T003621,U02831,2026-03-08 05:40:05,cosmetic,7.12,card
T003622,U02831,2026-03-15 10:03:14,battlepass,8.33,card
T003623,U02832,2026-03-11 13:07:38,booster,6.14,card
T003624,U02832,2026-03-06 16:28:23,battlepass,13.55,card
T003625,U02832,2026-02-27 07:58:09,cosmetic,6.37,card
T003626,U02833,2026-02-05 11:01:02,cosmetic,7.35,wallet
T003627,U02833,2026-01-19 10:18:17,currency,18.29,wallet
T003628,U02833,2026-02-14 14:59:24,battlepass,19.14,wallet
T003629,U02834,2026-02-04 20:08:52,cosmetic,10.96,card
T003630,U02834,2026-02-21 08:50:18,booster,4.72,card
T003631,U02834,2026-02-15 09:27:36,currency,9.47,card
T003632,U02835,2026-01-28 07:56:52,cosmetic,10.68,card
T003633,U02835,2026-01-24 19:11:44,battlepass,21.97,wallet
T003634,U02835,2026-01-25 04:22:36,cosmetic,6.66,wallet
T003635,U02836,2026-03-03 21:52:57,booster,6.21,card
T003636,U02836,2026-02-28 23:06:35,cosmetic,9.15,card
T003637,U02836,2026-02-16 16:43:42,expansion,17.23,card
T003638,U02836,2026-02-24 20:50:15,booster,2.75,card
T003639,U02836,2026-02-26 20:56:04,expansion,14.55,card
T003640,U02836,2026-02-07 14:04:26,battlepass,10.66,card
T003641,U02839,2026-01-28 17:47:11,battlepass,13.21,card
T003642,U02839,2026-01-25 09:59:34,booster,3.04,card
T003643,U02840,2026-03-22 17:14:51,booster,5.75,wallet
T003644,U02840,2026-03-16 22:54:14,cosmetic,8.58,wallet
T003645,U02841,2026-02-19 21:11:45,currency,8.64,card
T003646,U02841,2026-02-12 08:36:28,booster,3.58,card
T003647,U02841,2026-01-29 03:58:03,booster,4.44,card
T003648,U02841,2026-02-15 18:55:44,expansion,17.15,card
T003649,U02848,2026-02-05 11:38:04,cosmetic,7.97,card
T003650,U02848,2026-02-07 00:25:55,expansion,20.63,card
T003651,U02848,2026-02-06 12:57:53,booster,6.18,card
T003652,U02848,2026-02-10 05:33:05,cosmetic,10.52,card
T003653,U02851,2026-02-02 09:37:12,booster,4.0,card
T003654,U02855,2026-02-24 07:15:56,cosmetic,4.5,card
T003655,U02855,2026-03-02 22:27:37,currency,18.44,card
T003656,U02856,2026-01-25 18:33:59,expansion,27.42,wallet
T003657,U02857,2026-02-08 07:02:47,cosmetic,10.34,card
T003658,U02857,2026-02-12 02:34:44,cosmetic,8.77,wallet
T003659,U02857,2026-02-09 15:55:38,expansion,22.94,wallet
T003660,U02859,2026-03-12 16:42:13,currency,17.3,card
T003661,U02859,2026-02-18 01:09:41,booster,5.37,card
T003662,U02866,2026-01-28 12:57:52,battlepass,20.65,wallet
T003663,U02866,2026-01-26 10:10:32,cosmetic,6.96,card
T003664,U02866,2026-01-26 13:42:32,cosmetic,6.38,card
T003665,U02866,2026-01-23 03:15:04,cosmetic,5.14,wallet
T003666,U02866,2026-01-29 19:45:36,currency,14.89,card
T003667,U02868,2026-02-04 21:47:20,currency,21.51,wallet
T003668,U02868,2026-02-01 19:49:34,currency,8.61,wallet
T003669,U02870,2026-01-15 21:31:23,cosmetic,7.91,wallet
T003670,U02870,2026-01-28 11:34:26,currency,18.67,wallet
T003671,U02870,2026-02-02 20:54:27,booster,5.98,card
T003672,U02871,2026-01-28 05:52:04,cosmetic,4.61,wallet
T003673,U02871,2026-02-06 23:18:56,cosmetic,5.29,card
T003674,U02871,2026-02-02 03:48:28,currency,9.94,card
T003675,U02871,2026-01-29 19:45:09,cosmetic,10.64,card
T003676,U02872,2026-03-17 20:51:58,expansion,19.33,card
T003677,U02872,2026-03-12 17:58:03,cosmetic,8.37,card
T003678,U02872,2026-03-08 11:47:11,cosmetic,8.0,card
T003679,U02872,2026-03-01 20:28:40,currency,10.72,card
T003680,U02874,2026-01-25 21:00:26,expansion,18.28,card
T003681,U02874,2026-01-19 09:20:01,cosmetic,5.84,wallet
T003682,U02874,2026-01-14 08:36:22,expansion,31.06,wallet
T003683,U02874,2026-02-05 02:40:54,currency,21.38,wallet
T003684,U02875,2026-02-14 17:56:01,currency,19.07,wallet
T003685,U02875,2026-02-18 23:19:53,currency,12.29,wallet
T003686,U02875,2026-02-13 10:31:18,booster,3.74,wallet
T003687,U02877,2026-02-25 17:42:20,currency,12.93,wallet
T003688,U02877,2026-02-13 19:02:07,booster,3.86,wallet
T003689,U02877,2026-02-26 14:02:51,currency,16.78,wallet
T003690,U02877,2026-02-09 08:41:17,cosmetic,8.99,card
T003691,U02877,2026-03-06 03:17:39,currency,13.56,wallet
T003692,U02878,2026-02-26 06:32:37,cosmetic,8.72,card
T003693,U02878,2026-03-25 22:01:45,battlepass,19.99,card
T003694,U02878,2026-03-16 02:35:29,expansion,19.24,card
T003695,U02878,2026-03-13 23:47:54,cosmetic,9.16,card
T003696,U02881,2026-01-03 20:25:56,booster,3.45,wallet
T003697,U02881,2026-01-31 12:27:34,cosmetic,8.14,wallet
T003698,U02881,2026-01-04 02:15:32,cosmetic,10.51,card
T003699,U02885,2026-02-12 18:00:07,expansion,13.75,card
T003700,U02887,2026-03-14 14:47:22,booster,5.06,card
T003701,U02887,2026-03-21 19:27:52,booster,3.21,wallet
T003702,U02887,2026-03-15 02:39:46,cosmetic,10.9,wallet
T003703,U02889,2026-02-03 14:47:42,currency,15.04,card
T003704,U02889,2026-02-07 10:42:13,booster,3.33,card
T003705,U02889,2026-01-12 00:06:02,currency,18.29,card
T003706,U02890,2026-01-15 10:10:05,cosmetic,5.71,card
T003707,U02890,2026-01-12 01:05:07,cosmetic,9.02,wallet
T003708,U02892,2026-02-12 00:46:01,battlepass,21.9,wallet
T003709,U02892,2026-03-05 00:56:31,booster,5.21,wallet
T003710,U02892,2026-03-03 07:35:56,cosmetic,8.33,wallet
T003711,U02892,2026-02-16 20:21:49,cosmetic,4.27,wallet
T003712,U02892,2026-02-12 16:22:19,cosmetic,4.74,wallet
T003713,U02904,2026-02-11 13:02:06,cosmetic,5.36,card
T003714,U02904,2026-02-10 09:10:49,cosmetic,10.94,card
T003715,U02904,2026-02-20 09:44:03,expansion,19.46,card
T003716,U02904,2026-02-27 19:32:42,cosmetic,6.73,card
T003717,U02905,2026-02-23 04:27:43,cosmetic,5.38,wallet
T003718,U02905,2026-03-01 06:25:15,booster,4.95,wallet
T003719,U02905,2026-03-04 23:18:18,expansion,29.09,card
T003720,U02907,2026-02-13 13:27:28,cosmetic,5.01,wallet
T003721,U02907,2026-02-10 18:43:55,currency,9.91,card
T003722,U02908,2026-03-02 06:09:34,currency,9.45,wallet
T003723,U02908,2026-03-25 02:39:09,booster,3.07,wallet
T003724,U02908,2026-03-21 21:15:55,battlepass,13.13,card
T003725,U02910,2026-01-30 08:23:24,cosmetic,8.8,card
T003726,U02910,2026-01-31 04:07:39,cosmetic,4.45,card
T003727,U02910,2026-02-04 10:50:50,currency,19.81,card
T003728,U02910,2026-02-01 23:22:03,cosmetic,9.47,card
T003729,U02910,2026-02-12 18:42:07,battlepass,17.28,card
T003730,U02912,2026-01-09 20:58:06,expansion,30.49,wallet
T003731,U02912,2026-02-03 09:52:20,booster,4.59,card
T003732,U02912,2026-01-10 18:17:33,currency,15.84,wallet
T003733,U02914,2026-01-30 23:44:43,cosmetic,6.21,card
T003734,U02914,2026-02-01 04:00:54,currency,11.94,card
T003735,U02914,2026-01-26 17:40:59,battlepass,17.38,card
T003736,U02915,2026-02-09 14:29:33,expansion,25.34,wallet
T003737,U02915,2026-02-08 08:46:50,cosmetic,9.15,wallet
T003738,U02916,2026-01-29 19:28:32,cosmetic,9.85,card
T003739,U02919,2026-02-28 07:07:30,cosmetic,4.36,card
T003740,U02919,2026-03-19 17:27:41,currency,13.31,wallet
T003741,U02919,2026-03-16 19:57:57,booster,3.5,wallet
T003742,U02922,2026-03-06 09:34:09,currency,11.03,card
T003743,U02922,2026-02-21 00:37:56,cosmetic,7.73,card
T003744,U02927,2026-02-13 18:09:00,booster,5.85,card
T003745,U02927,2026-02-10 21:37:08,currency,15.36,wallet
T003746,U02928,2026-02-01 16:28:14,battlepass,9.03,wallet
T003747,U02928,2026-02-05 10:47:47,booster,2.95,card
T003748,U02928,2026-02-07 18:31:44,expansion,19.47,card
T003749,U02928,2026-02-06 22:05:21,expansion,19.69,wallet
T003750,U02934,2026-02-14 14:00:40,booster,4.46,wallet
T003751,U02934,2026-02-19 02:19:53,expansion,20.27,wallet
T003752,U02937,2026-02-26 05:46:59,battlepass,13.79,card
T003753,U02937,2026-03-07 23:39:46,booster,2.94,wallet
T003754,U02937,2026-03-02 05:58:11,cosmetic,9.65,wallet
T003755,U02939,2026-03-09 02:53:39,cosmetic,7.28,wallet
T003756,U02939,2026-03-01 01:26:51,expansion,28.65,card
T003757,U02939,2026-03-11 20:15:27,cosmetic,7.59,card
T003758,U02939,2026-02-27 09:35:49,booster,3.23,wallet
T003759,U02940,2026-01-11 21:09:56,cosmetic,5.09,card
T003760,U02940,2026-01-23 12:06:23,battlepass,21.92,card
T003761,U02940,2026-01-24 14:42:22,expansion,21.35,wallet
T003762,U02940,2026-01-26 16:28:51,battlepass,16.29,card
T003763,U02940,2026-02-08 21:39:54,currency,21.6,wallet
T003764,U02941,2026-03-10 10:10:01,booster,6.57,card
T003765,U02941,2026-03-07 07:56:16,cosmetic,6.78,card
T003766,U02951,2026-01-08 04:52:21,cosmetic,10.01,card
T003767,U02951,2026-01-25 22:20:30,currency,16.09,wallet
T003768,U02951,2026-01-02 14:46:50,cosmetic,10.79,wallet
T003769,U02951,2026-01-14 18:47:25,cosmetic,4.76,card
T003770,U02951,2026-01-30 20:39:37,cosmetic,7.68,card
T003771,U02952,2026-02-16 06:46:27,currency,19.5,card
T003772,U02952,2026-02-08 12:06:53,cosmetic,6.27,card
T003773,U02956,2026-03-08 22:58:54,expansion,30.71,wallet
T003774,U02956,2026-03-30 12:35:22,cosmetic,9.55,wallet
T003775,U02956,2026-03-09 17:02:49,expansion,21.8,wallet
T003776,U02956,2026-03-25 16:19:17,expansion,15.94,wallet
T003777,U02956,2026-03-13 07:09:00,battlepass,21.49,card
T003778,U02957,2026-01-12 18:35:30,cosmetic,4.41,wallet
T003779,U02957,2026-01-26 21:37:20,expansion,30.65,card
T003780,U02957,2026-01-29 03:01:42,battlepass,8.42,wallet
T003781,U02957,2026-01-15 15:52:18,booster,6.39,wallet
T003782,U02960,2026-02-18 09:14:25,cosmetic,6.02,card
T003783,U02960,2026-02-15 16:58:01,booster,5.3,card
T003784,U02961,2026-03-09 11:08:16,cosmetic,5.2,wallet
T003785,U02961,2026-03-22 17:47:59,expansion,28.56,wallet
T003786,U02961,2026-03-05 02:32:50,expansion,16.33,wallet
T003787,U02964,2026-01-16 18:46:36,cosmetic,6.38,card
T003788,U02964,2026-01-27 02:05:27,cosmetic,8.78,wallet
T003789,U02964,2026-01-10 18:41:43,cosmetic,9.96,card
T003790,U02965,2026-03-06 19:33:22,battlepass,11.35,card
T003791,U02965,2026-02-24 19:45:14,currency,8.79,card
T003792,U02965,2026-02-14 11:52:45,booster,4.53,card
T003793,U02965,2026-02-15 15:36:59,booster,2.54,card
T003794,U02967,2026-02-03 20:44:35,cosmetic,9.53,wallet
T003795,U02967,2026-02-08 14:46:23,currency,9.53,wallet
T003796,U02967,2026-02-02 04:05:23,cosmetic,9.07,wallet
T003797,U02971,2026-02-13 13:09:52,booster,4.9,wallet
T003798,U02971,2026-02-21 22:41:04,expansion,23.86,wallet
T003799,U02976,2026-02-12 19:49:44,cosmetic,4.8,card
T003800,U02976,2026-02-26 23:59:13,booster,4.94,card
T003801,U02976,2026-02-01 19:14:41,booster,2.98,card
T003802,U02978,2026-03-07 17:47:56,cosmetic,6.85,card
T003803,U02980,2026-02-18 15:37:31,cosmetic,10.2,wallet
T003804,U02980,2026-02-15 21:22:34,expansion,12.76,wallet
T003805,U02980,2026-02-19 05:03:59,expansion,15.44,wallet
T003806,U02980,2026-02-25 12:00:41,booster,2.45,wallet
T003807,U02986,2026-02-14 00:51:30,expansion,26.77,card
T003808,U02990,2026-02-11 23:03:52,cosmetic,4.83,card
T003809,U02990,2026-02-10 23:41:47,cosmetic,9.74,wallet
T003810,U02990,2026-02-10 21:32:45,cosmetic,6.4,card
T003811,U02990,2026-02-15 00:27:29,cosmetic,6.05,wallet
T003812,U02990,2026-02-04 19:19:25,cosmetic,8.2,wallet
T003813,U02992,2026-02-12 18:47:04,cosmetic,6.22,card
T003814,U02993,2026-01-15 20:43:49,cosmetic,7.09,wallet
T003815,U02993,2026-01-25 03:00:22,booster,6.21,card
T003816,U02993,2026-02-02 14:12:56,cosmetic,7.88,card
T003817,U02998,2026-01-22 08:27:25,booster,4.0,card
T003818,U03000,2026-02-17 07:02:04,booster,4.75,wallet
T003819,U03001,2026-02-28 07:43:44,cosmetic,4.52,wallet
T003820,U03002,2026-02-25 13:04:53,expansion,16.68,wallet
T003821,U03002,2026-02-22 06:42:35,booster,6.34,card
T003822,U03004,2026-02-28 12:24:58,currency,14.65,card
T003823,U03004,2026-03-03 20:32:54,expansion,32.38,card
T003824,U03004,2026-03-13 23:40:37,booster,3.64,wallet
T003825,U03004,2026-03-12 01:43:22,booster,4.47,wallet
T003826,U03004,2026-03-17 02:44:21,currency,8.32,card
T003827,U03005,2026-03-06 10:55:59,battlepass,10.9,wallet
T003828,U03005,2026-02-19 04:41:37,currency,12.79,wallet
T003829,U03005,2026-02-12 21:57:10,cosmetic,5.34,wallet
T003830,U03006,2026-02-07 19:49:09,battlepass,14.26,wallet
T003831,U03006,2026-01-27 21:30:55,cosmetic,4.13,wallet
T003832,U03010,2026-02-19 07:52:44,currency,8.17,card
T003833,U03010,2026-03-14 00:55:02,cosmetic,6.71,card
T003834,U03011,2026-02-11 07:44:08,cosmetic,8.04,card
T003835,U03011,2026-02-09 04:44:20,cosmetic,9.52,card
T003836,U03016,2026-02-13 21:03:20,cosmetic,10.84,card
T003837,U03016,2026-02-25 12:58:12,expansion,25.64,card
T003838,U03017,2026-02-14 18:39:41,booster,5.25,card
T003839,U03017,2026-02-18 10:41:05,cosmetic,5.47,wallet
T003840,U03017,2026-02-06 15:15:47,expansion,30.16,card
T003841,U03018,2026-01-21 17:50:36,cosmetic,5.77,card
T003842,U03018,2026-01-20 21:27:57,battlepass,16.52,wallet
T003843,U03018,2026-01-17 10:21:02,cosmetic,4.42,wallet
T003844,U03020,2026-03-07 20:35:10,cosmetic,4.16,wallet
T003845,U03020,2026-02-18 01:50:29,booster,3.93,card
T003846,U03026,2026-02-28 15:59:13,battlepass,15.15,card
T003847,U03026,2026-02-07 03:46:29,cosmetic,8.39,card
T003848,U03026,2026-02-10 14:54:13,cosmetic,4.42,card
T003849,U03027,2026-01-29 00:36:08,cosmetic,6.29,card
T003850,U03027,2026-01-31 13:40:10,booster,4.71,wallet
T003851,U03028,2026-03-09 08:12:33,booster,4.55,card
T003852,U03028,2026-02-26 11:32:01,cosmetic,7.68,card
T003853,U03029,2026-02-12 17:46:13,booster,6.33,card
T003854,U03029,2026-01-30 01:06:41,booster,5.82,card
T003855,U03029,2026-02-08 12:17:42,cosmetic,8.71,card
T003856,U03032,2026-02-01 11:27:51,expansion,26.47,card
T003857,U03032,2026-01-24 04:17:17,expansion,25.05,card
T003858,U03032,2026-01-28 23:06:33,battlepass,11.07,card
T003859,U03036,2026-03-24 05:54:46,expansion,13.2,card
T003860,U03036,2026-03-22 05:38:15,booster,3.83,card
T003861,U03040,2026-01-28 15:23:56,cosmetic,4.25,card
T003862,U03040,2026-01-24 12:06:24,cosmetic,7.78,card
T003863,U03040,2026-02-06 05:41:31,cosmetic,9.81,card
T003864,U03040,2026-02-02 18:52:28,booster,4.36,card
T003865,U03040,2026-01-20 10:28:54,booster,4.66,card
T003866,U03045,2026-01-30 02:51:56,cosmetic,5.51,card
T003867,U03045,2026-02-01 18:40:07,cosmetic,10.16,card
T003868,U03045,2026-01-21 14:44:43,battlepass,20.02,card
T003869,U03046,2026-03-23 13:02:12,currency,20.15,wallet
T003870,U03046,2026-03-05 15:19:26,currency,16.09,card
T003871,U03046,2026-03-05 17:55:16,cosmetic,5.53,wallet
T003872,U03049,2026-02-09 14:00:13,cosmetic,5.53,card
T003873,U03049,2026-01-19 19:44:44,currency,10.83,card
T003874,U03049,2026-01-17 19:52:26,expansion,30.35,card
T003875,U03050,2026-03-06 22:02:30,cosmetic,10.83,card
T003876,U03050,2026-02-25 07:01:47,booster,2.9,wallet
T003877,U03050,2026-02-26 04:50:09,expansion,17.7,card
T003878,U03053,2026-02-20 06:10:17,cosmetic,9.33,card
T003879,U03057,2026-02-28 04:34:02,expansion,29.68,card
T003880,U03057,2026-03-16 16:25:45,cosmetic,8.07,card
T003881,U03057,2026-03-06 21:43:40,cosmetic,6.3,card
T003882,U03058,2026-02-07 23:59:18,cosmetic,7.33,card
T003883,U03058,2026-01-14 20:13:52,battlepass,10.82,card
T003884,U03058,2026-02-02 02:13:29,cosmetic,5.77,card
T003885,U03058,2026-02-03 14:18:54,battlepass,16.36,card
T003886,U03058,2026-02-04 16:58:06,currency,9.4,card
T003887,U03061,2026-02-05 08:34:01,cosmetic,8.76,card
T003888,U03067,2026-03-09 05:16:45,cosmetic,5.37,card
T003889,U03067,2026-03-20 08:59:27,booster,4.76,card
T003890,U03071,2026-02-20 03:53:24,battlepass,17.71,wallet
T003891,U03072,2026-02-24 20:18:40,currency,11.74,card
T003892,U03073,2026-01-30 08:00:12,expansion,25.36,card
T003893,U03073,2026-02-09 21:20:19,battlepass,14.96,wallet
T003894,U03074,2026-02-19 23:46:56,cosmetic,10.76,card
T003895,U03074,2026-03-03 08:13:51,booster,4.42,card
T003896,U03075,2026-02-10 23:31:52,cosmetic,9.79,card
T003897,U03075,2026-02-09 01:13:23,battlepass,12.05,card
T003898,U03075,2026-02-06 02:37:37,expansion,14.58,card
T003899,U03077,2026-01-17 14:35:54,cosmetic,5.96,card
T003900,U03077,2026-01-21 17:18:25,battlepass,18.88,wallet
T003901,U03078,2026-03-03 20:53:35,booster,5.94,card
T003902,U03078,2026-02-19 07:58:58,cosmetic,10.32,card
T003903,U03079,2026-02-08 05:36:11,expansion,25.33,card
T003904,U03079,2026-01-15 21:20:17,booster,3.63,card
T003905,U03080,2026-02-09 20:23:41,currency,15.32,wallet
T003906,U03080,2026-02-21 11:04:52,booster,4.31,wallet
T003907,U03080,2026-02-16 15:28:16,cosmetic,10.33,card
T003908,U03080,2026-02-01 08:51:06,currency,9.9,wallet
T003909,U03082,2026-03-09 16:40:33,booster,4.73,wallet
T003910,U03082,2026-02-22 08:30:25,expansion,30.42,wallet
T003911,U03082,2026-02-23 11:24:51,battlepass,15.79,card
T003912,U03082,2026-03-10 22:49:54,cosmetic,4.71,wallet
T003913,U03083,2026-02-10 15:40:58,cosmetic,4.32,card
T003914,U03083,2026-01-17 15:50:18,cosmetic,6.57,card
T003915,U03083,2026-02-08 19:11:01,cosmetic,5.32,card
T003916,U03083,2026-02-08 00:01:32,booster,5.48,card
T003917,U03083,2026-01-29 04:32:28,booster,2.39,card
T003918,U03085,2026-01-28 23:42:29,battlepass,8.56,wallet
T003919,U03085,2026-01-28 05:04:32,booster,3.37,wallet
T003920,U03085,2026-01-22 13:47:23,battlepass,13.29,card
T003921,U03085,2026-02-01 01:19:10,cosmetic,7.0,wallet
T003922,U03085,2026-02-08 07:44:10,cosmetic,6.65,card
T003923,U03086,2026-02-18 09:25:36,booster,5.9,card
T003924,U03088,2026-01-23 09:47:08,cosmetic,5.87,wallet
T003925,U03088,2026-02-04 18:17:51,expansion,23.08,card
T003926,U03088,2026-02-05 23:29:25,expansion,22.29,card
T003927,U03088,2026-01-20 21:20:27,booster,4.75,wallet
T003928,U03088,2026-02-03 10:04:35,currency,19.7,wallet
T003929,U03091,2026-02-02 23:02:38,currency,10.01,wallet
T003930,U03091,2026-01-26 17:04:39,cosmetic,4.23,wallet
T003931,U03091,2026-02-06 23:00:27,booster,5.62,card
T003932,U03091,2026-02-18 12:26:50,cosmetic,10.8,card
T003933,U03091,2026-02-08 07:41:36,booster,4.1,card
T003934,U03092,2026-01-28 07:57:31,expansion,22.78,card
T003935,U03092,2026-01-26 03:14:13,battlepass,8.4,card
T003936,U03092,2026-02-10 16:09:06,booster,6.52,card
T003937,U03097,2026-02-04 11:23:17,battlepass,12.74,wallet
T003938,U03097,2026-01-11 04:54:50,currency,10.6,wallet
T003939,U03097,2026-02-05 16:21:49,booster,6.12,wallet
T003940,U03097,2026-01-17 19:15:43,currency,18.67,wallet
T003941,U03098,2026-01-19 00:29:30,booster,3.77,wallet
T003942,U03098,2026-01-27 08:52:15,booster,5.23,card
T003943,U03101,2026-02-13 00:00:50,expansion,17.89,card
T003944,U03101,2026-02-10 13:16:15,expansion,21.69,wallet
T003945,U03105,2026-03-06 04:10:01,expansion,32.42,wallet
T003946,U03113,2026-01-30 20:30:33,cosmetic,5.59,wallet
T003947,U03113,2026-01-16 19:48:55,booster,3.29,card
T003948,U03113,2026-01-29 21:54:12,expansion,17.47,wallet
T003949,U03113,2026-01-06 02:39:58,currency,17.93,wallet
T003950,U03114,2026-03-15 00:02:29,cosmetic,7.87,wallet
T003951,U03115,2026-02-18 03:17:15,booster,3.79,wallet
T003952,U03115,2026-01-30 15:33:26,cosmetic,9.8,card
T003953,U03115,2026-01-23 22:34:48,currency,21.15,wallet
T003954,U03115,2026-01-28 16:15:06,currency,16.25,wallet
T003955,U03116,2026-02-19 14:07:18,battlepass,9.54,card
T003956,U03116,2026-02-01 07:39:19,expansion,20.69,wallet
T003957,U03116,2026-02-14 06:09:40,battlepass,13.05,wallet
T003958,U03119,2026-01-16 20:39:01,currency,12.09,wallet
T003959,U03119,2026-01-25 19:13:43,cosmetic,7.23,card
T003960,U03119,2026-01-19 14:23:13,booster,4.48,card
T003961,U03119,2026-01-10 13:22:23,booster,2.78,wallet
T003962,U03119,2026-01-06 02:15:33,battlepass,15.38,wallet
T003963,U03120,2026-03-11 05:47:06,currency,20.38,wallet
T003964,U03120,2026-03-03 16:56:28,battlepass,11.09,card
T003965,U03121,2026-02-25 00:15:44,booster,2.43,card
T003966,U03121,2026-02-08 08:41:18,cosmetic,9.66,card
T003967,U03121,2026-02-12 18:50:17,booster,3.98,card
T003968,U03128,2026-02-28 23:39:06,expansion,31.61,wallet
T003969,U03129,2026-02-03 19:43:48,cosmetic,10.86,card
T003970,U03129,2026-02-09 08:34:40,cosmetic,5.16,card
T003971,U03130,2026-03-08 05:29:11,cosmetic,6.17,card
T003972,U03132,2026-02-23 23:13:20,expansion,31.74,wallet
T003973,U03134,2026-01-09 20:25:48,booster,6.04,card
T003974,U03136,2026-01-03 21:46:24,battlepass,19.32,card
T003975,U03142,2026-02-20 19:02:19,expansion,22.87,card
T003976,U03146,2026-03-02 18:36:41,booster,3.16,card
T003977,U03146,2026-02-06 13:14:13,expansion,19.24,card
T003978,U03146,2026-02-03 18:24:15,expansion,25.88,card
T003979,U03151,2026-03-10 00:30:26,cosmetic,7.95,card
T003980,U03151,2026-02-24 02:24:30,cosmetic,10.92,card
T003981,U03151,2026-03-11 10:16:10,expansion,29.67,wallet
T003982,U03152,2026-01-27 22:07:47,currency,20.47,wallet
T003983,U03152,2026-01-16 12:51:56,cosmetic,4.71,wallet
T003984,U03152,2026-01-14 03:01:08,cosmetic,8.13,wallet
T003985,U03155,2026-01-15 02:42:43,cosmetic,7.44,wallet
T003986,U03155,2026-01-16 04:27:01,cosmetic,7.14,wallet
T003987,U03155,2026-01-25 20:20:46,battlepass,19.38,wallet
T003988,U03155,2026-01-29 17:38:57,cosmetic,10.71,card
T003989,U03155,2026-01-05 10:35:34,currency,12.85,wallet
T003990,U03155,2026-01-18 06:47:15,cosmetic,4.42,card
T003991,U03156,2026-03-18 18:13:55,booster,6.55,wallet
T003992,U03156,2026-03-04 02:27:59,currency,20.03,wallet
T003993,U03156,2026-03-11 20:34:41,cosmetic,9.45,wallet
T003994,U03159,2026-02-14 02:51:29,currency,21.32,wallet
T003995,U03162,2026-03-21 22:24:53,cosmetic,5.58,wallet
T003996,U03165,2026-01-12 20:13:32,currency,15.52,card
T003997,U03165,2026-01-25 12:05:16,currency,21.89,card
T003998,U03165,2026-01-15 01:09:22,booster,2.97,card
T003999,U03167,2026-03-12 17:29:39,battlepass,12.81,card
T004000,U03167,2026-03-08 01:37:35,cosmetic,7.04,wallet
T004001,U03167,2026-03-10 03:29:01,expansion,14.25,wallet
T004002,U03167,2026-03-01 07:35:37,booster,5.69,wallet
T004003,U03168,2026-01-28 22:24:33,battlepass,19.64,card
T004004,U03168,2026-02-06 15:34:25,cosmetic,10.83,card
T004005,U03169,2026-02-24 07:57:58,currency,15.26,card
T004006,U03169,2026-03-20 04:51:04,cosmetic,4.58,card
T004007,U03169,2026-03-15 10:19:00,booster,5.56,card
T004008,U03172,2026-03-19 16:12:44,battlepass,8.39,wallet
T004009,U03172,2026-03-18 01:57:28,cosmetic,9.15,card
T004010,U03174,2026-01-28 10:55:00,booster,2.89,card
T004011,U03174,2026-02-19 00:04:23,cosmetic,5.56,card
T004012,U03175,2026-03-19 10:19:34,booster,4.24,card
T004013,U03176,2026-02-12 06:31:38,currency,11.13,wallet
T004014,U03176,2026-03-03 12:32:13,cosmetic,5.37,wallet
T004015,U03176,2026-02-12 02:17:46,currency,8.25,card
T004016,U03176,2026-02-18 15:32:32,cosmetic,4.53,card
T004017,U03177,2026-02-22 05:12:06,currency,13.37,card
T004018,U03177,2026-02-11 15:28:42,booster,6.05,wallet
T004019,U03180,2026-01-19 18:09:36,expansion,24.71,card
T004020,U03180,2026-01-20 00:38:45,battlepass,16.79,card
T004021,U03181,2026-02-08 18:52:31,currency,10.33,wallet
T004022,U03181,2026-01-17 04:02:17,booster,2.93,wallet
T004023,U03181,2026-01-25 03:45:36,battlepass,8.4,wallet
T004024,U03187,2026-02-26 19:20:58,booster,4.55,wallet
T004025,U03187,2026-03-06 11:53:32,currency,17.21,card
T004026,U03187,2026-03-14 06:37:32,cosmetic,9.93,wallet
T004027,U03190,2026-03-19 14:11:21,cosmetic,4.57,wallet
T004028,U03190,2026-03-21 18:51:43,booster,5.64,card
T004029,U03190,2026-03-10 17:33:36,booster,6.22,wallet
T004030,U03191,2026-01-05 15:03:46,cosmetic,4.31,wallet
T004031,U03191,2026-01-18 03:28:19,booster,5.25,wallet
T004032,U03191,2026-01-26 18:15:11,cosmetic,10.86,wallet
T004033,U03191,2026-01-30 00:45:50,cosmetic,7.92,card
T004034,U03191,2026-01-03 02:02:57,cosmetic,7.81,card
T004035,U03194,2026-01-25 09:41:53,cosmetic,10.73,card
T004036,U03200,2026-02-09 22:22:30,cosmetic,5.25,wallet
T004037,U03200,2026-01-27 10:56:15,booster,4.57,wallet
T004038,U03202,2026-02-27 21:40:10,booster,6.08,card
T004039,U03202,2026-03-07 00:39:51,cosmetic,6.88,wallet
T004040,U03204,2026-01-31 01:34:05,expansion,19.37,card
T004041,U03204,2026-01-13 08:22:33,cosmetic,10.92,card
T004042,U03204,2026-01-27 20:23:55,cosmetic,8.03,card
T004043,U03204,2026-02-04 00:51:58,cosmetic,10.23,card
T004044,U03205,2026-02-06 14:59:38,cosmetic,6.98,card
T004045,U03205,2026-01-20 12:20:46,booster,3.66,wallet
T004046,U03207,2026-03-07 02:41:29,currency,15.87,card
T004047,U03207,2026-03-29 03:13:45,booster,5.94,card
T004048,U03207,2026-03-08 18:13:13,cosmetic,4.51,card
T004049,U03216,2026-02-12 06:50:25,booster,6.5,wallet
T004050,U03216,2026-01-21 07:24:41,cosmetic,9.32,card
T004051,U03216,2026-02-04 07:01:01,booster,5.62,wallet
T004052,U03220,2026-02-12 08:15:26,cosmetic,5.9,card
T004053,U03220,2026-02-23 19:43:36,booster,3.6,card
T004054,U03220,2026-02-17 11:25:51,expansion,30.36,card
T004055,U03226,2026-03-17 15:13:12,battlepass,11.18,card
T004056,U03226,2026-02-16 18:33:16,cosmetic,9.46,wallet
T004057,U03227,2026-02-14 13:53:46,booster,5.69,wallet
T004058,U03227,2026-02-10 00:56:35,cosmetic,7.42,card
T004059,U03231,2026-03-21 01:09:55,currency,17.6,card
T004060,U03231,2026-03-02 12:28:03,currency,20.28,card
T004061,U03232,2026-02-05 13:48:32,currency,12.36,card
T004062,U03232,2026-01-29 08:15:08,cosmetic,5.12,card
T004063,U03234,2026-01-07 11:29:34,battlepass,16.33,card
T004064,U03234,2026-01-09 03:02:30,booster,6.37,card
T004065,U03236,2026-02-20 05:35:55,cosmetic,4.68,card
T004066,U03236,2026-02-09 00:15:18,cosmetic,5.87,wallet
T004067,U03239,2026-03-06 03:30:08,battlepass,12.31,wallet
T004068,U03239,2026-02-27 21:13:20,currency,12.15,card
T004069,U03239,2026-03-09 03:49:47,currency,15.98,wallet
T004070,U03239,2026-03-14 02:43:29,booster,4.99,card
T004071,U03243,2026-03-08 02:20:10,cosmetic,9.28,card
T004072,U03243,2026-03-13 05:22:36,currency,20.19,card
T004073,U03245,2026-02-25 23:25:12,booster,5.11,card
T004074,U03245,2026-03-01 19:59:38,cosmetic,4.44,wallet
T004075,U03245,2026-02-22 17:37:22,battlepass,19.58,card
T004076,U03245,2026-02-24 01:32:36,cosmetic,9.17,card
T004077,U03245,2026-03-11 06:53:25,cosmetic,9.68,wallet
T004078,U03245,2026-02-18 17:38:43,cosmetic,4.82,wallet
T004079,U03245,2026-02-13 00:08:42,cosmetic,10.5,wallet
T004080,U03246,2026-03-17 04:20:23,currency,11.7,card
T004081,U03246,2026-02-27 23:08:36,expansion,17.48,card
T004082,U03247,2026-03-12 08:13:39,cosmetic,10.61,card
T004083,U03247,2026-03-16 08:13:34,currency,8.51,card
T004084,U03247,2026-03-08 03:24:15,cosmetic,8.21,wallet
T004085,U03247,2026-03-04 10:28:52,booster,2.75,card
T004086,U03247,2026-03-12 08:34:50,booster,3.41,card
T004087,U03247,2026-02-27 16:50:43,cosmetic,8.63,wallet
T004088,U03248,2026-01-31 01:49:39,booster,3.08,card
T004089,U03248,2026-01-22 04:25:48,currency,11.39,card
T004090,U03248,2026-01-31 00:20:45,cosmetic,9.3,card
T004091,U03251,2026-02-12 12:50:31,booster,2.59,card
T004092,U03256,2026-01-28 20:50:37,booster,4.53,wallet
T004093,U03256,2026-02-07 09:57:01,currency,21.56,wallet
T004094,U03256,2026-01-23 22:30:45,battlepass,9.71,card
T004095,U03256,2026-01-15 12:40:43,booster,4.79,card
T004096,U03260,2026-01-31 11:23:50,cosmetic,7.47,card
T004097,U03260,2026-02-15 00:53:16,cosmetic,9.88,card
T004098,U03260,2026-02-05 10:47:43,booster,5.65,card
T004099,U03260,2026-02-20 18:24:42,cosmetic,5.56,card
T004100,U03261,2026-01-27 02:12:08,booster,6.55,card
T004101,U03265,2026-02-10 19:14:00,cosmetic,6.86,wallet
T004102,U03265,2026-02-12 02:53:17,cosmetic,6.12,card
T004103,U03265,2026-02-04 03:20:01,cosmetic,10.55,card
T004104,U03266,2026-03-09 11:43:09,battlepass,20.59,wallet
T004105,U03266,2026-02-08 18:38:30,battlepass,21.74,wallet
T004106,U03267,2026-03-05 01:48:33,expansion,28.39,card
T004107,U03267,2026-02-20 12:52:57,currency,16.2,card
T004108,U03267,2026-03-11 01:32:32,currency,20.09,card
T004109,U03269,2026-02-01 07:46:56,cosmetic,7.59,card
T004110,U03269,2026-01-29 09:36:42,currency,18.58,wallet
T004111,U03269,2026-02-03 10:15:05,currency,20.25,wallet
T004112,U03270,2026-03-16 13:24:14,battlepass,9.13,card
T004113,U03271,2026-02-01 18:10:18,cosmetic,5.9,card
T004114,U03271,2026-02-01 02:48:41,booster,5.02,wallet
T004115,U03271,2026-02-05 09:13:13,cosmetic,4.71,wallet
T004116,U03271,2026-02-08 20:37:48,expansion,14.02,wallet
T004117,U03272,2026-02-04 18:25:37,booster,6.48,wallet
T004118,U03272,2026-02-12 20:41:50,battlepass,18.69,wallet
T004119,U03272,2026-02-09 10:20:27,battlepass,20.13,wallet
T004120,U03272,2026-01-27 08:09:25,cosmetic,6.11,wallet
T004121,U03272,2026-02-02 12:15:11,expansion,25.17,wallet
T004122,U03272,2026-01-30 21:30:11,cosmetic,4.64,wallet
T004123,U03274,2026-02-11 13:58:28,cosmetic,8.48,card
T004124,U03274,2026-02-20 04:50:11,battlepass,18.79,card
T004125,U03274,2026-01-25 12:07:10,cosmetic,10.91,card
T004126,U03275,2026-02-12 20:07:53,cosmetic,4.22,card
T004127,U03275,2026-01-26 19:34:08,expansion,20.35,card
T004128,U03275,2026-02-10 07:17:58,booster,5.83,card
T004129,U03275,2026-01-18 11:09:57,cosmetic,8.79,card
T004130,U03275,2026-02-10 13:01:44,booster,3.95,card
T004131,U03276,2026-03-21 14:31:29,expansion,29.78,wallet
T004132,U03276,2026-03-07 02:17:18,battlepass,8.43,card
T004133,U03276,2026-02-26 00:00:33,battlepass,9.91,wallet
T004134,U03279,2026-03-19 00:07:05,cosmetic,5.56,card
T004135,U03279,2026-03-26 00:25:23,booster,6.36,card
T004136,U03279,2026-03-18 10:11:17,booster,5.23,card
T004137,U03280,2026-03-07 15:18:02,expansion,15.58,wallet
T004138,U03280,2026-03-03 03:05:42,cosmetic,7.09,wallet
T004139,U03283,2026-03-06 21:34:39,cosmetic,4.75,card
T004140,U03283,2026-03-16 16:17:50,cosmetic,6.07,card
T004141,U03283,2026-02-28 03:33:26,booster,4.26,card
T004142,U03283,2026-03-18 23:03:09,booster,3.23,card
T004143,U03284,2026-02-03 18:49:33,cosmetic,10.92,card
T004144,U03284,2026-01-07 10:48:18,expansion,23.14,wallet
T004145,U03284,2026-01-20 11:17:37,battlepass,18.68,card
T004146,U03284,2026-01-22 18:10:51,expansion,20.62,wallet
T004147,U03284,2026-01-07 07:33:47,currency,20.07,wallet
T004148,U03284,2026-01-16 13:55:01,booster,4.64,card
T004149,U03284,2026-01-24 21:11:05,currency,15.96,card
T004150,U03284,2026-01-09 17:37:57,cosmetic,6.44,wallet
T004151,U03284,2026-02-04 12:34:30,expansion,24.18,wallet
T004152,U03287,2026-01-21 11:09:01,cosmetic,6.01,card
T004153,U03287,2026-02-04 14:26:05,booster,5.09,card
T004154,U03289,2026-01-17 08:13:37,booster,3.47,wallet
T004155,U03289,2026-01-24 22:51:13,currency,16.63,wallet
T004156,U03289,2026-01-28 02:43:57,cosmetic,7.94,wallet
T004157,U03289,2026-02-06 00:55:31,cosmetic,8.37,wallet
T004158,U03292,2026-02-18 22:07:56,cosmetic,5.53,wallet
T004159,U03292,2026-02-15 20:56:20,expansion,18.89,wallet
T004160,U03292,2026-02-22 13:30:50,currency,12.49,wallet
T004161,U03292,2026-01-29 16:57:04,currency,11.59,card
T004162,U03295,2026-01-22 07:53:35,expansion,20.67,card
T004163,U03295,2026-01-21 02:44:59,cosmetic,4.06,card
T004164,U03295,2026-01-30 06:36:55,expansion,12.77,card
T004165,U03295,2026-02-01 04:37:45,cosmetic,4.78,card
T004166,U03296,2026-03-13 05:51:47,currency,10.52,wallet
T004167,U03296,2026-02-18 15:29:46,booster,4.88,card
T004168,U03297,2026-01-29 18:28:03,expansion,30.41,wallet
T004169,U03297,2026-01-14 02:11:08,expansion,24.28,card
T004170,U03297,2026-01-23 20:28:46,cosmetic,5.79,card
T004171,U03297,2026-02-09 18:39:12,cosmetic,6.72,wallet
T004172,U03298,2026-03-02 23:14:56,expansion,23.48,card
T004173,U03298,2026-03-21 12:52:11,battlepass,13.02,wallet
T004174,U03298,2026-02-25 06:18:24,booster,4.78,card
T004175,U03299,2026-02-27 08:26:02,expansion,31.74,card
T004176,U03299,2026-02-12 06:32:27,booster,5.71,wallet
T004177,U03299,2026-02-24 08:46:21,cosmetic,8.16,wallet
T004178,U03302,2026-01-25 13:57:38,booster,3.06,card
T004179,U03302,2026-02-01 04:23:01,battlepass,17.15,card
T004180,U03302,2026-01-16 18:20:00,currency,17.47,card
T004181,U03302,2026-02-06 20:24:11,cosmetic,10.55,card
T004182,U03302,2026-01-22 04:52:10,battlepass,21.57,card
T004183,U03304,2026-01-17 08:30:08,booster,5.72,card
T004184,U03307,2026-02-04 01:06:53,cosmetic,7.79,card
T004185,U03307,2026-01-22 07:46:02,currency,16.28,wallet
T004186,U03307,2026-02-05 07:21:33,cosmetic,7.42,wallet
T004187,U03309,2026-01-08 01:49:18,battlepass,20.11,card
T004188,U03309,2026-01-07 07:59:16,currency,13.19,wallet
T004189,U03309,2026-01-06 13:47:03,booster,5.63,wallet
T004190,U03309,2026-01-15 10:18:24,currency,9.93,wallet
T004191,U03310,2026-03-21 16:54:34,currency,18.98,wallet
T004192,U03311,2026-02-18 15:41:45,cosmetic,8.63,wallet
T004193,U03311,2026-02-04 04:59:18,booster,2.67,card
T004194,U03311,2026-02-07 04:11:03,currency,9.79,card
T004195,U03312,2026-02-09 16:10:51,booster,6.51,card
T004196,U03312,2026-01-29 05:33:20,cosmetic,9.15,wallet
T004197,U03312,2026-02-19 05:28:57,expansion,32.61,card
T004198,U03312,2026-02-06 07:47:13,cosmetic,7.48,card
T004199,U03313,2026-03-06 22:59:09,cosmetic,5.01,card
T004200,U03314,2026-01-22 06:50:25,expansion,13.01,card
T004201,U03314,2026-02-02 13:12:12,cosmetic,5.45,card
T004202,U03318,2026-02-15 00:11:01,cosmetic,7.55,card
T004203,U03323,2026-03-16 19:13:56,cosmetic,9.24,wallet
T004204,U03323,2026-02-18 15:47:07,currency,11.58,wallet
T004205,U03323,2026-02-18 13:56:28,cosmetic,6.1,wallet
T004206,U03324,2026-03-05 05:29:21,expansion,12.79,card
T004207,U03324,2026-03-04 04:23:03,cosmetic,8.71,card
T004208,U03324,2026-02-13 03:48:23,booster,5.59,card
T004209,U03324,2026-03-09 17:04:38,expansion,22.97,card
T004210,U03328,2026-01-28 23:01:28,currency,20.16,card
T004211,U03329,2026-02-08 17:08:18,cosmetic,9.05,wallet
T004212,U03329,2026-02-21 23:59:02,currency,8.46,card
T004213,U03329,2026-02-19 14:42:07,cosmetic,5.73,wallet
T004214,U03331,2026-02-19 01:29:00,cosmetic,5.09,card
T004215,U03331,2026-02-28 17:55:43,booster,2.98,card
T004216,U03331,2026-03-04 15:50:40,cosmetic,6.36,card
T004217,U03335,2026-01-24 06:37:15,cosmetic,4.87,card
T004218,U03335,2026-01-07 23:18:30,cosmetic,10.0,wallet
T004219,U03335,2026-01-05 03:32:19,currency,10.3,card
T004220,U03335,2026-01-27 07:44:25,cosmetic,7.86,card
T004221,U03335,2026-02-03 14:53:14,booster,2.73,card
T004222,U03336,2026-02-03 14:29:32,cosmetic,9.88,card
T004223,U03336,2026-01-15 15:05:53,cosmetic,6.84,card
T004224,U03340,2026-02-24 03:13:53,booster,3.57,card
T004225,U03340,2026-03-10 18:20:11,cosmetic,4.37,card
T004226,U03340,2026-03-02 18:18:25,expansion,17.96,card
T004227,U03341,2026-02-11 20:39:22,battlepass,15.28,card
T004228,U03341,2026-02-21 07:10:48,cosmetic,5.98,card
T004229,U03342,2026-01-22 21:49:58,currency,12.86,wallet
T004230,U03348,2026-01-28 00:17:36,expansion,16.6,card
T004231,U03348,2026-01-22 16:21:57,currency,18.26,card
T004232,U03348,2026-02-02 22:24:39,expansion,30.29,wallet
T004233,U03348,2026-01-20 12:33:49,booster,4.29,wallet
T004234,U03348,2026-01-16 19:25:22,cosmetic,9.98,card
T004235,U03351,2026-01-17 06:01:14,cosmetic,8.97,wallet
T004236,U03353,2026-01-25 03:29:34,cosmetic,7.04,card
T004237,U03354,2026-03-04 03:38:20,booster,6.29,card
T004238,U03354,2026-02-24 02:21:05,booster,2.58,card
T004239,U03356,2026-01-29 10:25:08,currency,16.71,card
T004240,U03356,2026-02-17 17:43:57,battlepass,11.38,card
T004241,U03357,2026-01-07 02:59:47,cosmetic,6.63,card
T004242,U03357,2026-01-13 06:32:37,cosmetic,8.37,card
T004243,U03362,2026-02-26 02:38:20,cosmetic,9.76,card
T004244,U03362,2026-02-21 18:49:46,cosmetic,8.31,card
T004245,U03362,2026-02-19 23:57:21,battlepass,18.72,card
T004246,U03363,2026-02-01 05:24:36,cosmetic,7.64,card
T004247,U03363,2026-01-09 13:26:53,cosmetic,8.2,card
T004248,U03366,2026-02-16 10:02:57,cosmetic,9.52,card
T004249,U03366,2026-03-09 01:50:10,currency,11.25,wallet
T004250,U03366,2026-03-07 18:19:52,cosmetic,8.27,card
T004251,U03367,2026-02-10 21:09:08,cosmetic,10.66,wallet
T004252,U03367,2026-02-09 16:00:04,expansion,27.23,card
T004253,U03368,2026-02-12 05:25:29,cosmetic,4.92,card
T004254,U03368,2026-02-04 07:36:54,cosmetic,9.41,card
T004255,U03368,2026-02-07 12:52:53,battlepass,11.92,card
T004256,U03369,2026-02-13 03:32:37,cosmetic,9.34,wallet
T004257,U03371,2026-03-23 12:18:34,expansion,28.44,card
T004258,U03371,2026-03-18 07:07:30,cosmetic,9.39,card
T004259,U03374,2026-02-21 09:18:57,cosmetic,5.22,card
T004260,U03374,2026-02-23 23:10:44,cosmetic,4.66,wallet
T004261,U03377,2026-02-20 23:20:10,expansion,12.86,card
T004262,U03377,2026-02-27 20:52:07,currency,14.87,card
T004263,U03377,2026-02-02 11:16:36,expansion,25.65,card
T004264,U03377,2026-02-25 02:53:21,cosmetic,10.58,card
T004265,U03377,2026-02-16 04:26:53,booster,4.09,card
T004266,U03377,2026-02-28 13:04:25,currency,13.38,card
T004267,U03379,2026-03-02 05:13:42,cosmetic,6.38,wallet
T004268,U03379,2026-02-21 20:58:31,booster,5.57,wallet
T004269,U03380,2026-02-10 03:10:15,cosmetic,10.82,card
T004270,U03380,2026-02-04 07:05:40,cosmetic,10.9,wallet
T004271,U03382,2026-02-24 21:42:45,cosmetic,7.42,card
T004272,U03382,2026-03-18 19:06:48,expansion,25.64,wallet
T004273,U03383,2026-03-22 09:36:10,cosmetic,10.18,wallet
T004274,U03383,2026-03-06 13:58:48,currency,16.0,card
T004275,U03383,2026-03-25 20:16:41,booster,5.74,wallet
T004276,U03383,2026-03-23 02:13:01,booster,3.78,wallet
T004277,U03383,2026-03-15 17:55:49,cosmetic,9.33,card
T004278,U03384,2026-03-13 19:55:28,cosmetic,8.67,card
T004279,U03384,2026-03-05 20:32:09,booster,6.34,card
T004280,U03385,2026-03-03 04:17:10,expansion,14.57,card
T004281,U03385,2026-02-20 06:51:35,cosmetic,9.73,card
T004282,U03385,2026-02-25 11:13:32,booster,3.51,card
T004283,U03386,2026-01-19 20:56:16,battlepass,9.66,card
T004284,U03386,2026-02-09 14:15:37,cosmetic,5.92,card
T004285,U03388,2026-03-11 11:38:11,expansion,30.23,card
T004286,U03388,2026-03-07 10:07:14,expansion,23.89,card
T004287,U03388,2026-03-01 16:33:51,cosmetic,8.02,card
T004288,U03389,2026-02-03 19:31:04,currency,21.09,wallet
T004289,U03389,2026-02-12 09:00:27,expansion,15.64,wallet
T004290,U03390,2026-03-05 14:44:09,cosmetic,4.21,card
T004291,U03390,2026-02-16 19:48:12,booster,3.75,wallet
T004292,U03391,2026-02-14 14:45:44,booster,6.45,card
T004293,U03391,2026-02-10 09:21:40,expansion,15.12,card
T004294,U03391,2026-02-01 01:21:39,battlepass,14.0,card
T004295,U03393,2026-03-01 20:42:16,cosmetic,7.72,card
T004296,U03395,2026-02-09 14:20:40,cosmetic,5.25,card
T004297,U03395,2026-01-21 19:52:39,cosmetic,7.53,card
T004298,U03395,2026-02-16 05:11:42,cosmetic,4.5,card
T004299,U03396,2026-02-22 19:46:25,battlepass,15.16,card
T004300,U03396,2026-03-14 10:08:58,expansion,16.12,card
T004301,U03396,2026-03-15 03:49:58,cosmetic,8.8,card
T004302,U03396,2026-03-12 14:45:47,battlepass,14.58,card
T004303,U03397,2026-02-03 05:44:25,currency,16.78,card
T004304,U03397,2026-02-26 18:38:26,battlepass,19.95,card
T004305,U03397,2026-02-16 22:20:40,booster,3.02,card
T004306,U03397,2026-02-10 11:33:51,currency,21.79,wallet
T004307,U03397,2026-02-11 21:59:15,cosmetic,6.68,wallet
T004308,U03398,2026-03-12 18:09:56,booster,2.84,card
T004309,U03398,2026-03-08 06:11:53,cosmetic,4.95,wallet
T004310,U03398,2026-03-15 00:23:02,currency,20.01,wallet
T004311,U03400,2026-03-09 04:29:02,cosmetic,4.4,wallet
T004312,U03400,2026-02-20 12:05:26,battlepass,16.9,wallet
T004313,U03400,2026-03-10 13:33:11,cosmetic,4.43,wallet
T004314,U03400,2026-03-10 09:12:05,currency,8.36,wallet
T004315,U03401,2026-03-17 14:31:25,cosmetic,5.84,card
T004316,U03401,2026-03-02 08:41:45,booster,4.28,card
T004317,U03401,2026-03-10 05:22:23,expansion,16.46,card
T004318,U03403,2026-01-20 04:10:04,cosmetic,5.4,card
T004319,U03403,2026-02-05 11:06:12,cosmetic,7.13,card
T004320,U03403,2026-01-11 19:58:16,expansion,25.03,card
T004321,U03403,2026-01-22 17:12:13,currency,14.92,card
T004322,U03404,2026-03-21 19:27:53,currency,20.96,wallet
T004323,U03404,2026-03-13 23:59:06,cosmetic,9.16,wallet
T004324,U03406,2026-02-17 01:36:13,cosmetic,9.53,wallet
T004325,U03409,2026-02-17 15:26:13,currency,18.86,card
T004326,U03409,2026-02-22 14:33:18,cosmetic,10.26,card
T004327,U03410,2026-02-27 12:33:52,cosmetic,5.54,wallet
T004328,U03410,2026-02-25 17:01:09,battlepass,17.45,card
T004329,U03410,2026-02-02 09:38:22,currency,17.6,wallet
T004330,U03410,2026-02-18 14:35:50,booster,3.67,card
T004331,U03411,2026-01-16 03:40:55,cosmetic,6.53,card
T004332,U03412,2026-03-16 03:56:09,cosmetic,7.38,card
T004333,U03412,2026-03-15 01:57:20,currency,14.5,wallet
T004334,U03412,2026-03-06 16:49:20,battlepass,19.75,card
T004335,U03414,2026-01-06 16:07:15,booster,5.96,card
T004336,U03414,2026-01-12 07:27:33,booster,5.61,card
T004337,U03414,2026-01-27 15:18:55,currency,8.58,card
T004338,U03416,2026-01-25 13:10:42,battlepass,18.85,card
T004339,U03416,2026-01-28 17:42:20,currency,19.44,card
T004340,U03416,2026-01-31 00:13:53,cosmetic,5.14,card
T004341,U03416,2026-02-17 10:06:30,expansion,18.45,card
T004342,U03416,2026-01-27 21:13:01,cosmetic,5.1,card
T004343,U03416,2026-02-12 19:12:58,currency,11.84,card
T004344,U03416,2026-01-26 03:24:08,booster,3.02,card
T004345,U03417,2026-03-03 04:51:49,booster,4.08,wallet
T004346,U03417,2026-02-13 18:07:02,battlepass,12.9,wallet
T004347,U03419,2026-01-09 04:07:11,currency,17.88,card
T004348,U03419,2026-01-13 05:13:57,cosmetic,9.47,card
T004349,U03423,2026-02-15 23:52:02,cosmetic,6.08,card
T004350,U03423,2026-02-26 15:50:13,cosmetic,8.67,card
T004351,U03423,2026-02-21 06:46:20,booster,3.45,card
T004352,U03424,2026-01-26 19:34:47,booster,5.89,wallet
T004353,U03424,2026-02-05 08:03:44,booster,6.22,wallet
T004354,U03424,2026-02-13 06:46:03,booster,3.91,wallet
T004355,U03425,2026-02-09 07:04:50,expansion,30.77,card
T004356,U03425,2026-02-10 08:59:49,currency,17.56,card
T004357,U03425,2026-03-06 04:07:05,battlepass,17.58,card
T004358,U03434,2026-01-25 03:13:16,currency,13.97,card
T004359,U03434,2026-02-11 03:12:18,cosmetic,9.46,card
T004360,U03434,2026-02-13 18:01:54,battlepass,18.34,card
T004361,U03438,2026-02-19 20:23:56,expansion,13.45,card
T004362,U03439,2026-03-02 17:38:40,currency,13.63,wallet
T004363,U03439,2026-03-15 20:13:57,booster,5.7,wallet
T004364,U03439,2026-03-25 23:10:17,expansion,29.28,wallet
T004365,U03439,2026-03-16 18:39:19,currency,14.63,wallet
T004366,U03439,2026-03-07 10:05:42,booster,3.75,card
T004367,U03441,2026-03-19 01:25:25,cosmetic,10.04,wallet
T004368,U03441,2026-03-15 19:16:32,cosmetic,7.55,card
T004369,U03441,2026-03-27 21:22:46,booster,2.56,wallet
T004370,U03441,2026-03-21 20:38:03,cosmetic,7.03,wallet
T004371,U03441,2026-03-05 19:58:38,cosmetic,7.42,wallet
T004372,U03442,2026-01-06 02:24:41,currency,18.78,card
T004373,U03442,2026-01-12 12:39:59,cosmetic,7.45,wallet
T004374,U03442,2026-01-07 17:11:09,currency,13.5,card
T004375,U03445,2026-03-13 10:43:33,booster,3.53,card
T004376,U03448,2026-02-20 02:22:35,expansion,29.04,wallet
T004377,U03448,2026-03-01 09:35:27,cosmetic,9.3,wallet
T004378,U03448,2026-03-01 04:29:25,currency,8.49,wallet
T004379,U03452,2026-01-17 11:59:12,cosmetic,5.89,card
T004380,U03452,2026-01-08 14:43:08,currency,12.0,card
T004381,U03453,2026-02-14 14:59:06,booster,6.27,card
T004382,U03453,2026-02-11 00:31:01,cosmetic,4.96,card
T004383,U03453,2026-01-31 04:33:28,booster,5.16,card
T004384,U03456,2026-03-19 16:43:05,cosmetic,9.05,wallet
T004385,U03456,2026-03-05 21:35:50,cosmetic,6.57,card
T004386,U03457,2026-03-03 14:12:11,cosmetic,8.11,card
T004387,U03457,2026-02-25 23:04:40,battlepass,17.54,card
T004388,U03457,2026-02-18 14:25:23,expansion,25.48,wallet
T004389,U03457,2026-02-24 14:03:11,booster,2.41,card
T004390,U03457,2026-03-07 09:10:25,booster,2.74,wallet
T004391,U03457,2026-03-12 09:49:44,cosmetic,7.16,wallet
T004392,U03458,2026-01-21 07:19:29,currency,21.64,wallet
T004393,U03458,2026-01-31 04:59:44,currency,14.49,card
T004394,U03458,2026-01-13 01:56:40,cosmetic,10.79,wallet
T004395,U03461,2026-02-18 03:47:54,booster,5.1,card
T004396,U03462,2026-03-08 17:09:56,battlepass,13.65,wallet
T004397,U03462,2026-03-17 08:39:27,booster,3.82,card
T004398,U03463,2026-03-09 06:00:02,cosmetic,5.38,card
T004399,U03463,2026-02-23 08:41:09,cosmetic,4.37,card
T004400,U03463,2026-03-16 09:54:35,cosmetic,8.54,card
T004401,U03464,2026-01-19 16:42:27,expansion,13.95,wallet
T004402,U03464,2026-01-08 03:59:05,battlepass,21.02,wallet
T004403,U03466,2026-02-27 10:06:20,booster,5.98,wallet
T004404,U03468,2026-01-23 09:36:31,booster,5.32,wallet
T004405,U03470,2026-03-13 10:35:55,cosmetic,6.83,card
T004406,U03470,2026-03-04 05:25:22,cosmetic,10.12,card
T004407,U03473,2026-03-09 19:46:46,cosmetic,5.67,wallet
T004408,U03473,2026-02-14 12:45:35,cosmetic,4.71,card
T004409,U03473,2026-03-06 12:51:39,battlepass,20.82,card
T004410,U03476,2026-01-19 18:26:17,currency,18.53,card
T004411,U03476,2026-02-02 12:10:52,cosmetic,7.52,card
T004412,U03476,2026-01-26 01:04:31,cosmetic,5.1,card
T004413,U03476,2026-02-07 16:07:20,battlepass,15.76,card
T004414,U03477,2026-02-12 14:02:48,currency,14.01,card
T004415,U03477,2026-02-19 22:43:31,currency,10.67,card
T004416,U03477,2026-02-19 13:54:34,cosmetic,8.19,card
T004417,U03478,2026-02-21 05:55:15,expansion,26.9,card
T004418,U03478,2026-02-10 06:43:58,currency,8.69,card
T004419,U03479,2026-02-17 22:34:46,booster,4.64,wallet
T004420,U03479,2026-02-23 15:40:43,cosmetic,9.99,wallet
T004421,U03481,2026-03-17 06:52:29,currency,8.73,card
T004422,U03481,2026-02-27 14:10:17,currency,18.82,wallet
T004423,U03481,2026-03-17 23:11:50,currency,16.29,card
T004424,U03483,2026-03-03 22:51:29,currency,18.26,card
T004425,U03485,2026-02-21 23:56:48,cosmetic,10.02,wallet
T004426,U03488,2026-03-03 06:06:33,booster,5.22,wallet
T004427,U03488,2026-03-19 04:13:06,cosmetic,10.88,card
T004428,U03488,2026-03-02 21:17:23,booster,6.38,wallet
T004429,U03491,2026-01-28 09:52:09,cosmetic,6.94,wallet
T004430,U03491,2026-01-15 05:35:15,booster,6.1,card
T004431,U03493,2026-01-30 16:28:00,currency,17.47,card
T004432,U03493,2026-02-15 13:55:09,expansion,14.39,card
T004433,U03493,2026-02-14 13:05:54,battlepass,8.39,card
T004434,U03493,2026-01-29 07:33:52,booster,4.44,card
T004435,U03494,2026-02-27 03:06:51,battlepass,21.91,card
T004436,U03494,2026-02-16 19:28:59,currency,11.51,card
T004437,U03494,2026-03-03 15:02:51,cosmetic,9.79,card
T004438,U03495,2026-03-20 16:24:27,currency,17.74,card
T004439,U03495,2026-03-15 05:05:28,expansion,30.26,card
T004440,U03500,2026-02-16 07:13:29,booster,5.28,wallet
T004441,U03500,2026-02-12 19:20:35,booster,4.66,wallet
T004442,U03500,2026-02-03 01:53:36,booster,2.9,card
T004443,U03501,2026-01-17 22:22:19,booster,5.17,card
T004444,U03501,2026-01-23 14:26:28,cosmetic,4.95,card
T004445,U03501,2026-01-12 07:14:44,expansion,23.26,card
T004446,U03501,2026-01-04 00:58:20,expansion,26.86,card
T004447,U03502,2026-03-04 21:25:42,booster,2.56,card
T004448,U03502,2026-02-12 13:45:51,cosmetic,10.65,wallet
T004449,U03502,2026-02-15 19:24:08,cosmetic,7.67,wallet
T004450,U03503,2026-01-22 21:21:30,cosmetic,5.74,card
T004451,U03503,2026-02-04 11:51:42,cosmetic,9.9,wallet
T004452,U03503,2026-02-07 10:42:01,cosmetic,9.19,wallet
T004453,U03503,2026-02-06 03:44:49,battlepass,21.85,wallet
T004454,U03503,2026-01-25 01:21:48,currency,14.96,card
T004455,U03504,2026-01-16 06:57:18,cosmetic,10.5,card
T004456,U03504,2026-02-01 06:46:31,currency,13.66,card
T004457,U03507,2026-03-02 22:11:40,currency,19.08,card
T004458,U03507,2026-02-25 07:44:44,battlepass,11.1,wallet
T004459,U03507,2026-02-28 21:59:10,expansion,26.41,wallet
T004460,U03508,2026-02-28 12:57:56,booster,6.05,wallet
T004461,U03508,2026-03-09 19:42:22,cosmetic,7.6,wallet
T004462,U03510,2026-02-06 06:54:58,currency,20.17,wallet
T004463,U03510,2026-01-29 20:52:47,expansion,16.65,wallet
T004464,U03510,2026-02-17 18:41:05,cosmetic,4.47,wallet
T004465,U03510,2026-02-07 21:14:18,expansion,24.47,wallet
T004466,U03511,2026-03-16 13:07:11,cosmetic,4.03,card
T004467,U03511,2026-03-03 08:30:19,battlepass,17.21,card
T004468,U03514,2026-01-15 00:19:16,cosmetic,9.56,card
T004469,U03514,2026-01-21 11:57:06,cosmetic,8.01,wallet
T004470,U03514,2026-01-16 23:20:33,currency,19.43,wallet
T004471,U03514,2026-01-22 19:43:39,booster,5.34,wallet
T004472,U03514,2026-01-26 13:35:43,booster,4.03,card
T004473,U03514,2026-02-01 13:51:39,battlepass,13.29,card
T004474,U03514,2026-01-19 00:38:45,booster,6.19,card
T004475,U03516,2026-03-01 22:52:50,cosmetic,5.54,card
T004476,U03519,2026-03-10 06:44:03,currency,9.33,wallet
T004477,U03519,2026-02-20 19:08:33,expansion,13.05,card
T004478,U03519,2026-03-06 18:45:34,currency,21.2,card
T004479,U03519,2026-02-20 08:21:15,currency,16.71,card
T004480,U03519,2026-02-15 00:39:29,currency,8.62,wallet
T004481,U03522,2026-01-31 02:20:41,cosmetic,6.27,card
T004482,U03522,2026-02-17 10:08:06,booster,2.6,card
T004483,U03523,2026-03-06 06:39:16,cosmetic,5.05,wallet
T004484,U03523,2026-03-13 13:44:47,expansion,12.41,wallet
T004485,U03523,2026-03-03 01:59:34,expansion,27.75,card
T004486,U03524,2026-01-13 23:15:32,currency,12.97,wallet
T004487,U03524,2026-01-15 09:52:10,booster,6.31,wallet
T004488,U03524,2026-01-23 22:33:20,expansion,30.96,wallet
T004489,U03524,2026-01-12 17:28:25,booster,3.52,card
T004490,U03525,2026-02-10 07:59:51,cosmetic,4.2,card
T004491,U03525,2026-01-20 04:42:16,cosmetic,8.32,card
T004492,U03525,2026-02-12 07:25:18,expansion,17.03,card
T004493,U03527,2026-01-20 04:36:59,cosmetic,8.75,card
T004494,U03529,2026-01-13 20:11:53,battlepass,18.72,card
T004495,U03531,2026-02-17 15:19:55,booster,5.35,card
T004496,U03534,2026-03-23 11:02:43,cosmetic,10.4,card
T004497,U03534,2026-03-10 23:41:08,cosmetic,7.45,wallet
T004498,U03534,2026-03-22 10:47:35,cosmetic,7.17,wallet
T004499,U03535,2026-01-15 16:58:34,battlepass,8.39,card
T004500,U03535,2026-02-01 06:29:31,booster,4.31,card
T004501,U03536,2026-01-15 20:46:32,expansion,29.17,card
T004502,U03536,2026-01-26 07:10:08,booster,5.82,card
T004503,U03536,2026-01-12 06:45:08,cosmetic,6.76,card
T004504,U03536,2026-01-05 22:27:03,booster,5.09,card
T004505,U03537,2026-01-10 22:10:13,battlepass,15.53,card
T004506,U03537,2026-01-22 12:39:45,cosmetic,8.38,card
T004507,U03537,2026-01-16 01:05:32,cosmetic,8.88,card
T004508,U03537,2026-01-26 07:19:54,expansion,12.85,card
T004509,U03539,2026-02-15 02:53:36,cosmetic,8.53,card
T004510,U03540,2026-02-22 14:05:15,booster,3.83,wallet
T004511,U03542,2026-02-23 10:22:20,battlepass,20.81,card
T004512,U03543,2026-01-21 18:58:13,battlepass,16.46,card
T004513,U03543,2026-01-24 17:35:58,cosmetic,6.56,wallet
T004514,U03543,2026-01-28 10:43:33,currency,15.18,wallet
T004515,U03543,2026-01-23 11:44:25,cosmetic,4.3,wallet
T004516,U03543,2026-01-15 10:37:31,battlepass,17.6,card
T004517,U03543,2026-01-16 10:49:20,expansion,16.76,card
T004518,U03544,2026-03-07 05:02:46,cosmetic,8.65,card
T004519,U03546,2026-03-07 01:19:21,cosmetic,7.79,wallet
T004520,U03546,2026-02-13 19:32:46,booster,2.56,card
T004521,U03547,2026-02-03 04:04:22,cosmetic,5.46,card
T004522,U03548,2026-02-23 03:59:37,battlepass,21.23,wallet
T004523,U03548,2026-02-26 08:50:29,cosmetic,7.66,wallet
T004524,U03548,2026-02-26 12:13:08,expansion,22.69,wallet
T004525,U03549,2026-02-08 09:26:07,cosmetic,10.22,card
T004526,U03551,2026-01-27 01:30:10,battlepass,10.04,card
T004527,U03553,2026-03-07 12:31:12,cosmetic,5.5,card
T004528,U03553,2026-03-03 05:54:29,booster,4.42,card
T004529,U03553,2026-03-10 02:48:01,expansion,15.86,card
T004530,U03553,2026-03-03 17:16:06,cosmetic,4.12,card
T004531,U03559,2026-01-20 18:05:04,currency,19.96,card
T004532,U03559,2026-01-15 00:55:18,battlepass,14.85,wallet
T004533,U03565,2026-02-18 15:24:01,cosmetic,7.31,card
T004534,U03568,2026-01-27 17:22:21,cosmetic,7.48,card
T004535,U03570,2026-02-07 14:31:51,battlepass,10.53,card
T004536,U03570,2026-02-04 02:03:03,cosmetic,7.76,wallet
T004537,U03570,2026-02-04 21:01:56,cosmetic,8.91,wallet
T004538,U03570,2026-01-28 15:06:52,cosmetic,10.96,wallet
T004539,U03571,2026-03-18 16:16:56,cosmetic,5.04,card
T004540,U03571,2026-03-02 17:32:33,cosmetic,4.62,card
T004541,U03571,2026-03-05 13:15:11,booster,6.12,wallet
T004542,U03571,2026-03-13 10:29:51,expansion,13.45,card
T004543,U03571,2026-03-05 05:07:54,battlepass,18.91,wallet
T004544,U03572,2026-03-16 20:13:48,cosmetic,8.67,wallet
T004545,U03573,2026-03-11 00:44:20,currency,9.8,card
T004546,U03573,2026-02-16 16:40:10,cosmetic,10.32,card
T004547,U03573,2026-02-26 20:36:19,cosmetic,10.47,card
T004548,U03573,2026-02-23 22:48:30,booster,6.09,card
T004549,U03573,2026-03-08 12:13:20,battlepass,20.27,card
T004550,U03574,2026-01-24 15:31:27,booster,5.62,card
T004551,U03574,2026-01-29 15:45:46,cosmetic,7.04,card
T004552,U03574,2026-02-01 22:24:21,cosmetic,4.82,card
T004553,U03574,2026-01-24 05:59:21,cosmetic,4.29,card
T004554,U03575,2026-03-13 14:36:32,cosmetic,5.08,wallet
T004555,U03575,2026-03-06 10:25:46,expansion,18.73,wallet
T004556,U03575,2026-03-26 22:31:53,booster,3.61,wallet
T004557,U03575,2026-03-22 13:18:44,battlepass,13.52,wallet
T004558,U03575,2026-03-01 07:31:23,cosmetic,10.2,card
T004559,U03579,2026-03-05 00:03:20,booster,5.9,wallet
T004560,U03579,2026-02-27 21:26:49,currency,16.08,wallet
T004561,U03579,2026-03-06 07:49:48,cosmetic,10.52,wallet
T004562,U03579,2026-03-12 07:30:18,cosmetic,9.39,wallet
T004563,U03579,2026-03-05 04:46:24,cosmetic,5.1,card
T004564,U03581,2026-02-27 08:25:54,currency,8.44,wallet
T004565,U03581,2026-02-25 23:49:48,booster,6.5,wallet
T004566,U03582,2026-02-28 12:52:53,currency,21.4,card
T004567,U03582,2026-02-22 13:08:47,booster,6.2,card
T004568,U03584,2026-01-22 10:42:53,cosmetic,5.15,card
T004569,U03584,2026-02-07 15:56:41,currency,10.38,card
T004570,U03585,2026-02-22 07:28:06,battlepass,11.23,wallet
T004571,U03589,2026-03-06 10:28:54,cosmetic,8.55,card
T004572,U03589,2026-02-27 08:56:25,cosmetic,9.0,wallet
T004573,U03590,2026-03-04 22:48:39,booster,3.88,card
T004574,U03590,2026-03-09 08:07:08,booster,2.55,card
T004575,U03590,2026-03-22 00:21:19,expansion,15.89,card
T004576,U03592,2026-01-24 11:57:16,cosmetic,9.97,wallet
T004577,U03592,2026-01-30 00:03:31,battlepass,20.96,wallet
T004578,U03592,2026-01-18 10:40:39,cosmetic,9.58,card
T004579,U03593,2026-03-09 18:10:56,cosmetic,10.93,wallet
T004580,U03593,2026-03-29 20:12:16,currency,21.22,wallet
T004581,U03593,2026-03-17 07:18:20,cosmetic,9.43,wallet
T004582,U03593,2026-03-18 23:30:25,booster,4.17,card
T004583,U03595,2026-02-03 15:48:01,cosmetic,10.28,card
T004584,U03595,2026-01-17 10:41:57,expansion,19.53,card
T004585,U03595,2026-02-05 07:34:45,cosmetic,5.72,wallet
T004586,U03598,2026-02-14 11:26:57,cosmetic,4.71,card
T004587,U03598,2026-02-14 01:35:55,booster,4.95,card
T004588,U03598,2026-02-06 19:06:05,cosmetic,10.66,card
T004589,U03598,2026-02-15 00:27:04,expansion,25.56,card
T004590,U03599,2026-02-14 08:59:53,cosmetic,8.26,wallet
T004591,U03599,2026-01-29 22:24:17,cosmetic,6.4,wallet
T004592,U03599,2026-01-29 20:15:04,cosmetic,7.44,wallet
T004593,U03599,2026-02-01 08:52:56,currency,8.18,card
T004594,U03599,2026-01-29 01:57:27,booster,5.05,wallet
T004595,U03600,2026-03-06 07:34:54,currency,18.4,card
T004596,U03601,2026-02-22 05:54:30,cosmetic,6.89,card
T004597,U03606,2026-02-02 07:10:41,cosmetic,7.34,card
T004598,U03606,2026-01-26 12:43:04,currency,8.32,card
T004599,U03613,2026-02-24 09:11:45,cosmetic,6.91,card
T004600,U03613,2026-02-07 08:22:43,cosmetic,4.07,card
T004601,U03613,2026-03-05 05:10:24,battlepass,21.72,card
T004602,U03616,2026-02-20 12:52:09,expansion,28.27,card
T004603,U03616,2026-02-22 18:31:18,expansion,23.25,card
T004604,U03616,2026-01-30 00:19:38,cosmetic,4.92,card
T004605,U03616,2026-02-06 09:08:23,cosmetic,4.52,card
T004606,U03616,2026-02-10 11:20:44,battlepass,8.69,card
T004607,U03616,2026-02-23 07:31:09,booster,3.09,card
T004608,U03616,2026-02-11 01:45:21,currency,15.62,card
T004609,U03621,2026-03-18 02:58:00,currency,11.99,wallet
T004610,U03621,2026-03-11 01:02:29,cosmetic,8.32,card
T004611,U03621,2026-03-30 00:03:29,expansion,27.17,card
T004612,U03622,2026-02-05 22:29:07,booster,5.64,card
T004613,U03624,2026-02-04 15:02:13,cosmetic,5.82,card
T004614,U03627,2026-03-03 15:40:33,expansion,29.15,card
T004615,U03627,2026-03-07 01:38:52,cosmetic,5.99,card
T004616,U03627,2026-02-28 08:52:09,currency,13.15,wallet
T004617,U03630,2026-02-23 08:30:13,currency,20.89,card
T004618,U03633,2026-01-14 04:22:57,booster,3.16,card
T004619,U03633,2026-01-05 03:13:07,booster,5.83,wallet
T004620,U03633,2026-01-11 16:47:25,battlepass,20.4,wallet
T004621,U03639,2026-01-10 06:03:14,currency,10.76,card
T004622,U03639,2026-01-20 21:45:46,booster,4.13,wallet
T004623,U03639,2026-01-28 06:03:01,currency,18.11,card
T004624,U03639,2026-01-10 04:08:58,booster,5.04,card
T004625,U03640,2026-02-20 00:02:14,cosmetic,5.27,wallet
T004626,U03640,2026-03-01 22:14:13,expansion,23.66,card
T004627,U03640,2026-02-26 06:47:41,expansion,32.93,wallet
T004628,U03640,2026-02-25 11:33:37,cosmetic,10.09,card
T004629,U03643,2026-03-14 03:37:45,booster,4.73,card
T004630,U03643,2026-03-10 18:02:59,cosmetic,9.26,card
T004631,U03643,2026-02-25 02:26:05,cosmetic,9.04,card
T004632,U03643,2026-03-08 08:06:08,currency,9.19,card
T004633,U03645,2026-03-07 11:10:37,cosmetic,7.15,card
T004634,U03645,2026-03-01 08:23:11,cosmetic,4.4,card
T004635,U03648,2026-02-19 13:14:24,cosmetic,5.05,card
T004636,U03648,2026-02-06 00:10:42,cosmetic,4.28,wallet
T004637,U03648,2026-02-12 15:45:59,expansion,29.44,card
T004638,U03649,2026-03-17 08:07:09,currency,8.18,wallet
T004639,U03649,2026-03-13 06:04:06,currency,16.57,card
T004640,U03649,2026-03-06 23:18:03,cosmetic,7.88,card
T004641,U03649,2026-03-15 00:48:10,booster,3.68,wallet
T004642,U03650,2026-02-20 11:34:02,battlepass,19.57,wallet
T004643,U03650,2026-03-14 22:47:30,expansion,28.86,wallet
T004644,U03650,2026-02-20 21:10:08,expansion,18.37,wallet
T004645,U03651,2026-01-25 22:51:48,cosmetic,5.0,card
T004646,U03651,2026-01-28 09:19:43,battlepass,12.34,card
T004647,U03655,2026-02-26 06:41:29,cosmetic,7.08,wallet
T004648,U03655,2026-03-08 21:48:54,expansion,21.29,card
T004649,U03656,2026-02-27 18:58:48,cosmetic,7.01,card
T004650,U03658,2026-03-17 03:03:44,currency,17.13,card
T004651,U03658,2026-03-26 16:21:01,booster,3.68,card
T004652,U03658,2026-02-28 06:25:34,currency,15.38,card
T004653,U03661,2026-03-04 14:24:09,cosmetic,10.19,card
T004654,U03661,2026-03-01 17:59:24,cosmetic,5.72,card
T004655,U03661,2026-02-11 17:43:42,cosmetic,4.92,card
T004656,U03661,2026-03-02 18:22:10,booster,3.7,card
T004657,U03661,2026-02-06 22:34:23,cosmetic,8.07,card
T004658,U03661,2026-02-16 08:16:41,booster,2.84,card
T004659,U03661,2026-02-11 19:33:40,cosmetic,6.39,card
T004660,U03661,2026-02-22 04:19:22,currency,13.51,card
T004661,U03664,2026-03-25 23:52:16,currency,18.95,card
T004662,U03664,2026-02-27 10:34:12,booster,5.17,wallet
T004663,U03665,2026-02-08 21:14:42,booster,4.46,card
T004664,U03665,2026-02-27 18:10:09,cosmetic,5.94,card
T004665,U03665,2026-02-03 23:03:21,booster,2.55,card
T004666,U03666,2026-02-08 01:04:36,battlepass,18.64,card
T004667,U03666,2026-02-06 14:51:42,battlepass,8.72,card
T004668,U03666,2026-02-23 12:28:43,cosmetic,10.63,card
T004669,U03666,2026-02-13 13:33:50,battlepass,11.19,card
T004670,U03672,2026-01-13 05:06:45,booster,4.04,card
T004671,U03672,2026-01-29 12:50:38,currency,9.8,wallet
T004672,U03672,2026-01-17 23:25:58,cosmetic,4.3,card
T004673,U03673,2026-02-26 09:33:17,booster,4.17,card
T004674,U03673,2026-02-23 14:43:46,cosmetic,8.8,wallet
T004675,U03673,2026-02-22 08:30:26,cosmetic,4.37,wallet
T004676,U03674,2026-01-22 12:52:55,currency,17.9,card
T004677,U03674,2026-01-05 03:05:24,expansion,24.14,card
T004678,U03674,2026-01-22 19:31:26,expansion,27.6,card
T004679,U03678,2026-03-02 11:40:34,currency,9.47,card
T004680,U03678,2026-02-21 06:03:12,currency,14.6,card
T004681,U03678,2026-02-25 07:46:11,cosmetic,10.63,card
T004682,U03678,2026-03-02 12:58:59,currency,21.94,card
T004683,U03681,2026-02-13 01:06:04,cosmetic,4.69,card
T004684,U03681,2026-02-15 13:06:00,currency,12.54,card
T004685,U03681,2026-03-13 14:36:51,cosmetic,8.07,card
T004686,U03684,2026-02-18 23:00:42,currency,13.68,card
T004687,U03684,2026-02-08 22:40:03,battlepass,15.58,card
T004688,U03685,2026-02-28 08:35:04,booster,3.89,card
T004689,U03685,2026-03-18 04:01:38,cosmetic,5.11,card
T004690,U03686,2026-01-16 09:49:47,booster,3.2,card
T004691,U03686,2026-02-03 03:09:34,currency,10.43,card
T004692,U03686,2026-01-12 23:04:09,currency,13.73,card
T004693,U03686,2026-01-28 21:13:26,expansion,22.84,card
T004694,U03686,2026-02-08 17:05:03,cosmetic,8.73,card
T004695,U03687,2026-01-17 04:12:32,expansion,13.3,card
T004696,U03687,2026-01-18 17:38:22,booster,2.61,wallet
T004697,U03689,2026-03-16 16:18:19,expansion,21.27,card
T004698,U03690,2026-01-12 01:27:00,currency,12.34,card
T004699,U03692,2026-02-19 04:59:14,battlepass,15.97,card
T004700,U03692,2026-02-25 06:02:56,cosmetic,4.62,wallet
T004701,U03693,2026-01-18 17:05:20,cosmetic,9.19,card
T004702,U03693,2026-01-23 07:37:35,currency,20.38,card
T004703,U03693,2026-01-29 17:37:21,expansion,14.46,card
T004704,U03694,2026-01-29 22:38:43,booster,2.42,wallet
T004705,U03694,2026-01-20 22:52:02,expansion,25.63,wallet
T004706,U03694,2026-02-15 01:40:18,cosmetic,5.0,wallet
T004707,U03694,2026-01-21 16:18:20,booster,2.55,wallet
T004708,U03694,2026-01-27 03:30:09,booster,6.01,wallet
T004709,U03694,2026-02-09 13:56:18,cosmetic,8.68,card
T004710,U03695,2026-01-31 14:38:26,cosmetic,4.22,wallet
T004711,U03697,2026-02-11 08:16:37,expansion,29.13,card
T004712,U03699,2026-01-22 06:55:58,cosmetic,7.86,card
T004713,U03699,2026-02-15 20:12:32,expansion,19.35,card
T004714,U03703,2026-01-21 03:35:51,booster,3.3,card
T004715,U03703,2026-01-22 08:44:26,booster,4.26,card
T004716,U03703,2026-02-10 15:43:10,cosmetic,5.74,card
T004717,U03703,2026-02-01 20:59:18,expansion,16.44,card
T004718,U03705,2026-03-21 00:10:50,currency,19.34,card
T004719,U03705,2026-03-05 01:14:59,currency,19.56,card
T004720,U03705,2026-03-11 18:24:09,cosmetic,8.08,card
T004721,U03708,2026-03-10 23:20:08,cosmetic,6.78,card
T004722,U03708,2026-02-24 03:38:58,currency,10.1,card
T004723,U03713,2026-03-15 17:37:58,cosmetic,6.68,wallet
T004724,U03713,2026-03-09 18:54:17,battlepass,14.58,wallet
T004725,U03713,2026-02-20 13:00:02,currency,10.84,card
T004726,U03713,2026-03-02 19:52:10,battlepass,17.08,wallet
T004727,U03715,2026-02-28 05:11:58,expansion,27.35,wallet
T004728,U03715,2026-03-07 04:09:14,expansion,18.12,wallet
T004729,U03717,2026-02-02 04:53:15,cosmetic,10.14,wallet
T004730,U03717,2026-01-25 20:48:47,cosmetic,10.8,wallet
T004731,U03717,2026-02-15 17:39:56,expansion,14.29,wallet
T004732,U03717,2026-02-07 10:26:55,cosmetic,6.37,wallet
T004733,U03718,2026-01-30 15:26:42,booster,4.73,card
T004734,U03718,2026-02-07 11:39:42,cosmetic,8.53,card
T004735,U03718,2026-01-23 15:00:34,booster,5.25,card
T004736,U03719,2026-02-21 05:33:26,cosmetic,8.94,card
T004737,U03720,2026-02-05 20:58:27,cosmetic,10.49,card
T004738,U03722,2026-02-09 21:50:43,booster,2.66,card
T004739,U03724,2026-03-03 14:45:45,battlepass,11.24,card
T004740,U03724,2026-03-03 20:23:41,cosmetic,9.51,card
T004741,U03724,2026-03-08 13:15:06,booster,2.98,wallet
T004742,U03724,2026-03-21 20:37:22,currency,15.79,card
T004743,U03724,2026-03-25 16:55:02,booster,6.11,card
T004744,U03725,2026-01-12 22:05:42,cosmetic,5.54,card
T004745,U03725,2026-01-06 06:38:54,booster,3.16,wallet
T004746,U03725,2026-01-24 05:05:01,cosmetic,5.04,wallet
T004747,U03725,2026-01-02 01:29:52,battlepass,9.27,wallet
T004748,U03727,2026-01-18 06:43:31,booster,4.17,card
T004749,U03728,2026-02-13 12:21:27,currency,19.3,wallet
T004750,U03728,2026-02-22 06:47:18,cosmetic,7.95,wallet
T004751,U03728,2026-02-18 03:02:49,cosmetic,6.01,wallet
T004752,U03729,2026-02-16 16:09:55,booster,4.69,wallet
T004753,U03729,2026-01-28 02:20:28,cosmetic,10.41,card
T004754,U03729,2026-01-23 02:29:48,expansion,15.08,card
T004755,U03730,2026-03-07 14:30:38,currency,14.9,card
T004756,U03730,2026-03-07 04:42:49,cosmetic,8.89,card
T004757,U03730,2026-02-28 18:06:42,currency,12.97,card
T004758,U03733,2026-02-19 06:48:16,cosmetic,7.48,wallet
T004759,U03733,2026-02-21 21:49:33,cosmetic,10.04,wallet
T004760,U03733,2026-02-06 00:07:54,cosmetic,10.64,wallet
T004761,U03733,2026-02-01 21:05:38,cosmetic,6.89,card
T004762,U03734,2026-03-10 18:07:31,booster,5.32,card
T004763,U03734,2026-03-06 15:59:23,cosmetic,6.63,card
T004764,U03734,2026-03-15 19:17:16,booster,4.54,card
T004765,U03734,2026-02-28 07:28:14,expansion,21.97,card
T004766,U03738,2026-02-02 04:07:41,cosmetic,4.36,wallet
T004767,U03738,2026-02-02 01:37:25,cosmetic,4.1,card
T004768,U03738,2026-02-13 13:13:33,cosmetic,7.06,wallet
T004769,U03738,2026-02-22 22:18:16,battlepass,19.12,wallet
T004770,U03740,2026-03-03 22:50:33,cosmetic,7.54,wallet
T004771,U03740,2026-03-14 23:01:03,battlepass,9.09,wallet
T004772,U03741,2026-02-11 19:20:39,expansion,20.82,card
T004773,U03741,2026-01-27 15:35:26,cosmetic,4.04,card
T004774,U03741,2026-01-19 04:26:26,battlepass,18.03,card
T004775,U03741,2026-02-02 16:15:28,cosmetic,10.09,card
T004776,U03742,2026-01-20 15:58:47,cosmetic,9.82,wallet
T004777,U03742,2026-01-27 09:50:50,currency,14.7,card
T004778,U03742,2026-02-10 06:49:44,currency,19.81,wallet
T004779,U03742,2026-02-08 20:21:14,cosmetic,6.55,wallet
T004780,U03743,2026-03-11 22:31:06,currency,18.03,card
T004781,U03743,2026-03-03 18:33:22,cosmetic,8.86,card
T004782,U03744,2026-02-04 12:57:24,expansion,16.6,wallet
T004783,U03744,2026-02-23 02:43:25,expansion,24.25,wallet
T004784,U03744,2026-02-07 07:33:54,cosmetic,10.87,wallet
T004785,U03746,2026-03-14 22:37:07,currency,21.4,card
T004786,U03746,2026-03-07 22:29:32,cosmetic,5.68,card
T004787,U03746,2026-03-20 16:05:15,battlepass,14.83,wallet
T004788,U03748,2026-03-13 19:42:06,battlepass,17.05,card
T004789,U03748,2026-03-15 20:29:06,booster,4.23,card
T004790,U03749,2026-03-11 06:02:16,battlepass,14.97,card
T004791,U03749,2026-03-12 12:45:25,booster,4.61,wallet
T004792,U03749,2026-03-01 09:22:11,booster,5.1,wallet
T004793,U03749,2026-03-21 05:10:16,cosmetic,9.55,card
T004794,U03749,2026-03-22 23:54:54,battlepass,18.41,wallet
T004795,U03751,2026-03-04 20:44:59,expansion,20.81,card
T004796,U03751,2026-02-25 05:32:11,cosmetic,9.95,card
T004797,U03757,2026-02-15 10:20:38,cosmetic,7.3,card
T004798,U03757,2026-03-01 14:19:48,booster,4.14,card
T004799,U03757,2026-02-14 15:26:06,booster,3.05,card
T004800,U03758,2026-02-28 11:31:42,currency,12.7,card
T004801,U03762,2026-02-03 13:45:58,booster,3.19,card
T004802,U03762,2026-02-07 17:51:38,booster,2.59,card
T004803,U03762,2026-02-03 10:19:51,cosmetic,10.85,wallet
T004804,U03764,2026-03-06 18:45:46,cosmetic,4.95,wallet
T004805,U03764,2026-02-17 09:25:50,cosmetic,7.14,wallet
T004806,U03764,2026-02-22 01:16:08,cosmetic,10.64,wallet
T004807,U03764,2026-03-06 04:16:09,battlepass,12.48,wallet
T004808,U03766,2026-02-03 23:28:11,battlepass,17.85,wallet
T004809,U03766,2026-02-10 13:33:43,cosmetic,9.75,card
T004810,U03766,2026-02-18 07:06:20,cosmetic,4.42,wallet
T004811,U03769,2026-03-14 23:33:05,expansion,31.76,card
T004812,U03769,2026-03-13 22:09:22,booster,6.57,card
T004813,U03774,2026-01-16 17:19:29,cosmetic,5.65,wallet
T004814,U03774,2026-02-02 12:47:10,currency,11.41,wallet
T004815,U03774,2026-01-16 04:19:43,expansion,19.54,card
T004816,U03776,2026-01-21 13:07:08,cosmetic,8.62,card
T004817,U03776,2026-01-26 14:10:17,expansion,20.34,wallet
T004818,U03776,2026-01-18 16:10:04,booster,6.33,wallet
T004819,U03779,2026-03-11 22:55:55,currency,15.02,wallet
T004820,U03779,2026-03-20 04:44:55,booster,4.03,wallet
T004821,U03779,2026-03-15 06:19:25,cosmetic,6.4,card
T004822,U03779,2026-03-11 20:08:15,currency,9.04,card
T004823,U03779,2026-03-23 10:14:10,booster,3.29,wallet
T004824,U03780,2026-02-11 00:16:21,expansion,18.22,card
T004825,U03780,2026-02-17 15:20:33,booster,2.85,card
T004826,U03780,2026-02-16 01:39:43,cosmetic,10.34,card
T004827,U03780,2026-02-18 21:18:46,cosmetic,6.11,card
T004828,U03780,2026-02-09 07:07:21,cosmetic,10.02,card
T004829,U03781,2026-01-29 05:38:21,booster,5.59,card
T004830,U03781,2026-01-24 17:00:42,currency,15.49,card
T004831,U03781,2026-01-28 18:07:22,expansion,30.52,card
T004832,U03781,2026-01-08 18:12:44,cosmetic,5.19,card
T004833,U03782,2026-02-04 22:03:55,expansion,28.24,card
T004834,U03784,2026-02-15 08:31:34,cosmetic,4.95,card
T004835,U03785,2026-03-09 20:17:59,cosmetic,6.67,card
T004836,U03785,2026-03-17 11:25:30,currency,14.69,card
T004837,U03789,2026-03-01 03:09:14,booster,3.46,card
T004838,U03793,2026-02-02 10:07:26,booster,2.45,wallet
T004839,U03793,2026-01-23 23:39:43,booster,3.41,wallet
T004840,U03793,2026-01-28 09:51:17,booster,5.11,card
T004841,U03793,2026-02-06 23:49:53,cosmetic,5.59,wallet
T004842,U03793,2026-01-30 21:39:10,expansion,19.02,card
T004843,U03794,2026-02-11 14:53:34,cosmetic,9.49,card
T004844,U03794,2026-02-12 11:02:28,cosmetic,4.67,card
T004845,U03794,2026-03-02 02:59:13,cosmetic,7.94,card
T004846,U03797,2026-03-04 21:33:06,cosmetic,5.21,wallet
T004847,U03797,2026-03-07 18:11:45,expansion,16.48,card
T004848,U03797,2026-02-12 09:40:58,cosmetic,8.77,wallet
T004849,U03797,2026-02-18 23:48:44,currency,21.78,wallet
T004850,U03797,2026-02-13 21:56:14,cosmetic,5.54,wallet
T004851,U03803,2026-02-21 19:54:08,booster,6.46,card
T004852,U03803,2026-03-01 23:12:44,cosmetic,9.57,wallet
T004853,U03803,2026-03-10 17:36:08,cosmetic,6.47,wallet
T004854,U03803,2026-03-08 08:28:55,cosmetic,4.1,wallet
T004855,U03804,2026-01-31 08:04:57,cosmetic,4.63,card
T004856,U03804,2026-01-23 08:12:22,currency,9.43,card
T004857,U03804,2026-01-16 08:58:49,battlepass,14.28,card
T004858,U03805,2026-01-03 01:18:20,cosmetic,10.07,card
T004859,U03805,2026-01-13 14:21:19,currency,12.67,card
T004860,U03805,2026-01-06 16:48:24,cosmetic,8.36,card
T004861,U03805,2026-01-29 02:05:59,cosmetic,8.94,card
T004862,U03805,2026-01-22 18:50:23,currency,13.62,card
T004863,U03807,2026-01-09 14:24:23,cosmetic,9.13,card
T004864,U03807,2026-02-04 05:21:36,battlepass,10.88,wallet
T004865,U03807,2026-01-13 04:12:20,cosmetic,5.74,card
T004866,U03807,2026-01-27 13:42:45,cosmetic,4.79,card
T004867,U03810,2026-03-07 03:15:30,booster,3.93,wallet
T004868,U03810,2026-02-08 04:11:06,battlepass,16.59,wallet
T004869,U03815,2026-02-15 19:17:37,cosmetic,5.55,card
T004870,U03815,2026-01-26 13:22:53,currency,15.08,card
T004871,U03815,2026-01-30 19:03:39,expansion,18.34,card
T004872,U03819,2026-02-21 02:26:42,booster,5.64,card
T004873,U03819,2026-02-16 15:45:41,cosmetic,5.77,wallet
T004874,U03821,2026-01-15 08:44:32,currency,16.58,card
T004875,U03821,2026-01-25 00:28:53,currency,11.06,wallet
T004876,U03821,2026-01-12 02:23:03,currency,18.01,wallet
T004877,U03825,2026-02-22 05:05:52,currency,17.08,card
T004878,U03825,2026-02-05 03:07:26,cosmetic,10.85,wallet
T004879,U03825,2026-02-27 08:37:30,cosmetic,4.26,wallet
T004880,U03825,2026-02-22 03:31:12,cosmetic,7.81,card
T004881,U03825,2026-03-05 12:44:18,booster,2.58,wallet
T004882,U03825,2026-02-05 15:36:16,battlepass,13.24,wallet
T004883,U03828,2026-03-02 22:34:45,battlepass,15.3,card
T004884,U03830,2026-02-08 06:56:07,currency,9.89,card
T004885,U03830,2026-01-17 03:34:25,expansion,23.73,card
T004886,U03830,2026-01-21 04:28:49,currency,14.87,card
T004887,U03831,2026-03-12 09:55:53,cosmetic,5.8,wallet
T004888,U03831,2026-02-23 15:30:28,cosmetic,5.2,wallet
T004889,U03832,2026-02-04 09:54:44,currency,8.58,card
T004890,U03832,2026-01-16 16:19:46,booster,5.5,card
T004891,U03832,2026-01-23 04:45:04,cosmetic,10.35,card
T004892,U03836,2026-02-26 08:30:26,cosmetic,7.86,card
T004893,U03836,2026-03-14 22:40:37,cosmetic,9.66,card
T004894,U03837,2026-02-09 21:22:54,expansion,12.34,card
T004895,U03837,2026-01-22 06:39:01,cosmetic,5.49,card
T004896,U03837,2026-01-16 07:51:41,cosmetic,7.51,card
T004897,U03837,2026-01-19 22:13:01,cosmetic,7.03,card
T004898,U03839,2026-03-20 23:05:55,cosmetic,9.35,card
T004899,U03842,2026-02-02 11:38:27,cosmetic,9.06,card
T004900,U03842,2026-02-26 03:09:47,cosmetic,8.15,card
T004901,U03842,2026-02-21 02:04:23,battlepass,16.23,card
T004902,U03845,2026-03-10 17:07:55,currency,15.15,card
T004903,U03845,2026-03-11 05:22:27,booster,3.15,wallet
T004904,U03845,2026-03-18 01:32:51,currency,18.08,wallet
T004905,U03845,2026-03-11 21:19:16,currency,18.26,wallet
T004906,U03846,2026-02-05 13:28:46,cosmetic,10.33,wallet
T004907,U03846,2026-02-21 15:21:34,cosmetic,10.66,card
T004908,U03846,2026-02-14 05:09:40,currency,11.63,wallet
T004909,U03847,2026-03-06 21:08:27,cosmetic,9.52,card
T004910,U03848,2026-02-08 15:24:15,battlepass,21.14,card
T004911,U03848,2026-02-12 18:39:28,cosmetic,6.82,card
T004912,U03850,2026-01-25 00:11:51,currency,9.13,card
T004913,U03850,2026-02-02 01:26:14,cosmetic,4.74,card
T004914,U03851,2026-03-13 02:33:37,booster,4.16,wallet
T004915,U03854,2026-01-28 20:20:40,expansion,23.96,card
T004916,U03856,2026-02-27 23:20:32,cosmetic,8.44,card
T004917,U03856,2026-02-21 00:55:23,booster,4.29,card
T004918,U03856,2026-02-14 06:47:46,currency,10.82,card
T004919,U03856,2026-02-25 12:44:32,expansion,28.4,card
T004920,U03856,2026-02-27 18:39:41,currency,21.63,card
T004921,U03860,2026-02-03 09:58:30,expansion,30.56,card
T004922,U03860,2026-02-04 22:18:28,booster,6.28,wallet
T004923,U03860,2026-02-24 12:15:27,currency,12.01,card
T004924,U03861,2026-02-09 03:20:08,expansion,22.3,card
T004925,U03861,2026-03-02 01:04:47,battlepass,18.72,card
T004926,U03861,2026-02-13 17:10:07,cosmetic,7.98,card
T004927,U03862,2026-02-18 17:39:08,expansion,29.66,card
T004928,U03862,2026-02-15 09:36:12,cosmetic,9.58,card
T004929,U03862,2026-02-15 00:40:24,booster,4.87,card
T004930,U03862,2026-02-28 02:33:18,currency,14.2,card
T004931,U03863,2026-01-16 15:55:18,cosmetic,4.73,wallet
T004932,U03863,2026-01-19 22:34:52,cosmetic,4.15,wallet
T004933,U03863,2026-01-29 11:03:17,currency,17.93,wallet
T004934,U03863,2026-02-09 12:56:10,currency,18.46,wallet
T004935,U03863,2026-01-17 20:51:57,booster,6.23,wallet
T004936,U03869,2026-01-18 03:46:19,cosmetic,8.94,card
T004937,U03869,2026-02-12 20:35:20,cosmetic,4.89,card
T004938,U03870,2026-03-03 08:05:04,battlepass,10.41,wallet
T004939,U03870,2026-03-02 05:11:07,currency,14.7,card
T004940,U03870,2026-03-03 08:57:48,battlepass,17.89,wallet
T004941,U03873,2026-03-17 23:46:25,cosmetic,5.26,card
T004942,U03873,2026-02-22 14:54:53,booster,4.82,card
T004943,U03874,2026-02-11 01:40:00,booster,4.97,card
T004944,U03874,2026-02-03 10:34:58,battlepass,8.82,card
T004945,U03874,2026-02-23 23:56:13,cosmetic,10.62,card
T004946,U03878,2026-01-18 21:10:12,cosmetic,8.91,card
T004947,U03878,2026-01-16 01:13:36,expansion,17.3,card
T004948,U03878,2026-01-16 19:24:35,cosmetic,8.34,card
T004949,U03880,2026-01-11 09:41:31,currency,13.29,wallet
T004950,U03880,2026-01-08 03:53:48,expansion,20.82,wallet
T004951,U03880,2026-01-19 14:16:38,currency,21.37,card
T004952,U03880,2026-01-21 01:10:02,battlepass,18.02,card
T004953,U03880,2026-01-20 08:09:40,booster,6.43,wallet
T004954,U03883,2026-02-04 04:02:10,cosmetic,4.05,card
T004955,U03883,2026-02-28 05:06:42,currency,19.53,card
T004956,U03883,2026-02-18 07:03:04,expansion,17.81,card
T004957,U03884,2026-01-30 13:24:55,cosmetic,5.14,wallet
T004958,U03884,2026-02-10 17:18:03,cosmetic,9.9,card
T004959,U03885,2026-01-11 09:24:43,booster,3.25,wallet
T004960,U03885,2026-01-19 07:44:57,currency,20.33,card
T004961,U03885,2026-02-08 07:44:06,currency,12.98,wallet
T004962,U03885,2026-01-27 04:35:08,cosmetic,4.56,wallet
T004963,U03885,2026-01-21 10:11:47,cosmetic,6.62,card
T004964,U03886,2026-02-04 05:57:50,expansion,20.17,card
T004965,U03886,2026-02-15 01:14:46,currency,9.57,card
T004966,U03888,2026-02-07 18:46:38,cosmetic,4.39,card
T004967,U03888,2026-01-24 05:15:30,booster,6.47,card
T004968,U03888,2026-01-31 21:54:51,currency,13.54,card
T004969,U03889,2026-02-02 14:07:37,battlepass,11.39,wallet
T004970,U03889,2026-01-11 05:55:50,currency,9.06,wallet
T004971,U03890,2026-03-09 01:42:29,expansion,17.83,wallet
T004972,U03890,2026-03-13 07:17:40,cosmetic,6.83,card
T004973,U03890,2026-03-19 02:14:26,expansion,16.55,wallet
T004974,U03890,2026-02-22 11:57:46,cosmetic,5.09,card
T004975,U03890,2026-03-04 14:05:29,currency,20.76,wallet
T004976,U03892,2026-03-03 12:09:59,cosmetic,5.44,card
T004977,U03892,2026-03-09 09:29:41,currency,14.1,card
T004978,U03892,2026-02-27 20:38:18,battlepass,21.43,card
T004979,U03893,2026-02-14 10:14:15,cosmetic,4.7,wallet
T004980,U03893,2026-02-24 06:13:25,currency,21.74,wallet
T004981,U03893,2026-02-24 13:38:49,cosmetic,9.26,wallet
T004982,U03894,2026-02-11 18:01:04,cosmetic,9.73,card
T004983,U03894,2026-02-06 11:22:50,expansion,26.02,card
T004984,U03894,2026-02-06 20:34:20,cosmetic,6.9,card
T004985,U03894,2026-01-16 09:23:29,booster,6.43,card
T004986,U03895,2026-02-20 10:41:22,currency,21.6,card
T004987,U03895,2026-02-15 16:11:36,booster,4.21,card
T004988,U03895,2026-02-16 22:20:49,cosmetic,4.21,card
T004989,U03896,2026-03-06 03:10:48,expansion,19.74,wallet
T004990,U03896,2026-03-16 09:11:44,cosmetic,7.89,card
T004991,U03896,2026-03-03 16:09:53,cosmetic,6.49,wallet
T004992,U03898,2026-01-23 17:43:44,cosmetic,6.65,wallet
T004993,U03898,2026-01-07 13:42:37,cosmetic,8.98,card
T004994,U03898,2026-01-05 13:27:10,battlepass,11.87,wallet
T004995,U03900,2026-03-22 14:46:02,cosmetic,5.46,wallet
T004996,U03900,2026-03-11 22:56:30,cosmetic,6.75,wallet
T004997,U03900,2026-03-02 05:33:31,expansion,24.76,card
T004998,U03901,2026-02-16 07:41:16,cosmetic,5.55,card
T004999,U03901,2026-02-23 03:22:32,expansion,30.1,wallet
T005000,U03901,2026-02-19 19:06:52,cosmetic,9.4,wallet
T005001,U03901,2026-02-20 16:55:51,currency,19.1,card
T005002,U03902,2026-03-11 05:13:15,battlepass,10.55,wallet
T005003,U03902,2026-03-27 20:12:26,expansion,30.98,wallet
T005004,U03902,2026-03-07 00:44:28,cosmetic,4.02,card
T005005,U03902,2026-03-12 17:05:55,cosmetic,9.72,card
T005006,U03904,2026-01-28 08:32:58,cosmetic,6.99,card
T005007,U03904,2026-01-08 20:13:56,cosmetic,7.02,card
T005008,U03904,2026-01-23 14:24:10,cosmetic,5.05,card
T005009,U03906,2026-02-15 19:44:46,cosmetic,5.33,wallet
T005010,U03906,2026-03-12 22:13:37,currency,8.22,wallet
T005011,U03907,2026-03-03 19:13:11,cosmetic,8.15,card
T005012,U03907,2026-03-10 01:31:14,cosmetic,4.95,card
T005013,U03910,2026-03-20 17:44:49,booster,2.84,card
T005014,U03910,2026-03-14 12:24:21,booster,6.35,card
T005015,U03910,2026-03-13 14:12:58,cosmetic,10.63,card
T005016,U03910,2026-03-02 18:37:08,currency,8.19,card
T005017,U03910,2026-03-13 12:52:56,booster,3.73,card
T005018,U03910,2026-03-01 19:01:33,cosmetic,4.87,card
T005019,U03911,2026-02-12 08:47:28,cosmetic,8.69,card
T005020,U03911,2026-02-05 06:01:31,battlepass,10.75,card
T005021,U03911,2026-02-11 17:47:26,battlepass,17.69,card
T005022,U03913,2026-01-14 09:09:45,cosmetic,5.19,wallet
T005023,U03913,2026-01-22 00:34:34,cosmetic,5.87,card
T005024,U03913,2026-02-07 04:17:02,cosmetic,8.0,wallet
T005025,U03914,2026-02-18 15:18:17,cosmetic,9.72,card
T005026,U03914,2026-02-27 09:13:01,cosmetic,8.08,wallet
T005027,U03916,2026-01-15 18:18:44,cosmetic,8.03,card
T005028,U03916,2026-01-14 20:11:12,currency,11.69,card
T005029,U03916,2026-01-15 19:57:17,cosmetic,7.88,card
T005030,U03918,2026-03-10 23:50:54,cosmetic,9.83,card
T005031,U03918,2026-02-20 14:55:58,booster,3.05,card
T005032,U03920,2026-02-11 17:06:25,cosmetic,5.45,card
T005033,U03920,2026-03-02 05:06:20,currency,11.11,card
T005034,U03920,2026-03-01 08:45:22,booster,3.79,card
T005035,U03920,2026-02-27 03:27:27,cosmetic,7.73,card
T005036,U03920,2026-02-15 08:49:34,cosmetic,7.31,card
T005037,U03924,2026-02-20 00:44:56,currency,14.83,wallet
T005038,U03930,2026-03-13 15:46:59,cosmetic,10.82,card
T005039,U03931,2026-02-27 16:40:32,cosmetic,5.16,card
T005040,U03932,2026-02-03 09:33:29,booster,4.07,wallet
T005041,U03932,2026-01-11 09:14:15,booster,3.39,card
T005042,U03932,2026-01-30 19:24:40,booster,3.91,wallet
T005043,U03932,2026-01-06 10:43:16,cosmetic,4.9,card
T005044,U03932,2026-01-22 19:01:48,expansion,22.78,card
T005045,U03932,2026-01-18 00:15:08,battlepass,13.28,wallet
T005046,U03934,2026-03-11 16:16:22,cosmetic,7.89,card
T005047,U03935,2026-01-15 17:15:56,currency,21.18,card
T005048,U03935,2026-01-16 20:57:02,battlepass,8.44,card
T005049,U03937,2026-02-09 16:29:47,cosmetic,10.06,card
T005050,U03937,2026-02-18 23:12:14,cosmetic,8.05,card
T005051,U03937,2026-02-10 13:39:59,cosmetic,7.23,card
T005052,U03937,2026-02-21 09:49:00,currency,16.36,card
T005053,U03939,2026-02-16 08:58:08,booster,4.53,card
T005054,U03939,2026-03-03 07:45:21,cosmetic,7.7,card
T005055,U03939,2026-02-20 08:24:37,booster,4.23,card
T005056,U03939,2026-03-10 03:42:00,currency,11.95,card
T005057,U03939,2026-02-18 14:07:32,cosmetic,8.7,card
T005058,U03941,2026-02-18 17:59:22,expansion,13.25,card
T005059,U03941,2026-02-12 00:32:18,currency,20.3,card
T005060,U03941,2026-02-19 01:07:00,booster,5.88,card
T005061,U03941,2026-02-11 18:05:36,cosmetic,10.47,card
T005062,U03942,2026-02-10 21:45:56,currency,20.08,card
T005063,U03942,2026-02-04 12:43:27,expansion,28.72,card
T005064,U03943,2026-03-21 02:47:03,cosmetic,7.58,card
T005065,U03943,2026-03-19 07:09:38,booster,3.22,card
T005066,U03943,2026-03-19 03:13:13,cosmetic,5.49,card
T005067,U03944,2026-03-11 15:20:07,currency,13.88,card
T005068,U03944,2026-03-23 10:03:57,booster,5.35,wallet
T005069,U03950,2026-01-13 18:24:30,expansion,30.01,card
T005070,U03951,2026-01-30 11:15:21,cosmetic,4.85,wallet
T005071,U03952,2026-02-12 00:30:01,currency,14.01,card
T005072,U03952,2026-02-08 15:46:39,battlepass,13.44,card
T005073,U03952,2026-01-20 12:53:50,cosmetic,6.54,card
T005074,U03952,2026-01-26 12:14:08,booster,3.95,card
T005075,U03960,2026-01-26 22:14:46,expansion,22.55,card
T005076,U03960,2026-02-10 05:36:31,cosmetic,6.34,card
T005077,U03963,2026-02-15 15:07:12,booster,4.6,card
T005078,U03964,2026-02-13 21:33:12,cosmetic,7.71,wallet
T005079,U03964,2026-02-09 12:59:29,cosmetic,10.58,card
T005080,U03964,2026-02-11 12:54:33,cosmetic,5.97,wallet
T005081,U03964,2026-02-07 10:50:54,expansion,21.32,card
T005082,U03965,2026-01-12 06:22:44,cosmetic,6.95,wallet
T005083,U03965,2026-01-19 14:05:28,expansion,27.45,wallet
T005084,U03966,2026-03-19 16:55:48,cosmetic,7.47,card
T005085,U03966,2026-03-22 23:35:42,booster,3.9,wallet
T005086,U03966,2026-03-20 15:47:25,booster,5.6,wallet
T005087,U03972,2026-03-14 18:21:05,cosmetic,7.43,card
T005088,U03972,2026-03-03 02:28:30,booster,6.1,card
T005089,U03972,2026-03-12 11:05:50,expansion,30.68,wallet
T005090,U03975,2026-01-07 17:09:05,cosmetic,8.79,card
T005091,U03975,2026-01-25 10:28:59,expansion,12.7,card
T005092,U03976,2026-03-02 12:02:04,cosmetic,8.42,card
T005093,U03976,2026-02-27 05:14:25,cosmetic,6.7,wallet
T005094,U03978,2026-03-17 23:38:19,currency,9.18,wallet
T005095,U03978,2026-03-21 06:49:40,currency,10.04,wallet
T005096,U03979,2026-02-25 09:41:53,battlepass,9.42,wallet
T005097,U03979,2026-02-26 19:19:01,currency,18.79,wallet
T005098,U03984,2026-02-13 07:32:09,expansion,22.99,wallet
T005099,U03984,2026-02-24 11:41:47,cosmetic,6.07,card
T005100,U03985,2026-03-15 09:14:10,battlepass,8.82,wallet
T005101,U03985,2026-03-01 13:58:50,currency,17.6,wallet
T005102,U03985,2026-03-06 17:13:19,booster,5.54,card
T005103,U03985,2026-03-09 19:28:52,cosmetic,4.5,card
T005104,U03985,2026-03-17 22:25:05,cosmetic,5.87,wallet
T005105,U03988,2026-01-11 00:53:08,currency,11.22,card
T005106,U03988,2026-01-08 09:59:38,battlepass,10.5,card
T005107,U03991,2026-02-16 11:45:17,booster,4.67,card
T005108,U03994,2026-02-03 18:38:33,currency,18.96,wallet
T005109,U03994,2026-02-08 23:28:37,currency,16.95,card
T005110,U03994,2026-02-13 05:54:24,booster,6.34,wallet
T005111,U03994,2026-02-07 03:26:04,booster,2.93,wallet
T005112,U03995,2026-02-10 01:06:10,expansion,16.04,card
T005113,U03996,2026-02-18 07:41:31,cosmetic,7.34,card
T005114,U03996,2026-01-29 06:20:15,cosmetic,8.56,card
T005115,U03996,2026-02-12 09:42:27,cosmetic,10.46,card
T005116,U03998,2026-02-21 06:49:40,cosmetic,6.23,card
T005117,U03998,2026-02-27 22:30:04,expansion,12.33,card
T005118,U03998,2026-03-06 00:28:27,booster,3.26,card
T005119,U03998,2026-02-26 02:59:14,cosmetic,5.26,card
T005120,U03999,2026-02-16 05:19:21,currency,14.19,card
T005121,U03999,2026-03-12 21:41:05,cosmetic,7.85,wallet
T005122,U04000,2026-02-04 00:36:46,expansion,16.72,card
T005123,U04000,2026-02-28 19:21:42,currency,16.24,wallet
T005124,U04000,2026-02-04 04:55:22,cosmetic,9.42,wallet
T005125,U04002,2026-03-09 22:35:14,currency,12.08,wallet
T005126,U04002,2026-03-20 10:05:10,expansion,31.64,wallet
T005127,U04002,2026-03-10 13:13:34,expansion,12.1,card
T005128,U04003,2026-01-03 12:28:04,cosmetic,8.1,wallet
T005129,U04003,2026-01-17 06:14:43,currency,13.34,wallet
T005130,U04004,2026-02-08 00:17:20,cosmetic,9.97,card
T005131,U04004,2026-02-25 16:08:14,booster,5.41,card
T005132,U04004,2026-01-31 07:19:25,cosmetic,6.44,card
T005133,U04005,2026-02-22 01:12:14,currency,8.11,card
T005134,U04007,2026-01-26 19:57:51,expansion,12.17,wallet
T005135,U04007,2026-01-23 01:05:24,cosmetic,8.49,card
T005136,U04010,2026-01-24 21:31:59,cosmetic,6.65,card
T005137,U04010,2026-01-27 00:34:58,battlepass,14.8,card
T005138,U04010,2026-01-30 00:35:14,booster,5.43,wallet
T005139,U04010,2026-01-13 05:27:38,currency,12.5,card
T005140,U04010,2026-01-19 10:48:32,booster,6.14,wallet
T005141,U04010,2026-02-02 19:23:15,cosmetic,4.93,wallet
T005142,U04011,2026-02-12 23:20:23,expansion,29.02,card
T005143,U04011,2026-01-24 13:13:43,expansion,26.21,card
T005144,U04011,2026-02-12 14:49:13,currency,15.8,card
T005145,U04011,2026-02-10 15:12:40,booster,6.07,card
T005146,U04012,2026-03-19 23:48:35,cosmetic,4.06,card
T005147,U04015,2026-02-05 21:11:39,currency,19.98,wallet
T005148,U04015,2026-02-10 00:53:26,cosmetic,4.4,wallet
T005149,U04015,2026-02-13 00:20:16,currency,9.66,wallet
T005150,U04015,2026-01-23 11:33:13,currency,15.6,card
T005151,U04018,2026-01-21 01:37:24,currency,20.55,wallet
T005152,U04020,2026-03-07 15:03:39,booster,2.74,card
T005153,U04020,2026-02-17 17:23:06,currency,20.65,card
T005154,U04020,2026-02-21 20:26:19,currency,10.67,card
T005155,U04020,2026-02-15 02:54:03,cosmetic,4.04,card
T005156,U04020,2026-02-22 00:49:12,currency,19.16,card
T005157,U04023,2026-02-26 23:50:24,currency,21.5,wallet
T005158,U04023,2026-02-21 20:10:32,booster,6.44,wallet
T005159,U04023,2026-03-03 15:32:39,currency,18.32,wallet
T005160,U04023,2026-02-13 16:46:21,booster,3.88,wallet
T005161,U04024,2026-02-04 19:33:11,booster,4.22,wallet
T005162,U04027,2026-01-23 16:05:44,currency,15.9,card
T005163,U04027,2026-01-25 02:42:22,currency,12.04,card
T005164,U04027,2026-01-27 20:24:07,cosmetic,6.96,card
T005165,U04028,2026-01-30 05:45:20,expansion,15.47,wallet
T005166,U04028,2026-01-29 03:41:33,booster,4.14,wallet
T005167,U04028,2026-02-05 23:20:34,expansion,30.11,wallet
T005168,U04028,2026-02-15 22:30:24,cosmetic,10.24,wallet
T005169,U04029,2026-03-08 01:03:51,cosmetic,8.21,wallet
T005170,U04029,2026-02-26 10:11:05,cosmetic,4.77,wallet
T005171,U04029,2026-03-04 04:35:41,expansion,15.41,wallet
T005172,U04031,2026-02-02 09:36:24,cosmetic,4.36,card
T005173,U04031,2026-02-23 06:10:31,cosmetic,10.24,card
T005174,U04031,2026-02-20 02:49:21,cosmetic,9.0,card
T005175,U04032,2026-02-28 14:10:32,currency,9.68,card
T005176,U04032,2026-02-15 18:05:54,booster,2.81,card
T005177,U04034,2026-01-28 04:16:20,cosmetic,5.71,wallet
T005178,U04034,2026-01-20 18:59:30,cosmetic,6.01,card
T005179,U04034,2026-02-05 05:05:54,expansion,23.67,wallet
T005180,U04037,2026-03-05 08:23:57,booster,2.7,card
T005181,U04037,2026-03-11 13:32:10,expansion,17.54,card
T005182,U04038,2026-02-19 06:43:35,battlepass,16.61,wallet
T005183,U04042,2026-02-16 00:23:58,cosmetic,5.11,card
T005184,U04042,2026-03-09 20:47:05,cosmetic,10.85,card
T005185,U04042,2026-02-18 23:45:05,currency,13.2,card
T005186,U04042,2026-03-05 21:08:09,expansion,19.93,card
T005187,U04042,2026-02-20 15:51:00,booster,5.61,card
T005188,U04042,2026-03-10 23:15:26,booster,5.13,card
T005189,U04045,2026-02-02 11:32:22,cosmetic,7.87,card
T005190,U04045,2026-02-12 03:27:39,booster,4.3,card
T005191,U04045,2026-02-17 12:26:56,currency,18.39,card
T005192,U04046,2026-01-08 19:33:27,battlepass,17.17,card
T005193,U04046,2026-01-17 10:10:49,cosmetic,5.79,card
T005194,U04046,2026-01-01 03:25:42,currency,15.83,wallet
T005195,U04046,2026-01-30 08:53:51,cosmetic,9.14,wallet
T005196,U04048,2026-02-10 01:58:48,currency,11.21,card
T005197,U04048,2026-01-20 07:09:27,currency,8.45,card
T005198,U04049,2026-01-26 12:40:55,booster,3.93,card
T005199,U04049,2026-02-06 16:12:04,cosmetic,7.5,card
T005200,U04052,2026-01-27 14:02:25,cosmetic,4.6,card
T005201,U04052,2026-02-13 02:09:11,cosmetic,7.43,card
T005202,U04052,2026-02-11 12:38:49,expansion,22.15,card
T005203,U04052,2026-02-02 23:01:47,cosmetic,10.96,card
T005204,U04052,2026-02-22 02:12:47,cosmetic,5.26,card
T005205,U04059,2026-02-03 09:49:50,battlepass,8.78,wallet
T005206,U04059,2026-01-28 07:49:05,battlepass,11.24,card
T005207,U04059,2026-01-22 23:56:38,battlepass,13.42,card
T005208,U04059,2026-01-17 00:59:29,battlepass,14.06,wallet
T005209,U04059,2026-02-09 05:33:11,cosmetic,6.85,card
T005210,U04059,2026-02-04 17:31:21,currency,12.43,wallet
T005211,U04059,2026-01-14 05:21:29,expansion,13.5,wallet
T005212,U04061,2026-01-18 10:54:50,booster,4.18,card
T005213,U04061,2026-01-30 15:08:22,expansion,16.41,wallet
T005214,U04061,2026-01-20 16:17:27,booster,6.31,card
T005215,U04066,2026-02-11 23:58:44,cosmetic,7.82,card
T005216,U04066,2026-01-25 19:05:33,currency,21.09,wallet
T005217,U04066,2026-01-26 12:38:44,currency,17.99,wallet
T005218,U04068,2026-02-15 01:13:34,expansion,31.73,wallet
T005219,U04068,2026-02-09 22:02:25,cosmetic,6.99,wallet
T005220,U04068,2026-01-27 05:23:37,booster,4.54,card
T005221,U04069,2026-03-13 08:45:28,expansion,29.59,card
T005222,U04069,2026-02-17 08:20:27,cosmetic,10.46,card
T005223,U04072,2026-03-11 01:00:58,battlepass,10.31,wallet
T005224,U04072,2026-03-15 23:17:45,cosmetic,7.84,card
T005225,U04076,2026-01-25 08:47:38,cosmetic,10.86,wallet
T005226,U04076,2026-01-26 15:35:22,currency,11.08,wallet
T005227,U04076,2026-01-09 08:07:38,currency,8.42,wallet
T005228,U04079,2026-02-07 03:26:03,cosmetic,9.81,card
T005229,U04079,2026-02-10 21:41:29,cosmetic,6.47,card
T005230,U04081,2026-03-17 21:42:36,booster,4.41,card
T005231,U04082,2026-02-13 21:26:06,currency,8.09,wallet
T005232,U04082,2026-02-07 09:01:08,booster,4.86,card
T005233,U04082,2026-02-12 12:30:12,expansion,18.29,card
T005234,U04082,2026-01-27 10:57:57,booster,3.46,card
T005235,U04084,2026-03-17 05:44:53,cosmetic,7.83,card
T005236,U04084,2026-03-13 15:47:22,currency,8.83,card
T005237,U04084,2026-02-17 10:56:34,currency,19.13,card
T005238,U04084,2026-03-07 02:21:24,cosmetic,9.29,card
T005239,U04087,2026-02-14 03:25:25,currency,10.56,card
T005240,U04087,2026-01-19 09:38:35,booster,6.3,card
T005241,U04087,2026-02-10 00:04:54,expansion,18.89,wallet
T005242,U04088,2026-03-13 14:00:28,cosmetic,5.2,card
T005243,U04088,2026-03-10 12:41:54,currency,17.45,card
T005244,U04088,2026-03-11 22:25:13,battlepass,11.63,card
T005245,U04092,2026-01-16 00:37:31,booster,3.05,card
T005246,U04092,2026-01-23 21:56:43,booster,6.03,card
T005247,U04092,2026-01-04 03:43:26,booster,3.4,card
T005248,U04092,2026-01-13 04:46:38,cosmetic,5.82,card
T005249,U04093,2026-01-30 22:34:04,booster,6.0,wallet
T005250,U04093,2026-01-24 06:00:58,booster,3.03,card
T005251,U04094,2026-01-27 22:30:59,cosmetic,10.24,card
T005252,U04094,2026-02-16 14:29:28,cosmetic,8.58,card
T005253,U04094,2026-02-11 09:05:28,currency,13.23,card
T005254,U04094,2026-02-23 14:28:17,battlepass,19.72,card
T005255,U04097,2026-02-15 16:09:45,cosmetic,5.37,wallet
T005256,U04097,2026-02-13 09:48:35,cosmetic,4.22,wallet
T005257,U04097,2026-02-22 21:28:45,expansion,24.15,card
T005258,U04098,2026-02-02 23:07:14,cosmetic,9.49,card
T005259,U04098,2026-02-02 02:52:19,cosmetic,7.34,wallet
T005260,U04098,2026-01-31 03:46:05,booster,4.63,wallet
T005261,U04099,2026-03-06 08:27:30,expansion,22.55,card
T005262,U04099,2026-03-13 02:16:56,booster,3.65,card
T005263,U04099,2026-02-28 16:32:21,cosmetic,6.88,card
T005264,U04100,2026-02-01 16:38:56,currency,11.08,wallet
T005265,U04100,2026-01-31 13:25:58,currency,10.29,card
T005266,U04101,2026-01-22 04:30:31,battlepass,14.92,card
T005267,U04102,2026-03-07 21:47:40,expansion,18.94,card
T005268,U04102,2026-03-16 08:25:54,battlepass,11.17,card
T005269,U04102,2026-03-15 23:39:22,cosmetic,9.37,wallet
T005270,U04102,2026-03-19 07:16:25,cosmetic,6.74,wallet
T005271,U04102,2026-03-21 19:35:42,cosmetic,5.85,wallet
T005272,U04103,2026-01-16 07:55:58,expansion,22.88,wallet
T005273,U04103,2026-02-04 04:56:20,cosmetic,4.03,wallet
T005274,U04106,2026-02-01 19:00:48,booster,5.03,wallet
T005275,U04106,2026-02-21 06:09:41,cosmetic,4.82,card
T005276,U04106,2026-01-30 12:28:28,expansion,27.62,wallet
T005277,U04110,2026-01-21 22:22:17,cosmetic,4.41,card
T005278,U04110,2026-02-02 08:23:38,cosmetic,5.99,card
T005279,U04110,2026-02-10 18:55:59,currency,21.38,card
T005280,U04110,2026-01-25 00:58:03,battlepass,9.66,card
T005281,U04111,2026-01-03 21:59:55,expansion,28.23,card
T005282,U04112,2026-02-13 11:51:37,cosmetic,7.53,card
T005283,U04112,2026-02-18 12:29:29,cosmetic,9.89,card
T005284,U04112,2026-02-20 12:35:33,booster,4.35,card
T005285,U04112,2026-02-06 23:23:29,currency,14.18,card
T005286,U04112,2026-02-05 11:02:35,expansion,24.72,card
T005287,U04114,2026-03-10 07:15:22,cosmetic,5.34,card
T005288,U04114,2026-03-02 22:31:53,booster,5.87,card
T005289,U04114,2026-03-11 23:37:59,currency,16.65,card
T005290,U04116,2026-02-21 17:56:13,booster,3.5,card
T005291,U04116,2026-02-08 14:26:19,currency,15.44,card
T005292,U04116,2026-02-01 11:03:29,cosmetic,4.03,card
T005293,U04116,2026-02-13 15:22:40,cosmetic,7.42,card
T005294,U04117,2026-01-22 06:19:01,battlepass,13.03,card
T005295,U04118,2026-01-25 07:37:11,cosmetic,4.56,card
T005296,U04119,2026-01-21 23:21:12,cosmetic,9.59,card
T005297,U04119,2026-01-17 19:22:35,currency,11.84,card
T005298,U04119,2026-02-06 12:27:39,expansion,16.24,card
T005299,U04122,2026-03-14 23:54:05,currency,8.94,wallet
T005300,U04122,2026-03-04 12:23:52,expansion,26.39,wallet
T005301,U04123,2026-03-05 16:28:02,currency,18.97,card
T005302,U04123,2026-03-18 20:02:02,booster,2.56,card
T005303,U04127,2026-01-28 04:27:47,cosmetic,7.33,wallet
T005304,U04127,2026-01-24 06:18:51,booster,6.33,wallet
T005305,U04128,2026-02-02 04:25:58,expansion,16.18,card
T005306,U04128,2026-02-03 16:58:59,currency,10.0,card
T005307,U04128,2026-01-13 02:53:52,booster,5.91,card
T005308,U04130,2026-02-08 21:55:50,currency,20.5,wallet
T005309,U04133,2026-02-20 08:40:29,expansion,15.86,card
T005310,U04133,2026-03-11 20:11:17,cosmetic,7.11,wallet
T005311,U04133,2026-02-17 20:14:10,cosmetic,4.36,card
T005312,U04134,2026-02-08 20:33:40,booster,3.61,wallet
T005313,U04134,2026-02-04 08:58:14,cosmetic,8.8,wallet
T005314,U04138,2026-01-20 01:47:41,expansion,29.06,card
T005315,U04138,2026-02-10 02:40:57,cosmetic,8.87,card
T005316,U04140,2026-02-17 11:01:33,booster,3.07,card
T005317,U04140,2026-02-21 15:34:54,expansion,29.34,card
T005318,U04144,2026-02-08 23:05:34,cosmetic,7.85,card
T005319,U04144,2026-02-25 20:02:25,currency,21.69,card
T005320,U04145,2026-01-10 06:38:21,booster,3.83,card
T005321,U04145,2026-01-21 15:35:46,cosmetic,7.47,card
T005322,U04149,2026-02-28 10:26:03,cosmetic,8.28,card
T005323,U04149,2026-03-17 07:58:43,cosmetic,9.71,card
T005324,U04152,2026-02-12 06:00:48,booster,3.02,card
T005325,U04153,2026-03-21 22:21:54,cosmetic,4.55,wallet
T005326,U04153,2026-03-24 14:07:06,currency,8.95,wallet
T005327,U04155,2026-02-09 06:21:36,booster,3.45,card
T005328,U04155,2026-02-01 10:21:39,booster,3.91,card
T005329,U04155,2026-01-31 09:05:49,battlepass,13.22,card
T005330,U04155,2026-01-16 15:39:46,cosmetic,7.92,card
T005331,U04157,2026-03-03 02:15:57,booster,6.36,wallet
T005332,U04157,2026-02-25 09:08:32,battlepass,9.16,wallet
T005333,U04157,2026-03-06 14:25:41,cosmetic,5.0,wallet
T005334,U04158,2026-01-25 07:45:31,cosmetic,9.8,card
T005335,U04158,2026-02-02 21:22:37,cosmetic,7.94,wallet
T005336,U04158,2026-02-13 17:00:04,currency,18.37,wallet
T005337,U04158,2026-01-31 11:30:55,cosmetic,10.33,wallet
T005338,U04158,2026-01-19 15:39:44,cosmetic,6.93,card
T005339,U04158,2026-02-13 06:06:16,cosmetic,5.94,wallet
T005340,U04159,2026-02-09 15:53:49,cosmetic,5.52,wallet
T005341,U04159,2026-02-01 05:04:51,cosmetic,4.73,card
T005342,U04160,2026-01-24 20:43:31,battlepass,9.71,card
T005343,U04160,2026-01-19 11:40:48,cosmetic,8.61,card
T005344,U04160,2026-01-26 02:56:08,cosmetic,4.85,card
T005345,U04162,2026-02-12 03:16:57,expansion,28.48,card
T005346,U04162,2026-02-07 11:39:17,cosmetic,3.99,card
T005347,U04162,2026-02-08 17:28:45,booster,2.86,card
T005348,U04162,2026-01-27 22:43:29,expansion,22.28,card
T005349,U04165,2026-03-08 06:06:36,booster,2.76,card
T005350,U04165,2026-02-20 07:23:58,cosmetic,10.36,card
T005351,U04165,2026-02-21 06:55:46,currency,19.4,card
T005352,U04165,2026-03-12 15:42:23,cosmetic,4.22,card
T005353,U04165,2026-03-12 00:54:50,booster,4.62,card
T005354,U04169,2026-02-03 02:12:23,cosmetic,10.96,card
T005355,U04169,2026-02-10 01:53:11,currency,15.08,card
T005356,U04169,2026-02-06 17:52:50,currency,14.52,card
T005357,U04171,2026-02-18 07:28:16,cosmetic,9.65,card
T005358,U04171,2026-02-19 18:15:48,currency,9.47,card
T005359,U04173,2026-02-27 05:12:09,currency,12.18,card
T005360,U04174,2026-02-13 12:25:14,cosmetic,9.17,card
T005361,U04174,2026-02-14 06:29:48,expansion,23.41,card
T005362,U04181,2026-02-14 07:21:54,currency,20.29,wallet
T005363,U04181,2026-02-19 13:11:25,cosmetic,7.03,card
T005364,U04181,2026-02-20 22:41:30,booster,5.16,card
T005365,U04182,2026-01-29 04:16:25,cosmetic,7.03,wallet
T005366,U04182,2026-02-14 12:21:05,expansion,19.81,wallet
T005367,U04183,2026-02-04 02:01:16,currency,19.42,card
T005368,U04183,2026-01-22 02:04:28,booster,5.52,wallet
T005369,U04184,2026-02-23 13:50:22,booster,2.53,card
T005370,U04185,2026-01-21 15:36:04,cosmetic,6.65,card
T005371,U04186,2026-02-23 17:21:45,currency,8.2,card
T005372,U04186,2026-02-22 18:55:26,expansion,28.99,card
T005373,U04188,2026-02-10 16:52:01,booster,3.49,card
T005374,U04188,2026-02-02 19:58:37,cosmetic,10.38,card
T005375,U04188,2026-01-26 04:03:41,currency,15.24,card
T005376,U04188,2026-01-17 07:22:03,cosmetic,8.9,card
T005377,U04190,2026-03-17 04:39:14,booster,5.03,wallet
T005378,U04190,2026-03-20 08:18:42,expansion,17.18,card
T005379,U04190,2026-03-23 07:57:41,booster,4.11,card
T005380,U04190,2026-03-06 02:49:07,currency,16.76,card
T005381,U04190,2026-03-04 06:27:24,cosmetic,6.45,wallet
T005382,U04194,2026-01-19 01:00:27,cosmetic,7.05,card
T005383,U04194,2026-01-25 12:40:53,expansion,25.11,wallet
T005384,U04194,2026-01-30 01:17:46,expansion,20.04,wallet
T005385,U04194,2026-01-06 22:51:16,cosmetic,7.88,wallet
T005386,U04194,2026-01-17 09:26:02,cosmetic,6.38,wallet
T005387,U04194,2026-01-14 02:49:24,booster,4.52,wallet
T005388,U04195,2026-02-22 07:10:33,cosmetic,7.68,card
T005389,U04195,2026-02-16 04:36:36,currency,21.84,card
T005390,U04195,2026-02-20 16:36:58,booster,4.18,card
T005391,U04196,2026-02-12 04:22:15,cosmetic,6.16,wallet
T005392,U04196,2026-02-27 04:39:10,cosmetic,10.68,wallet
T005393,U04196,2026-02-28 12:23:08,booster,4.64,wallet
T005394,U04196,2026-02-01 04:04:13,currency,19.91,card
T005395,U04203,2026-02-14 20:34:35,cosmetic,7.04,card
T005396,U04203,2026-02-15 14:15:54,currency,8.15,card
T005397,U04206,2026-03-11 16:16:33,cosmetic,4.03,card
T005398,U04206,2026-03-15 17:29:51,cosmetic,8.68,card
T005399,U04207,2026-03-07 07:20:53,currency,19.37,wallet
T005400,U04207,2026-03-18 20:23:29,booster,6.48,wallet
T005401,U04207,2026-03-15 16:07:53,booster,5.09,wallet
T005402,U04211,2026-01-16 17:23:30,booster,4.12,card
T005403,U04212,2026-02-14 05:29:54,cosmetic,7.78,card
T005404,U04212,2026-03-10 07:53:15,cosmetic,10.68,card
T005405,U04212,2026-02-25 03:23:21,cosmetic,4.3,card
T005406,U04215,2026-02-24 10:43:56,currency,16.84,card
T005407,U04215,2026-02-17 09:57:26,cosmetic,4.87,wallet
T005408,U04215,2026-03-09 16:54:33,cosmetic,8.98,wallet
T005409,U04215,2026-03-05 23:59:22,battlepass,12.4,card
T005410,U04215,2026-03-12 16:54:42,cosmetic,6.94,wallet
T005411,U04218,2026-02-10 01:59:07,booster,6.15,card
T005412,U04218,2026-02-06 14:26:38,currency,13.01,card
T005413,U04219,2026-02-14 22:02:29,booster,5.21,wallet
T005414,U04219,2026-02-18 12:53:43,cosmetic,5.35,wallet
T005415,U04219,2026-02-13 17:57:13,currency,20.93,card
T005416,U04219,2026-02-20 07:56:24,battlepass,18.03,wallet
T005417,U04219,2026-02-11 14:03:24,cosmetic,6.08,wallet
T005418,U04219,2026-02-27 18:07:23,expansion,21.46,card
T005419,U04219,2026-02-01 22:45:57,cosmetic,7.32,card
T005420,U04219,2026-02-07 10:29:58,cosmetic,8.35,wallet
T005421,U04219,2026-02-07 02:24:28,cosmetic,6.29,wallet
T005422,U04226,2026-01-15 09:46:14,booster,5.44,card
T005423,U04226,2026-01-21 16:17:36,battlepass,21.31,card
T005424,U04226,2026-02-06 11:17:08,cosmetic,6.58,card
T005425,U04237,2026-03-09 00:58:40,currency,9.71,card
T005426,U04237,2026-03-26 01:06:04,expansion,15.73,wallet
T005427,U04237,2026-03-12 04:43:01,expansion,22.32,card
T005428,U04242,2026-01-17 12:02:28,cosmetic,9.63,card
T005429,U04242,2026-01-29 01:55:55,cosmetic,6.99,card
T005430,U04242,2026-02-11 12:32:07,booster,6.42,card
T005431,U04242,2026-01-31 00:09:00,expansion,25.03,card
T005432,U04242,2026-01-28 17:29:46,expansion,20.02,card
T005433,U04252,2026-02-08 00:21:58,cosmetic,5.7,wallet
T005434,U04252,2026-02-01 16:51:08,booster,2.41,wallet
T005435,U04252,2026-02-08 00:43:17,expansion,29.09,wallet
T005436,U04254,2026-02-17 01:06:29,currency,14.56,card
T005437,U04254,2026-02-08 20:54:07,booster,3.27,card
T005438,U04254,2026-02-05 03:56:51,booster,5.0,card
T005439,U04259,2026-02-09 23:08:38,booster,3.99,card
T005440,U04259,2026-02-06 07:47:05,currency,19.93,card
T005441,U04259,2026-03-04 13:46:43,booster,5.04,card
T005442,U04259,2026-02-27 04:24:05,cosmetic,8.14,card
T005443,U04262,2026-02-02 14:55:29,booster,5.14,wallet
T005444,U04262,2026-02-01 21:01:14,currency,12.0,card
T005445,U04262,2026-01-22 15:13:30,cosmetic,9.51,wallet
T005446,U04265,2026-03-04 21:42:03,battlepass,8.93,card
T005447,U04265,2026-02-05 17:19:08,cosmetic,10.66,card
T005448,U04265,2026-02-08 08:50:29,cosmetic,8.96,card
T005449,U04265,2026-02-22 05:05:26,cosmetic,10.54,card
T005450,U04266,2026-03-27 10:15:03,currency,18.61,wallet
T005451,U04267,2026-02-12 18:53:50,cosmetic,4.88,card
T005452,U04267,2026-01-24 08:12:09,cosmetic,8.4,card
T005453,U04270,2026-02-11 04:13:47,battlepass,17.81,card
T005454,U04270,2026-02-18 17:55:42,battlepass,11.3,card
T005455,U04270,2026-02-11 14:18:50,currency,9.43,card
T005456,U04270,2026-02-24 00:31:38,expansion,14.34,card
T005457,U04270,2026-02-20 21:01:51,cosmetic,5.47,card
T005458,U04270,2026-02-07 17:40:38,currency,12.44,card
T005459,U04274,2026-02-16 18:30:30,expansion,15.3,wallet
T005460,U04274,2026-02-10 12:51:35,booster,4.8,wallet
T005461,U04274,2026-02-12 04:22:19,currency,9.17,card
T005462,U04276,2026-02-25 11:06:23,cosmetic,9.48,card
T005463,U04276,2026-02-22 06:58:30,battlepass,8.02,card
T005464,U04276,2026-02-21 15:27:50,cosmetic,8.53,wallet
T005465,U04278,2026-03-12 19:19:38,cosmetic,7.6,card
T005466,U04278,2026-03-03 09:28:10,cosmetic,4.43,card
T005467,U04278,2026-03-03 20:07:50,currency,18.4,card
T005468,U04278,2026-02-18 22:48:50,cosmetic,5.03,card
T005469,U04282,2026-03-05 05:02:24,cosmetic,8.97,card
T005470,U04282,2026-03-23 06:38:00,battlepass,10.19,card
T005471,U04284,2026-02-07 00:16:29,currency,8.09,card
T005472,U04284,2026-02-15 15:48:35,booster,5.92,card
T005473,U04285,2026-01-30 21:21:24,currency,15.0,card
T005474,U04285,2026-01-26 14:54:18,currency,9.32,card
T005475,U04286,2026-02-20 10:46:16,currency,20.18,wallet
T005476,U04286,2026-02-18 05:13:50,currency,16.3,wallet
T005477,U04286,2026-03-01 00:51:53,expansion,30.3,card
T005478,U04288,2026-03-14 19:48:47,battlepass,10.44,card
T005479,U04292,2026-02-25 09:43:55,booster,4.46,card
T005480,U04292,2026-03-04 09:56:16,cosmetic,7.48,card
T005481,U04292,2026-02-27 23:26:19,cosmetic,8.78,card
T005482,U04295,2026-03-01 14:34:34,cosmetic,8.86,card
T005483,U04295,2026-03-26 13:31:43,booster,2.86,card
T005484,U04295,2026-03-10 22:06:09,expansion,15.1,card
T005485,U04296,2026-03-07 00:30:56,cosmetic,4.65,card
T005486,U04297,2026-02-18 21:07:50,cosmetic,10.79,card
T005487,U04298,2026-03-05 01:38:19,booster,2.47,card
T005488,U04298,2026-02-25 02:22:43,cosmetic,7.03,wallet
T005489,U04298,2026-02-21 18:28:56,cosmetic,5.32,wallet
T005490,U04298,2026-03-08 07:35:21,currency,9.98,wallet
T005491,U04299,2026-01-25 19:44:32,booster,5.36,wallet
T005492,U04301,2026-02-13 21:16:24,booster,5.74,card
T005493,U04301,2026-01-19 22:16:48,booster,5.16,card
T005494,U04303,2026-01-18 08:06:25,cosmetic,10.83,card
T005495,U04303,2026-01-28 14:08:05,booster,3.24,card
T005496,U04304,2026-01-08 12:21:52,booster,6.26,wallet
T005497,U04305,2026-02-14 04:51:18,cosmetic,4.25,wallet
T005498,U04305,2026-02-20 02:42:56,cosmetic,4.95,card
T005499,U04305,2026-02-25 19:18:49,expansion,19.12,wallet
T005500,U04306,2026-03-01 19:32:00,currency,19.75,card
T005501,U04306,2026-03-09 08:44:17,cosmetic,9.46,card
T005502,U04306,2026-03-08 04:57:48,cosmetic,8.92,card
T005503,U04306,2026-03-02 21:43:01,cosmetic,5.14,card
T005504,U04306,2026-03-17 22:28:57,booster,6.23,card
T005505,U04306,2026-03-12 02:17:46,cosmetic,10.2,card
T005506,U04308,2026-03-12 07:30:49,cosmetic,8.09,wallet
T005507,U04308,2026-02-25 16:49:37,currency,14.1,card
T005508,U04308,2026-02-23 11:49:41,booster,3.43,wallet
T005509,U04310,2026-02-28 16:36:42,cosmetic,4.2,wallet
T005510,U04310,2026-02-27 15:49:57,expansion,29.1,card
T005511,U04310,2026-02-08 16:54:37,booster,5.79,wallet
T005512,U04312,2026-03-16 15:39:08,cosmetic,10.41,card
T005513,U04312,2026-03-06 11:54:32,booster,6.14,card
T005514,U04312,2026-03-16 15:39:38,booster,5.23,card
T005515,U04312,2026-03-18 12:20:41,cosmetic,8.69,card
T005516,U04314,2026-01-29 14:33:38,battlepass,16.43,card
T005517,U04314,2026-02-01 20:10:57,expansion,31.15,card
T005518,U04315,2026-02-25 19:01:58,cosmetic,5.06,wallet
T005519,U04316,2026-02-02 15:43:36,booster,4.78,card
T005520,U04316,2026-02-07 03:50:45,battlepass,21.8,card
T005521,U04316,2026-01-22 12:20:35,expansion,20.34,card
T005522,U04316,2026-01-17 10:32:58,cosmetic,9.52,card
T005523,U04316,2026-01-21 10:36:04,expansion,13.97,card
T005524,U04316,2026-01-28 14:40:15,currency,17.84,card
T005525,U04318,2026-02-23 12:06:32,battlepass,14.82,card
T005526,U04318,2026-02-01 17:27:50,booster,4.69,wallet
T005527,U04320,2026-01-19 00:14:47,cosmetic,7.7,wallet
T005528,U04320,2026-01-04 07:11:11,currency,17.48,wallet
T005529,U04320,2026-01-20 01:07:31,battlepass,19.42,wallet
T005530,U04320,2026-01-11 08:51:58,cosmetic,4.22,card
T005531,U04322,2026-01-28 02:47:40,cosmetic,6.29,wallet
T005532,U04322,2026-02-03 08:13:44,cosmetic,7.77,wallet
T005533,U04322,2026-02-04 19:47:44,battlepass,20.54,wallet
T005534,U04322,2026-01-28 17:04:05,cosmetic,7.43,wallet
T005535,U04322,2026-02-08 03:25:29,cosmetic,6.41,card
T005536,U04322,2026-02-12 04:30:56,cosmetic,9.8,wallet
T005537,U04324,2026-01-23 09:36:08,currency,16.47,card
T005538,U04324,2026-01-30 11:42:01,booster,5.96,card
T005539,U04328,2026-02-21 22:00:10,cosmetic,5.62,card
T005540,U04328,2026-02-11 21:16:53,currency,18.1,card
T005541,U04328,2026-02-05 23:56:10,currency,19.41,card
T005542,U04329,2026-01-30 10:32:11,cosmetic,5.22,wallet
T005543,U04329,2026-01-25 19:16:41,battlepass,10.1,card
T005544,U04329,2026-01-08 13:25:16,booster,3.99,card
T005545,U04329,2026-01-23 20:09:07,booster,5.99,wallet
T005546,U04329,2026-01-31 06:59:56,cosmetic,5.92,card
T005547,U04330,2026-03-17 15:19:52,cosmetic,5.36,card
T005548,U04332,2026-02-09 03:09:46,cosmetic,5.31,wallet
T005549,U04332,2026-02-05 20:27:36,currency,14.2,wallet
T005550,U04333,2026-03-01 17:19:10,battlepass,9.75,wallet
T005551,U04333,2026-02-24 07:09:45,currency,17.27,card
T005552,U04333,2026-03-03 23:10:04,booster,3.11,wallet
T005553,U04335,2026-03-23 15:46:48,cosmetic,4.89,card
T005554,U04335,2026-03-16 06:27:17,battlepass,12.04,card
T005555,U04341,2026-01-27 08:20:54,battlepass,9.66,card
T005556,U04341,2026-01-30 10:11:39,battlepass,14.99,card
T005557,U04341,2026-01-18 02:45:15,cosmetic,8.34,card
T005558,U04343,2026-02-13 21:56:18,booster,6.3,card
T005559,U04343,2026-02-13 12:57:27,booster,4.49,card
T005560,U04344,2026-02-03 23:00:57,cosmetic,4.53,card
T005561,U04344,2026-01-30 19:58:38,expansion,14.33,card
T005562,U04346,2026-02-26 21:23:30,cosmetic,8.05,wallet
T005563,U04346,2026-02-20 17:29:24,booster,4.08,card
T005564,U04348,2026-01-26 08:04:28,battlepass,10.59,card
T005565,U04348,2026-01-13 15:34:17,cosmetic,6.09,card
T005566,U04349,2026-02-25 20:23:26,currency,19.71,card
T005567,U04349,2026-03-09 01:22:02,cosmetic,5.75,card
T005568,U04352,2026-03-02 03:51:03,currency,17.62,card
T005569,U04352,2026-02-03 20:42:20,currency,14.58,card
T005570,U04352,2026-03-03 09:03:19,cosmetic,8.96,card
T005571,U04353,2026-02-16 10:57:10,currency,14.51,wallet
T005572,U04353,2026-03-03 18:44:46,booster,3.94,card
T005573,U04353,2026-02-13 23:56:14,expansion,26.58,wallet
T005574,U04353,2026-02-06 07:44:44,booster,5.56,card
T005575,U04353,2026-02-24 18:28:34,booster,6.03,wallet
T005576,U04354,2026-02-01 08:55:58,cosmetic,7.79,card
T005577,U04354,2026-02-02 08:29:04,currency,8.51,card
T005578,U04354,2026-02-07 18:33:39,cosmetic,4.91,wallet
T005579,U04359,2026-02-10 14:34:19,expansion,28.65,wallet
T005580,U04359,2026-02-26 04:08:59,currency,12.66,wallet
T005581,U04359,2026-02-26 22:54:14,currency,12.41,wallet
T005582,U04360,2026-03-22 21:20:06,booster,2.43,wallet
T005583,U04360,2026-03-16 00:47:52,booster,3.2,wallet
T005584,U04360,2026-03-10 22:17:49,cosmetic,8.11,wallet
T005585,U04360,2026-03-05 05:17:43,currency,10.6,wallet
T005586,U04362,2026-03-06 19:16:00,cosmetic,7.54,wallet
T005587,U04362,2026-02-19 05:56:55,battlepass,12.34,card
T005588,U04362,2026-03-17 05:37:48,currency,12.45,wallet
T005589,U04362,2026-02-22 10:49:29,expansion,13.62,wallet
T005590,U04365,2026-03-01 08:48:41,cosmetic,10.88,card
T005591,U04366,2026-03-07 22:36:33,cosmetic,9.65,card
T005592,U04366,2026-03-02 16:27:12,cosmetic,4.55,card
T005593,U04366,2026-03-02 04:33:18,cosmetic,7.17,card
T005594,U04366,2026-03-04 06:59:44,cosmetic,10.51,card
T005595,U04366,2026-02-27 17:01:53,booster,2.49,card
T005596,U04367,2026-01-17 02:06:20,battlepass,12.17,card
T005597,U04367,2026-01-19 11:44:31,currency,8.74,card
T005598,U04367,2026-01-30 01:22:11,cosmetic,10.07,card
T005599,U04367,2026-01-27 12:16:54,cosmetic,5.81,card
T005600,U04367,2026-01-18 23:59:43,cosmetic,7.97,card
T005601,U04369,2026-03-05 12:26:23,battlepass,14.98,wallet
T005602,U04370,2026-03-01 15:33:40,currency,17.51,wallet
T005603,U04370,2026-02-09 14:49:35,booster,4.3,wallet
T005604,U04375,2026-02-13 11:59:08,currency,13.58,card
T005605,U04375,2026-02-17 22:28:16,expansion,32.19,card
T005606,U04377,2026-01-26 17:55:19,currency,17.67,wallet
T005607,U04377,2026-02-16 09:21:23,cosmetic,7.81,card
T005608,U04378,2026-01-29 19:40:55,battlepass,8.07,card
T005609,U04378,2026-01-28 05:08:04,cosmetic,8.42,card
T005610,U04379,2026-01-16 08:29:16,cosmetic,7.41,card
T005611,U04379,2026-02-01 03:54:12,cosmetic,6.15,wallet
T005612,U04379,2026-02-03 20:34:38,cosmetic,8.73,card
T005613,U04379,2026-01-23 18:55:43,currency,13.5,wallet
T005614,U04379,2026-01-19 03:15:30,cosmetic,4.2,wallet
T005615,U04379,2026-02-02 17:10:03,cosmetic,5.13,wallet
T005616,U04382,2026-01-14 19:41:19,expansion,14.82,wallet
T005617,U04382,2026-01-26 08:45:59,expansion,27.16,card
T005618,U04382,2026-02-04 18:51:10,cosmetic,6.75,card
T005619,U04382,2026-01-28 14:05:17,currency,8.36,wallet
T005620,U04383,2026-02-05 13:34:07,currency,19.51,card
T005621,U04383,2026-02-05 11:46:26,cosmetic,6.72,card
T005622,U04383,2026-01-27 16:20:18,cosmetic,7.81,card
T005623,U04383,2026-01-23 10:33:05,currency,21.37,card
T005624,U04383,2026-01-30 06:38:25,expansion,26.93,card
T005625,U04384,2026-02-03 06:34:28,booster,3.88,card
T005626,U04386,2026-03-07 20:10:37,booster,5.55,card
T005627,U04386,2026-02-17 13:41:02,currency,19.79,card
T005628,U04386,2026-02-19 17:57:27,currency,19.46,card
T005629,U04386,2026-02-20 09:36:52,cosmetic,6.37,card
T005630,U04388,2026-01-14 17:06:04,cosmetic,9.32,wallet
T005631,U04389,2026-02-15 21:42:23,cosmetic,9.93,wallet
T005632,U04389,2026-02-14 17:30:48,booster,6.49,card
T005633,U04389,2026-02-03 07:41:36,booster,5.48,wallet
T005634,U04389,2026-02-02 03:38:32,booster,3.24,card
T005635,U04389,2026-02-08 07:25:41,booster,6.31,wallet
T005636,U04391,2026-02-02 20:30:20,booster,4.39,card
T005637,U04392,2026-03-10 18:21:27,battlepass,13.91,card
T005638,U04392,2026-03-07 03:39:19,battlepass,21.21,card
T005639,U04392,2026-03-14 14:24:47,booster,6.02,card
T005640,U04392,2026-03-13 23:27:13,booster,2.9,card
T005641,U04392,2026-02-24 01:51:38,cosmetic,8.27,card
T005642,U04394,2026-01-06 03:26:25,cosmetic,7.2,card
T005643,U04394,2026-01-19 19:56:41,cosmetic,5.81,card
T005644,U04395,2026-02-25 14:45:00,cosmetic,5.9,card
T005645,U04396,2026-03-01 03:28:19,expansion,16.33,card
T005646,U04397,2026-02-08 08:50:39,cosmetic,6.22,wallet
T005647,U04397,2026-01-30 01:21:55,battlepass,19.92,card
T005648,U04400,2026-02-17 04:55:57,booster,4.61,card
T005649,U04406,2026-03-07 22:38:41,cosmetic,8.82,card
T005650,U04406,2026-03-23 05:44:17,expansion,25.97,card
T005651,U04407,2026-01-27 09:19:13,currency,18.83,wallet
T005652,U04407,2026-01-28 08:11:43,expansion,17.73,wallet
T005653,U04407,2026-01-26 21:31:29,cosmetic,7.67,wallet
T005654,U04407,2026-01-18 08:42:18,currency,12.28,card
T005655,U04407,2026-02-14 16:07:41,expansion,12.06,card
T005656,U04407,2026-02-04 08:35:19,expansion,18.03,card
T005657,U04409,2026-01-23 19:09:04,currency,19.86,card
T005658,U04409,2026-01-18 23:36:42,expansion,12.91,wallet
T005659,U04409,2026-02-03 20:31:05,cosmetic,8.18,card
T005660,U04410,2026-02-18 18:27:16,cosmetic,5.63,card
T005661,U04410,2026-01-24 04:56:08,currency,19.7,card
T005662,U04411,2026-01-23 08:39:44,cosmetic,9.21,wallet
T005663,U04412,2026-03-06 12:35:57,currency,9.09,card
T005664,U04412,2026-02-23 21:07:59,booster,4.95,card
T005665,U04412,2026-02-21 14:12:07,booster,2.59,card
T005666,U04413,2026-02-01 00:57:26,expansion,24.79,card
T005667,U04413,2026-01-27 07:02:57,cosmetic,9.4,card
T005668,U04417,2026-02-26 09:58:44,cosmetic,7.61,card
T005669,U04417,2026-02-21 23:17:59,battlepass,18.79,card
T005670,U04417,2026-01-30 22:27:03,currency,19.3,card
T005671,U04419,2026-02-25 21:25:19,booster,3.19,card
T005672,U04419,2026-03-05 06:26:59,cosmetic,6.67,card
T005673,U04420,2026-01-28 12:27:15,expansion,30.48,wallet
T005674,U04420,2026-01-30 09:42:04,booster,3.19,wallet
T005675,U04420,2026-01-17 10:44:32,battlepass,19.47,card
T005676,U04420,2026-01-10 05:24:55,cosmetic,8.55,card
T005677,U04421,2026-02-14 03:10:29,currency,17.58,wallet
T005678,U04421,2026-03-02 04:37:29,currency,16.71,wallet
T005679,U04421,2026-03-06 18:47:17,booster,4.42,wallet
T005680,U04423,2026-02-20 12:13:40,cosmetic,9.37,card
T005681,U04427,2026-01-20 17:57:33,battlepass,16.85,wallet
T005682,U04428,2026-02-25 09:15:22,cosmetic,4.42,wallet
T005683,U04428,2026-02-19 17:16:45,booster,6.2,card
T005684,U04429,2026-02-23 15:52:26,booster,5.38,card
T005685,U04429,2026-03-14 16:33:32,booster,3.98,card
T005686,U04429,2026-03-07 13:13:52,booster,5.58,wallet
T005687,U04430,2026-03-08 10:14:35,cosmetic,4.0,card
T005688,U04430,2026-03-15 11:58:47,cosmetic,4.73,card
T005689,U04430,2026-03-17 02:34:15,cosmetic,7.88,card
T005690,U04430,2026-03-24 07:12:46,expansion,23.94,card
T005691,U04430,2026-03-19 14:24:45,cosmetic,6.94,card
T005692,U04432,2026-01-25 12:18:17,booster,3.26,card
T005693,U04432,2026-01-29 12:37:53,battlepass,13.71,card
T005694,U04432,2026-01-07 11:12:14,cosmetic,5.95,card
T005695,U04433,2026-03-19 16:48:59,cosmetic,6.37,wallet
T005696,U04436,2026-03-24 05:09:52,currency,18.17,card
T005697,U04436,2026-03-12 11:08:09,booster,3.71,wallet
T005698,U04436,2026-03-24 13:47:42,expansion,24.62,wallet
T005699,U04438,2026-03-27 06:14:54,currency,9.44,card
T005700,U04438,2026-03-18 00:15:11,battlepass,20.22,card
T005701,U04438,2026-03-11 22:15:04,expansion,13.46,card
T005702,U04439,2026-01-27 12:56:31,booster,4.6,card
T005703,U04439,2026-01-27 18:00:57,expansion,27.57,card
T005704,U04439,2026-02-04 10:54:19,currency,8.45,card
T005705,U04440,2026-01-24 07:08:40,cosmetic,10.06,card
T005706,U04440,2026-01-20 10:57:32,battlepass,16.49,card
T005707,U04440,2026-02-04 15:43:40,cosmetic,9.19,card
T005708,U04441,2026-02-10 12:35:39,expansion,13.67,card
T005709,U04445,2026-03-03 13:13:22,currency,12.85,wallet
T005710,U04445,2026-03-15 07:13:31,currency,10.48,wallet
T005711,U04445,2026-02-19 16:04:46,cosmetic,7.15,wallet
T005712,U04445,2026-02-22 01:56:03,cosmetic,8.65,wallet
T005713,U04450,2026-03-19 13:40:13,booster,2.69,card
T005714,U04450,2026-03-15 23:03:32,booster,3.8,wallet
T005715,U04450,2026-03-14 04:45:53,expansion,14.16,wallet
T005716,U04450,2026-03-23 06:40:06,booster,2.44,wallet
T005717,U04451,2026-03-12 11:57:43,booster,6.35,wallet
T005718,U04453,2026-02-17 18:50:10,expansion,28.6,card
T005719,U04453,2026-02-16 14:41:58,booster,6.14,card
T005720,U04453,2026-02-20 05:13:05,currency,14.48,card
T005721,U04454,2026-03-07 13:52:35,booster,5.83,wallet
T005722,U04454,2026-02-13 21:01:44,currency,10.84,card
T005723,U04455,2026-02-27 09:18:32,cosmetic,6.6,card
T005724,U04455,2026-02-07 20:41:15,booster,5.55,card
T005725,U04455,2026-02-15 01:16:45,booster,2.41,card
T005726,U04456,2026-01-11 12:36:08,cosmetic,6.08,card
T005727,U04456,2026-01-05 04:51:35,currency,13.81,card
T005728,U04456,2026-01-05 07:17:49,cosmetic,6.34,card
T005729,U04456,2026-01-06 03:14:51,currency,11.66,card
T005730,U04457,2026-03-06 21:07:03,currency,17.9,wallet
T005731,U04457,2026-02-19 05:55:22,cosmetic,8.15,wallet
T005732,U04457,2026-02-24 07:25:22,cosmetic,10.73,wallet
T005733,U04457,2026-02-08 01:12:18,booster,4.71,card
T005734,U04457,2026-02-25 22:03:16,expansion,26.99,wallet
T005735,U04459,2026-02-02 22:06:42,expansion,17.47,wallet
T005736,U04459,2026-01-25 05:44:40,booster,4.84,card
T005737,U04460,2026-02-27 19:05:37,currency,18.21,card
T005738,U04460,2026-03-08 02:48:46,booster,6.46,card
T005739,U04460,2026-02-15 01:15:31,battlepass,8.37,card
T005740,U04460,2026-02-15 04:54:28,booster,4.72,card
T005741,U04461,2026-01-21 19:19:30,currency,12.01,card
T005742,U04461,2026-01-24 06:19:59,currency,13.95,card
T005743,U04462,2026-01-30 07:38:35,battlepass,12.15,card
T005744,U04465,2026-02-06 23:47:42,currency,15.88,card
T005745,U04465,2026-02-16 17:54:00,currency,21.08,card
T005746,U04467,2026-03-01 10:13:25,cosmetic,8.76,card
T005747,U04467,2026-03-07 01:34:44,currency,12.86,card
T005748,U04467,2026-03-17 00:16:33,battlepass,13.63,card
T005749,U04467,2026-02-27 08:23:44,booster,5.78,card
T005750,U04468,2026-03-02 16:08:44,expansion,19.38,card
T005751,U04468,2026-03-20 17:03:04,expansion,22.17,card
T005752,U04468,2026-03-18 11:05:16,booster,5.84,card
T005753,U04468,2026-03-12 04:18:51,booster,3.86,card
T005754,U04472,2026-03-23 00:50:22,expansion,20.85,card
T005755,U04472,2026-03-08 17:56:09,booster,5.62,card
T005756,U04472,2026-03-15 12:14:08,booster,4.57,card
T005757,U04472,2026-03-10 09:23:00,battlepass,13.31,card
T005758,U04473,2026-02-05 19:22:58,booster,4.83,card
T005759,U04473,2026-02-08 07:25:50,expansion,28.54,card
T005760,U04474,2026-02-02 04:20:20,expansion,22.04,wallet
T005761,U04474,2026-01-09 16:30:46,cosmetic,8.69,card
T005762,U04474,2026-01-19 21:36:55,cosmetic,10.94,wallet
T005763,U04476,2026-02-01 18:52:22,booster,3.73,card
T005764,U04476,2026-01-24 01:51:13,cosmetic,4.04,card
T005765,U04476,2026-01-29 01:54:52,cosmetic,7.41,wallet
T005766,U04476,2026-02-13 13:46:34,cosmetic,7.11,wallet
T005767,U04476,2026-02-18 13:49:46,expansion,18.25,card
T005768,U04478,2026-01-31 04:32:36,cosmetic,4.46,wallet
T005769,U04478,2026-02-05 10:24:14,booster,5.76,wallet
T005770,U04478,2026-02-14 17:32:59,expansion,12.39,card
T005771,U04478,2026-02-09 00:04:08,expansion,13.17,wallet
T005772,U04478,2026-02-03 13:26:46,booster,4.98,card
T005773,U04478,2026-02-09 15:15:28,booster,2.52,wallet
T005774,U04478,2026-01-24 15:44:39,currency,21.52,wallet
T005775,U04489,2026-03-01 22:27:13,currency,11.48,card
T005776,U04489,2026-03-08 16:06:39,battlepass,12.53,wallet
T005777,U04489,2026-02-28 12:03:59,expansion,16.27,card
T005778,U04492,2026-01-23 09:30:57,cosmetic,10.47,wallet
T005779,U04492,2026-01-24 02:24:39,booster,2.45,wallet
T005780,U04493,2026-03-12 16:12:44,booster,3.63,card
T005781,U04496,2026-02-21 23:45:27,cosmetic,6.13,card
T005782,U04498,2026-02-01 01:22:23,booster,5.3,wallet
T005783,U04498,2026-02-14 00:24:19,cosmetic,5.5,wallet
T005784,U04498,2026-01-26 19:19:24,booster,5.25,card
T005785,U04502,2026-02-18 07:48:30,currency,8.2,card
T005786,U04502,2026-03-02 00:24:19,booster,6.31,card
T005787,U04507,2026-01-30 17:54:31,cosmetic,9.16,card
T005788,U04507,2026-01-24 14:33:35,cosmetic,4.15,card
T005789,U04510,2026-03-12 17:12:17,battlepass,15.46,wallet
T005790,U04510,2026-03-11 16:29:08,battlepass,17.11,card
T005791,U04511,2026-02-04 08:57:34,battlepass,9.87,card
T005792,U04511,2026-01-23 01:14:40,cosmetic,4.03,card
T005793,U04519,2026-03-10 14:23:46,cosmetic,4.75,wallet
T005794,U04519,2026-02-18 00:53:38,cosmetic,9.68,wallet
T005795,U04519,2026-02-28 17:03:29,booster,4.98,wallet
T005796,U04519,2026-02-19 21:02:10,booster,6.24,wallet
T005797,U04519,2026-02-25 12:35:04,cosmetic,6.27,card
T005798,U04519,2026-03-12 06:45:20,battlepass,17.0,card
T005799,U04519,2026-02-15 09:31:09,cosmetic,5.65,wallet
T005800,U04520,2026-01-28 18:48:10,expansion,12.32,card
T005801,U04520,2026-02-14 22:30:10,cosmetic,5.98,card
T005802,U04520,2026-02-20 06:02:50,currency,21.58,card
T005803,U04522,2026-03-02 12:51:02,cosmetic,7.35,wallet
T005804,U04522,2026-02-18 18:30:11,cosmetic,4.98,wallet
T005805,U04523,2026-02-05 11:57:41,cosmetic,9.99,card
T005806,U04524,2026-03-08 04:15:44,cosmetic,4.3,card
T005807,U04524,2026-03-09 01:08:29,currency,17.9,card
T005808,U04524,2026-03-30 08:33:23,booster,2.45,card
T005809,U04526,2026-02-14 07:20:33,currency,16.4,card
T005810,U04526,2026-02-02 19:46:53,battlepass,17.87,card
T005811,U04526,2026-02-20 12:41:18,cosmetic,5.64,card
T005812,U04526,2026-02-15 03:45:45,booster,4.16,card
T005813,U04527,2026-01-30 18:41:17,battlepass,14.3,card
T005814,U04527,2026-01-03 08:06:08,cosmetic,5.86,card
T005815,U04527,2026-01-19 22:50:19,battlepass,9.72,card
T005816,U04529,2026-02-14 20:48:38,booster,3.74,wallet
T005817,U04529,2026-02-24 13:00:15,booster,3.24,wallet
T005818,U04531,2026-01-02 07:09:46,cosmetic,10.28,card
T005819,U04531,2026-01-05 03:56:09,cosmetic,7.27,card
T005820,U04531,2026-01-28 12:27:24,cosmetic,5.83,card
T005821,U04534,2026-03-05 11:34:01,booster,5.48,wallet
T005822,U04534,2026-03-10 20:31:07,cosmetic,6.32,card
T005823,U04537,2026-01-28 19:20:51,currency,20.96,wallet
T005824,U04538,2026-03-03 16:10:32,expansion,20.88,card
T005825,U04538,2026-02-21 15:50:34,currency,12.25,card
T005826,U04539,2026-03-16 02:44:00,cosmetic,8.92,wallet
T005827,U04539,2026-02-24 23:35:02,currency,18.84,wallet
T005828,U04539,2026-03-18 21:13:59,booster,4.13,wallet
T005829,U04541,2026-02-05 16:58:28,booster,6.43,card
T005830,U04541,2026-02-16 22:51:35,battlepass,21.68,card
T005831,U04541,2026-02-12 21:56:53,cosmetic,4.55,wallet
T005832,U04541,2026-02-16 02:19:05,currency,8.05,card
T005833,U04541,2026-02-28 12:45:18,battlepass,13.22,wallet
T005834,U04542,2026-03-07 07:19:07,battlepass,19.17,wallet
T005835,U04542,2026-02-14 02:41:38,battlepass,9.04,wallet
T005836,U04544,2026-02-16 02:26:16,cosmetic,9.44,card
T005837,U04544,2026-02-16 19:05:24,expansion,29.34,card
T005838,U04544,2026-03-03 00:01:10,cosmetic,6.0,card
T005839,U04544,2026-02-28 03:31:25,cosmetic,6.19,card
T005840,U04544,2026-02-08 04:53:45,currency,20.11,card
T005841,U04548,2026-03-18 14:35:13,cosmetic,6.7,wallet
T005842,U04549,2026-02-05 07:02:26,cosmetic,5.33,wallet
T005843,U04549,2026-02-22 18:43:41,expansion,12.19,wallet
T005844,U04549,2026-02-26 03:46:30,currency,9.89,wallet
T005845,U04549,2026-02-03 14:42:14,currency,18.7,wallet
T005846,U04552,2026-01-13 17:25:35,currency,16.15,wallet
T005847,U04552,2026-02-01 09:33:04,currency,15.99,card
T005848,U04552,2026-01-18 21:15:03,cosmetic,4.09,card
T005849,U04552,2026-01-16 03:00:58,cosmetic,7.02,wallet
T005850,U04552,2026-01-15 11:10:23,cosmetic,8.19,card
T005851,U04552,2026-01-05 07:20:35,currency,10.22,card
T005852,U04556,2026-01-25 08:09:19,battlepass,19.34,wallet
T005853,U04556,2026-01-21 14:15:42,booster,5.34,wallet
T005854,U04556,2026-01-31 14:27:23,cosmetic,7.89,wallet
T005855,U04559,2026-03-04 14:35:23,cosmetic,6.01,card
T005856,U04559,2026-03-03 06:42:25,cosmetic,10.91,card
T005857,U04559,2026-02-22 16:17:01,booster,6.34,card
T005858,U04559,2026-02-24 18:27:18,expansion,29.19,card
T005859,U04560,2026-03-02 09:50:24,booster,5.74,card
T005860,U04560,2026-03-07 06:12:01,cosmetic,4.55,card
T005861,U04563,2026-01-06 04:58:17,cosmetic,4.39,card
T005862,U04563,2026-01-18 12:59:13,currency,11.36,card
T005863,U04564,2026-02-05 04:11:02,booster,5.18,card
T005864,U04564,2026-02-04 11:19:12,currency,20.16,card
T005865,U04568,2026-03-03 02:36:42,expansion,28.69,card
T005866,U04568,2026-03-10 23:33:35,cosmetic,7.72,card
T005867,U04568,2026-02-16 23:00:50,cosmetic,4.44,card
T005868,U04572,2026-01-11 12:25:53,cosmetic,9.0,card
T005869,U04572,2026-02-02 03:58:04,cosmetic,7.96,wallet
T005870,U04572,2026-02-02 11:23:04,expansion,29.23,card
T005871,U04573,2026-02-11 22:55:11,expansion,31.7,wallet
T005872,U04574,2026-03-24 14:09:13,expansion,28.1,card
T005873,U04574,2026-03-17 20:04:32,currency,18.12,wallet
T005874,U04574,2026-03-23 02:59:00,booster,5.31,card
T005875,U04574,2026-02-26 16:46:29,battlepass,9.01,card
T005876,U04574,2026-02-28 09:31:43,booster,6.13,card
T005877,U04575,2026-03-04 23:14:07,cosmetic,5.37,wallet
T005878,U04575,2026-03-05 18:50:04,expansion,20.11,card
T005879,U04575,2026-02-18 18:15:01,battlepass,17.79,card
T005880,U04577,2026-01-17 18:25:58,currency,9.18,card
T005881,U04577,2026-01-15 16:22:08,expansion,26.64,card
T005882,U04577,2026-02-03 18:02:31,cosmetic,4.14,card
T005883,U04579,2026-01-22 17:25:48,cosmetic,7.02,card
T005884,U04579,2026-02-11 02:16:17,booster,2.7,card
T005885,U04579,2026-02-13 05:41:31,expansion,23.7,card
T005886,U04585,2026-02-19 19:45:04,battlepass,10.36,card
T005887,U04585,2026-02-26 01:19:15,expansion,31.33,card
T005888,U04587,2026-02-05 22:14:15,booster,2.53,wallet
T005889,U04587,2026-02-11 19:08:07,booster,5.55,wallet
T005890,U04587,2026-01-23 14:26:40,battlepass,15.81,card
T005891,U04591,2026-02-17 11:40:27,cosmetic,10.13,card
T005892,U04591,2026-02-24 03:09:37,currency,12.95,card
T005893,U04591,2026-02-12 18:11:39,currency,14.93,card
T005894,U04592,2026-01-21 19:26:56,battlepass,9.5,wallet
T005895,U04592,2026-01-18 19:21:51,booster,4.15,wallet
T005896,U04592,2026-01-27 02:22:06,expansion,12.25,wallet
T005897,U04592,2026-01-03 18:10:04,cosmetic,9.95,card
T005898,U04592,2026-01-22 01:29:44,battlepass,12.15,wallet
T005899,U04592,2026-01-25 11:50:37,booster,4.16,wallet
T005900,U04593,2026-01-29 10:43:45,currency,8.06,wallet
T005901,U04593,2026-01-06 06:56:11,currency,11.19,wallet
T005902,U04594,2026-03-14 17:56:13,currency,20.8,card
T005903,U04594,2026-02-16 07:36:37,currency,13.65,card
T005904,U04594,2026-03-12 08:59:38,expansion,19.42,card
T005905,U04595,2026-02-23 09:51:34,currency,9.18,card
T005906,U04595,2026-02-08 19:11:16,booster,5.17,card
T005907,U04599,2026-03-16 03:49:24,expansion,21.16,card
T005908,U04599,2026-03-03 02:20:42,battlepass,21.2,card
T005909,U04599,2026-03-20 03:51:39,battlepass,11.59,wallet
T005910,U04599,2026-03-11 21:14:38,cosmetic,5.45,card
T005911,U04604,2026-02-17 10:20:31,booster,5.67,card
T005912,U04604,2026-02-24 13:29:28,battlepass,16.29,card
T005913,U04604,2026-03-13 04:12:20,cosmetic,8.91,card
T005914,U04607,2026-01-27 21:47:29,battlepass,12.36,wallet
T005915,U04607,2026-02-02 23:44:13,expansion,24.5,wallet
T005916,U04608,2026-02-06 22:34:02,battlepass,20.62,card
T005917,U04609,2026-03-21 02:39:57,cosmetic,8.46,wallet
T005918,U04609,2026-03-16 06:45:42,booster,6.04,wallet
T005919,U04609,2026-03-18 10:17:06,currency,8.29,wallet
T005920,U04609,2026-03-23 16:30:23,cosmetic,5.07,wallet
T005921,U04609,2026-03-21 08:04:54,currency,9.83,card
T005922,U04611,2026-01-11 22:35:05,cosmetic,9.02,card
T005923,U04611,2026-01-19 06:50:04,battlepass,14.36,card
T005924,U04612,2026-02-10 03:45:25,currency,21.26,card
T005925,U04612,2026-02-08 19:22:57,battlepass,15.71,card
T005926,U04612,2026-02-17 09:53:13,booster,2.78,card
T005927,U04612,2026-01-20 12:09:20,booster,5.23,card
T005928,U04614,2026-02-03 10:37:15,expansion,23.41,card
T005929,U04614,2026-02-13 07:05:41,cosmetic,9.75,card
T005930,U04614,2026-02-27 12:52:14,cosmetic,5.25,card
T005931,U04614,2026-02-02 14:47:55,currency,14.49,card
T005932,U04615,2026-02-20 09:26:44,expansion,18.27,wallet
T005933,U04616,2026-02-01 03:56:47,battlepass,20.76,card
T005934,U04618,2026-02-13 18:54:48,currency,16.81,wallet
T005935,U04618,2026-02-23 05:25:46,cosmetic,4.22,card
T005936,U04620,2026-02-23 04:19:29,currency,17.66,card
T005937,U04620,2026-03-20 02:29:44,booster,5.61,card
T005938,U04623,2026-03-02 10:15:39,cosmetic,10.4,wallet
T005939,U04623,2026-03-12 01:47:07,cosmetic,10.83,wallet
T005940,U04623,2026-03-09 16:43:20,battlepass,16.84,wallet
T005941,U04624,2026-01-27 18:47:50,cosmetic,8.17,card
T005942,U04624,2026-01-22 22:19:06,booster,3.54,wallet
T005943,U04625,2026-02-19 13:49:31,cosmetic,7.5,card
T005944,U04628,2026-02-05 02:37:05,currency,9.78,card
T005945,U04628,2026-01-13 06:41:20,currency,18.25,card
T005946,U04628,2026-01-14 18:33:47,booster,4.96,card
T005947,U04629,2026-02-15 03:14:26,cosmetic,5.85,wallet
T005948,U04629,2026-02-21 21:50:32,cosmetic,10.95,card
T005949,U04629,2026-03-16 20:51:03,expansion,13.05,wallet
T005950,U04633,2026-01-23 06:25:15,booster,2.44,card
T005951,U04633,2026-02-12 04:09:59,booster,6.48,card
T005952,U04633,2026-01-18 01:55:17,battlepass,18.0,card
T005953,U04633,2026-02-01 05:46:13,booster,5.88,card
T005954,U04635,2026-01-20 17:24:38,cosmetic,8.62,card
T005955,U04635,2026-01-18 09:55:22,cosmetic,7.81,wallet
T005956,U04635,2026-01-24 11:30:40,currency,10.09,wallet
T005957,U04636,2026-02-17 21:42:50,booster,3.51,wallet
T005958,U04636,2026-02-27 22:16:56,currency,21.32,wallet
T005959,U04636,2026-03-09 06:32:18,cosmetic,4.15,card
T005960,U04636,2026-02-27 06:24:31,currency,11.73,wallet
T005961,U04636,2026-03-03 11:13:02,battlepass,14.03,card
T005962,U04639,2026-02-07 01:56:33,cosmetic,10.67,card
T005963,U04643,2026-03-05 13:57:33,booster,2.85,wallet
T005964,U04643,2026-03-12 05:07:35,booster,2.88,wallet
T005965,U04643,2026-03-03 15:53:57,battlepass,8.03,wallet
T005966,U04645,2026-01-23 11:55:52,booster,5.9,card
T005967,U04645,2026-01-21 14:05:58,booster,4.21,card
T005968,U04645,2026-01-29 10:21:54,battlepass,11.17,card
T005969,U04645,2026-01-19 06:30:54,expansion,12.49,card
T005970,U04646,2026-01-28 04:32:40,expansion,20.86,wallet
T005971,U04646,2026-02-12 13:56:06,currency,19.78,wallet
T005972,U04646,2026-02-08 07:54:51,booster,5.41,card
T005973,U04649,2026-01-24 11:41:56,cosmetic,5.97,wallet
T005974,U04652,2026-03-28 10:53:47,currency,21.71,card
T005975,U04652,2026-03-09 13:58:25,expansion,13.58,card
T005976,U04654,2026-01-31 01:05:26,battlepass,10.62,card
T005977,U04656,2026-02-06 03:40:37,cosmetic,5.88,wallet
T005978,U04656,2026-01-13 03:20:35,battlepass,21.21,wallet
T005979,U04656,2026-02-03 04:19:15,cosmetic,7.29,wallet
T005980,U04656,2026-01-16 09:43:32,expansion,28.21,wallet
T005981,U04656,2026-01-31 10:52:28,cosmetic,7.86,card
T005982,U04660,2026-02-07 14:21:43,expansion,29.2,card
T005983,U04660,2026-02-14 07:46:49,booster,4.32,card
T005984,U04660,2026-02-24 12:25:16,cosmetic,7.87,card
T005985,U04660,2026-02-25 02:42:45,booster,3.38,card
T005986,U04664,2026-02-03 02:00:50,battlepass,12.38,wallet
T005987,U04664,2026-02-19 20:47:22,expansion,16.86,wallet
T005988,U04664,2026-02-20 19:45:03,currency,8.76,wallet
T005989,U04664,2026-01-25 17:35:05,cosmetic,6.46,wallet
T005990,U04664,2026-02-19 12:57:15,currency,13.08,wallet
T005991,U04665,2026-02-14 20:24:55,battlepass,15.9,wallet
T005992,U04667,2026-02-09 02:29:07,currency,20.98,card
T005993,U04671,2026-01-28 11:36:14,booster,4.71,card
T005994,U04671,2026-01-20 17:40:15,currency,20.2,card
T005995,U04671,2026-01-17 18:35:02,currency,19.84,card
T005996,U04673,2026-01-26 14:00:28,cosmetic,8.71,card
T005997,U04673,2026-01-21 16:19:32,expansion,15.31,card
T005998,U04673,2026-01-16 13:40:18,currency,18.01,card
T005999,U04673,2026-01-19 09:10:27,currency,18.68,card
T006000,U04673,2026-01-19 23:32:37,cosmetic,5.36,wallet
T006001,U04679,2026-02-17 02:22:11,currency,10.74,card
T006002,U04679,2026-02-25 17:32:48,cosmetic,6.57,card
T006003,U04679,2026-02-15 04:13:55,battlepass,8.85,card
T006004,U04679,2026-02-27 17:49:55,currency,15.08,card
T006005,U04679,2026-02-13 11:54:58,cosmetic,8.16,card
T006006,U04680,2026-01-29 12:46:39,currency,21.02,wallet
T006007,U04680,2026-01-15 12:17:27,cosmetic,9.67,wallet
T006008,U04680,2026-01-30 22:21:17,battlepass,12.92,card
T006009,U04682,2026-01-27 22:47:00,battlepass,11.31,card
T006010,U04682,2026-01-26 13:23:31,battlepass,21.51,card
T006011,U04685,2026-02-12 01:31:54,cosmetic,6.15,wallet
T006012,U04685,2026-02-19 20:03:20,battlepass,10.44,wallet
T006013,U04685,2026-02-20 00:23:10,booster,6.24,card
T006014,U04686,2026-02-26 03:13:26,cosmetic,10.98,wallet
T006015,U04686,2026-02-15 14:02:19,booster,6.23,card
T006016,U04687,2026-03-11 17:09:02,expansion,14.88,card
T006017,U04687,2026-02-28 15:45:59,currency,19.79,card
T006018,U04687,2026-03-23 15:24:06,currency,19.37,card
T006019,U04689,2026-01-22 13:23:10,cosmetic,6.82,card
T006020,U04689,2026-01-16 18:21:06,booster,4.63,card
T006021,U04689,2026-01-12 12:04:52,expansion,27.86,card
T006022,U04689,2026-01-03 06:59:29,expansion,20.57,card
T006023,U04691,2026-01-07 04:20:04,expansion,21.66,card
T006024,U04693,2026-03-30 20:46:14,currency,18.07,card
T006025,U04693,2026-03-20 05:00:05,currency,21.02,card
T006026,U04693,2026-03-21 19:26:28,currency,21.14,card
T006027,U04694,2026-03-15 22:04:47,battlepass,10.99,wallet
T006028,U04694,2026-02-24 12:05:30,currency,21.17,card
T006029,U04694,2026-02-28 05:39:46,battlepass,17.9,card
T006030,U04694,2026-03-04 17:29:24,cosmetic,5.84,wallet
T006031,U04694,2026-03-09 11:40:44,battlepass,12.08,wallet
T006032,U04694,2026-03-13 11:57:21,booster,3.88,wallet
T006033,U04695,2026-02-16 07:16:00,booster,2.97,wallet
T006034,U04698,2026-01-27 13:23:27,booster,5.82,card
T006035,U04698,2026-01-26 12:47:50,booster,2.61,card
T006036,U04698,2026-01-27 09:29:28,currency,21.46,card
T006037,U04705,2026-03-06 12:59:51,booster,3.77,wallet
T006038,U04705,2026-02-21 19:33:24,expansion,19.52,card
T006039,U04708,2026-02-28 23:43:48,cosmetic,4.76,card
T006040,U04708,2026-02-08 20:11:29,cosmetic,7.32,card
T006041,U04710,2026-01-30 20:12:55,expansion,22.58,card
T006042,U04710,2026-02-08 11:56:45,cosmetic,9.55,card
T006043,U04714,2026-02-21 19:19:06,expansion,28.65,card
T006044,U04715,2026-01-10 22:24:37,currency,21.32,wallet
T006045,U04715,2026-01-08 08:57:34,cosmetic,5.87,wallet
T006046,U04715,2026-01-25 17:30:00,booster,2.69,wallet
T006047,U04717,2026-02-27 02:22:39,currency,17.96,card
T006048,U04719,2026-02-10 15:19:33,currency,8.88,card
T006049,U04719,2026-02-01 06:22:11,currency,16.43,card
T006050,U04719,2026-02-02 12:36:22,cosmetic,7.47,card
T006051,U04719,2026-02-18 14:35:03,cosmetic,9.09,card
T006052,U04720,2026-01-20 13:36:23,cosmetic,10.18,card
T006053,U04720,2026-01-31 11:41:24,currency,18.87,card
T006054,U04723,2026-03-15 10:43:24,currency,10.82,card
T006055,U04723,2026-03-03 01:18:50,cosmetic,7.54,card
T006056,U04723,2026-02-26 20:46:01,expansion,19.37,card
T006057,U04724,2026-01-19 17:07:12,expansion,27.48,card
T006058,U04724,2026-01-10 08:31:29,booster,5.95,card
T006059,U04724,2026-01-22 09:41:01,booster,2.46,card
T006060,U04725,2026-02-15 08:17:43,currency,17.74,card
T006061,U04725,2026-02-03 00:35:28,cosmetic,10.26,card
T006062,U04725,2026-02-08 10:40:08,cosmetic,8.18,card
T006063,U04726,2026-02-04 01:12:02,cosmetic,6.86,card
T006064,U04726,2026-01-29 00:48:42,currency,19.95,card
T006065,U04726,2026-02-21 02:00:07,cosmetic,7.47,wallet
T006066,U04731,2026-03-01 02:31:20,expansion,13.7,card
T006067,U04733,2026-03-07 19:56:27,cosmetic,10.09,card
T006068,U04733,2026-03-04 23:22:41,currency,13.68,card
T006069,U04733,2026-02-16 02:58:24,expansion,31.28,card
T006070,U04733,2026-03-11 19:19:54,booster,4.68,card
T006071,U04733,2026-02-16 14:35:09,expansion,13.22,card
T006072,U04737,2026-01-17 16:03:30,cosmetic,4.6,wallet
T006073,U04737,2026-01-07 12:34:46,cosmetic,4.06,wallet
T006074,U04740,2026-02-10 13:25:03,booster,5.98,card
T006075,U04741,2026-02-07 17:01:48,booster,3.94,card
T006076,U04741,2026-02-03 11:45:04,booster,5.69,card
T006077,U04741,2026-02-09 08:59:51,currency,19.71,card
T006078,U04741,2026-01-26 17:17:36,currency,19.62,card
T006079,U04741,2026-02-02 06:24:57,cosmetic,9.13,card
T006080,U04745,2026-02-12 13:52:15,cosmetic,4.55,card
T006081,U04747,2026-03-02 05:35:51,currency,8.25,card
T006082,U04747,2026-03-01 11:49:42,expansion,24.74,card
T006083,U04747,2026-03-15 05:24:06,cosmetic,8.6,card
T006084,U04750,2026-01-28 12:03:45,expansion,32.93,card
T006085,U04750,2026-01-29 16:48:19,cosmetic,5.13,card
T006086,U04751,2026-01-12 15:30:34,currency,12.46,card
T006087,U04751,2026-01-09 12:58:11,expansion,21.71,card
T006088,U04752,2026-01-19 12:17:34,battlepass,18.13,card
T006089,U04752,2026-01-29 01:33:11,currency,12.73,wallet
T006090,U04752,2026-02-06 20:51:50,cosmetic,9.65,card
T006091,U04752,2026-01-20 00:53:58,booster,4.73,card
T006092,U04754,2026-02-23 08:40:00,cosmetic,7.6,card
T006093,U04754,2026-03-21 12:04:18,cosmetic,4.86,card
T006094,U04754,2026-03-19 03:03:00,currency,9.5,card
T006095,U04758,2026-01-10 22:55:51,currency,8.57,wallet
T006096,U04758,2026-01-14 00:13:57,booster,3.63,card
T006097,U04758,2026-01-28 22:55:23,cosmetic,10.65,wallet
T006098,U04758,2026-01-15 06:50:16,cosmetic,10.7,wallet
T006099,U04760,2026-03-04 14:08:59,cosmetic,7.5,wallet
T006100,U04760,2026-02-20 17:18:22,booster,2.73,card
T006101,U04760,2026-02-28 23:08:38,cosmetic,9.8,card
T006102,U04760,2026-02-28 04:27:59,currency,19.44,wallet
T006103,U04761,2026-03-12 09:57:06,booster,6.14,card
T006104,U04761,2026-03-10 13:47:25,cosmetic,5.84,card
T006105,U04761,2026-03-01 18:51:32,cosmetic,4.66,card
T006106,U04761,2026-03-04 20:24:09,booster,5.59,card
T006107,U04761,2026-03-22 07:14:34,cosmetic,10.04,card
T006108,U04763,2026-02-02 07:39:14,battlepass,20.23,card
T006109,U04765,2026-02-13 07:12:16,cosmetic,4.3,card
T006110,U04766,2026-01-27 01:21:16,expansion,17.11,wallet
T006111,U04766,2026-01-18 09:30:35,booster,3.74,card
T006112,U04769,2026-01-12 14:15:54,expansion,28.16,card
T006113,U04769,2026-01-14 20:40:23,cosmetic,9.59,card
T006114,U04769,2026-01-10 12:05:52,currency,17.75,wallet
T006115,U04780,2026-01-17 13:07:00,cosmetic,10.24,card
T006116,U04780,2026-01-20 17:25:14,currency,14.6,card
T006117,U04780,2026-02-03 15:23:13,expansion,25.83,card
T006118,U04780,2026-01-31 20:25:19,battlepass,13.43,card
T006119,U04781,2026-03-05 00:15:38,cosmetic,6.29,card
T006120,U04781,2026-03-03 05:49:31,cosmetic,9.82,card
T006121,U04781,2026-03-17 12:44:18,booster,6.5,card
T006122,U04781,2026-03-08 04:38:50,cosmetic,7.68,card
T006123,U04781,2026-03-16 14:58:03,cosmetic,10.11,card
T006124,U04781,2026-03-17 23:48:47,cosmetic,10.91,card
T006125,U04785,2026-03-04 02:32:04,booster,5.8,wallet
T006126,U04785,2026-03-08 17:59:45,booster,5.37,card
T006127,U04789,2026-01-21 23:49:58,cosmetic,9.5,card
T006128,U04796,2026-02-01 23:05:18,booster,6.33,card
T006129,U04799,2026-02-16 10:26:04,battlepass,13.28,wallet
T006130,U04800,2026-02-23 07:04:38,currency,9.74,card
T006131,U04811,2026-02-11 01:42:00,cosmetic,4.1,card
T006132,U04811,2026-01-30 07:43:37,cosmetic,6.07,card
T006133,U04813,2026-02-13 15:35:25,booster,4.92,card
T006134,U04814,2026-02-24 18:44:19,cosmetic,4.61,wallet
T006135,U04814,2026-03-02 02:59:26,cosmetic,5.77,card
T006136,U04815,2026-02-20 08:42:10,cosmetic,10.96,wallet
T006137,U04815,2026-03-13 12:49:08,currency,12.08,card
T006138,U04815,2026-03-09 02:47:32,currency,11.19,card
T006139,U04815,2026-03-01 10:22:58,cosmetic,9.02,wallet
T006140,U04821,2026-03-03 23:43:33,expansion,12.54,wallet
T006141,U04821,2026-02-15 08:44:02,cosmetic,4.64,card
T006142,U04821,2026-02-28 21:38:27,cosmetic,9.61,wallet
T006143,U04823,2026-02-26 18:26:18,cosmetic,9.72,card
T006144,U04823,2026-03-09 13:37:44,battlepass,21.11,card
T006145,U04823,2026-03-11 14:34:33,expansion,20.6,card
T006146,U04823,2026-03-08 08:43:02,cosmetic,6.3,card
T006147,U04824,2026-03-08 11:46:21,currency,12.83,wallet
T006148,U04824,2026-03-20 13:19:19,cosmetic,8.52,card
T006149,U04825,2026-02-25 03:32:22,expansion,15.68,wallet
T006150,U04829,2026-03-26 02:32:01,booster,3.76,wallet
T006151,U04829,2026-03-13 14:26:06,currency,10.7,wallet
T006152,U04829,2026-03-12 16:56:54,cosmetic,5.8,card
T006153,U04829,2026-02-25 21:46:42,cosmetic,6.96,wallet
T006154,U04829,2026-03-15 23:42:04,booster,2.5,wallet
T006155,U04830,2026-02-22 15:17:57,cosmetic,8.24,card
T006156,U04830,2026-02-17 15:32:04,booster,2.85,card
T006157,U04830,2026-02-17 00:00:41,booster,4.26,card
T006158,U04831,2026-02-16 13:25:21,expansion,25.36,wallet
T006159,U04831,2026-02-07 20:25:52,expansion,17.13,wallet
T006160,U04833,2026-02-15 07:00:00,cosmetic,6.44,card
T006161,U04833,2026-01-28 14:43:01,cosmetic,6.1,card
T006162,U04834,2026-01-23 20:38:10,battlepass,10.67,wallet
T006163,U04834,2026-02-06 13:28:34,cosmetic,7.65,wallet
T006164,U04834,2026-02-07 03:49:24,cosmetic,4.27,wallet
T006165,U04835,2026-03-06 01:50:31,currency,12.09,card
T006166,U04835,2026-03-17 06:08:09,cosmetic,7.73,card
T006167,U04839,2026-03-08 01:50:07,booster,3.97,card
T006168,U04839,2026-03-09 21:29:51,booster,3.42,card
T006169,U04839,2026-02-22 22:59:13,expansion,21.45,card
T006170,U04839,2026-03-18 15:20:14,cosmetic,6.99,card
T006171,U04840,2026-03-25 12:38:05,currency,20.37,card
T006172,U04840,2026-03-19 11:03:07,currency,13.65,card
T006173,U04844,2026-01-17 21:55:33,expansion,30.03,card
T006174,U04844,2026-01-31 12:29:28,booster,3.57,wallet
T006175,U04844,2026-02-10 20:29:18,cosmetic,9.16,wallet
T006176,U04844,2026-02-03 05:59:40,currency,18.38,wallet
T006177,U04844,2026-01-19 13:13:09,cosmetic,10.63,wallet
T006178,U04844,2026-02-01 16:22:26,battlepass,10.19,wallet
T006179,U04845,2026-02-27 15:10:55,battlepass,18.58,card
T006180,U04845,2026-03-08 11:17:55,cosmetic,10.29,card
T006181,U04845,2026-03-16 18:22:44,currency,16.25,card
T006182,U04846,2026-03-14 13:26:55,booster,5.73,wallet
T006183,U04846,2026-03-06 16:53:07,cosmetic,4.64,wallet
T006184,U04847,2026-02-24 22:00:27,cosmetic,10.78,card
T006185,U04847,2026-02-23 03:24:31,cosmetic,7.03,wallet
T006186,U04847,2026-03-14 10:33:27,booster,5.11,card
T006187,U04847,2026-03-12 09:41:43,booster,3.8,wallet
T006188,U04847,2026-03-04 13:16:43,battlepass,21.51,wallet
T006189,U04847,2026-03-20 20:29:42,cosmetic,8.55,card
T006190,U04847,2026-02-22 22:27:03,battlepass,14.72,wallet
T006191,U04847,2026-03-11 22:20:36,booster,5.44,wallet
T006192,U04848,2026-01-09 10:54:49,expansion,30.11,card
T006193,U04848,2026-02-04 15:12:52,cosmetic,4.16,card
T006194,U04849,2026-01-29 16:40:01,booster,2.5,card
T006195,U04849,2026-02-03 00:39:59,battlepass,8.48,card
T006196,U04851,2026-03-08 05:42:01,currency,9.54,card
T006197,U04851,2026-03-17 20:54:47,battlepass,19.74,wallet
T006198,U04851,2026-03-20 04:45:49,battlepass,21.59,wallet
T006199,U04854,2026-01-15 10:51:27,currency,16.02,card
T006200,U04854,2026-01-28 05:36:59,battlepass,13.18,card
T006201,U04855,2026-01-29 01:25:13,booster,6.19,card
T006202,U04855,2026-01-05 15:41:57,cosmetic,4.09,wallet
T006203,U04861,2026-01-23 20:08:51,battlepass,12.4,card
T006204,U04863,2026-03-12 05:38:07,booster,5.21,wallet
T006205,U04863,2026-03-11 14:34:30,booster,3.5,wallet
T006206,U04864,2026-02-22 17:01:51,expansion,28.2,card
T006207,U04864,2026-02-26 08:12:27,currency,21.38,card
T006208,U04864,2026-03-07 12:34:11,currency,15.02,card
T006209,U04865,2026-03-09 01:42:22,booster,4.45,card
T006210,U04866,2026-03-05 10:28:02,cosmetic,9.45,card
T006211,U04866,2026-03-05 13:15:38,expansion,23.9,wallet
T006212,U04868,2026-02-05 15:50:58,cosmetic,6.66,wallet
T006213,U04868,2026-02-17 17:56:15,booster,3.94,wallet
T006214,U04868,2026-02-08 17:18:03,cosmetic,5.99,wallet
T006215,U04869,2026-03-17 00:51:06,currency,14.55,card
T006216,U04869,2026-03-15 14:34:00,booster,3.15,card
T006217,U04870,2026-02-23 08:10:04,expansion,22.18,card
T006218,U04872,2026-03-13 10:57:44,cosmetic,10.81,card
T006219,U04872,2026-03-09 02:39:51,cosmetic,9.4,card
T006220,U04873,2026-01-04 22:37:45,expansion,24.54,card
T006221,U04875,2026-02-04 00:26:05,cosmetic,6.29,card
T006222,U04875,2026-01-29 05:09:07,booster,4.97,wallet
T006223,U04875,2026-01-13 12:54:43,booster,5.78,card
T006224,U04879,2026-02-23 00:16:12,cosmetic,5.28,card
T006225,U04879,2026-02-15 04:42:43,currency,19.94,wallet
T006226,U04881,2026-02-10 15:47:23,currency,21.26,card
T006227,U04881,2026-02-16 06:20:45,cosmetic,8.08,card
T006228,U04881,2026-01-31 04:15:38,booster,6.08,card
T006229,U04881,2026-02-20 13:26:59,cosmetic,10.79,card
T006230,U04882,2026-03-14 13:44:14,expansion,26.85,wallet
T006231,U04882,2026-03-22 19:34:55,cosmetic,9.52,card
T006232,U04882,2026-03-07 05:24:39,battlepass,12.97,card
T006233,U04883,2026-02-20 08:29:29,cosmetic,5.64,wallet
T006234,U04883,2026-02-19 18:29:50,battlepass,17.07,card
T006235,U04883,2026-01-31 03:26:06,booster,4.11,wallet
T006236,U04884,2026-02-01 06:28:07,cosmetic,7.8,card
T006237,U04884,2026-01-29 03:44:31,booster,4.51,card
T006238,U04889,2026-02-18 03:18:19,cosmetic,8.29,wallet
T006239,U04889,2026-02-17 08:29:17,cosmetic,4.48,wallet
T006240,U04889,2026-02-10 23:49:44,cosmetic,9.58,card
T006241,U04889,2026-02-16 04:01:09,currency,20.75,card
T006242,U04889,2026-02-01 22:33:13,expansion,21.01,card
T006243,U04894,2026-01-30 04:00:52,cosmetic,7.79,wallet
T006244,U04896,2026-01-26 00:38:38,cosmetic,10.58,card
T006245,U04896,2026-02-01 21:31:07,cosmetic,8.41,card
T006246,U04897,2026-02-22 08:49:59,battlepass,18.72,card
T006247,U04900,2026-03-02 16:55:36,booster,5.63,card
T006248,U04900,2026-02-08 18:36:47,cosmetic,4.27,wallet
T006249,U04900,2026-03-02 09:42:04,booster,3.85,wallet
T006250,U04900,2026-02-15 11:20:14,battlepass,20.69,wallet
T006251,U04902,2026-03-10 18:13:23,cosmetic,6.28,card
T006252,U04905,2026-01-15 03:38:19,booster,2.48,wallet
T006253,U04907,2026-02-10 20:45:05,cosmetic,10.19,card
T006254,U04907,2026-01-27 23:53:02,expansion,15.39,card
T006255,U04907,2026-01-21 08:58:49,cosmetic,7.2,card
T006256,U04910,2026-02-28 23:46:15,expansion,12.52,card
T006257,U04910,2026-02-08 00:12:47,cosmetic,10.78,wallet
T006258,U04913,2026-01-03 18:38:15,booster,4.36,card
T006259,U04913,2026-01-14 20:03:00,cosmetic,5.36,card
T006260,U04913,2026-01-04 08:49:56,expansion,19.5,wallet
T006261,U04914,2026-02-06 15:03:13,cosmetic,7.56,card
T006262,U04914,2026-03-07 10:31:45,cosmetic,7.13,wallet
T006263,U04914,2026-02-17 23:08:40,battlepass,14.48,card
T006264,U04915,2026-03-03 18:45:44,cosmetic,6.94,card
T006265,U04915,2026-02-16 20:06:56,cosmetic,4.33,card
T006266,U04915,2026-03-03 14:51:22,cosmetic,5.36,card
T006267,U04915,2026-03-01 02:10:37,booster,4.91,card
T006268,U04916,2026-01-28 07:36:19,cosmetic,10.28,wallet
T006269,U04916,2026-01-27 20:25:50,booster,5.13,wallet
T006270,U04918,2026-02-07 21:39:06,cosmetic,5.02,card
T006271,U04925,2026-01-31 11:40:33,cosmetic,10.03,card
T006272,U04925,2026-02-03 08:39:35,expansion,16.11,card
T006273,U04925,2026-02-16 05:51:53,cosmetic,8.52,card
T006274,U04925,2026-02-13 23:53:22,currency,10.65,card
T006275,U04929,2026-01-30 03:32:43,currency,9.13,card
T006276,U04929,2026-01-24 14:38:55,cosmetic,6.79,card
T006277,U04932,2026-03-10 06:27:31,currency,10.12,card
T006278,U04932,2026-02-22 21:05:31,booster,5.89,card
T006279,U04932,2026-02-25 02:53:13,cosmetic,9.01,card
T006280,U04933,2026-03-03 16:55:20,cosmetic,5.11,card
T006281,U04933,2026-03-12 07:01:40,cosmetic,7.91,wallet
T006282,U04933,2026-03-23 14:55:57,booster,5.58,card
T006283,U04933,2026-02-28 20:44:50,cosmetic,9.08,wallet
T006284,U04934,2026-03-01 16:13:54,booster,5.11,wallet
T006285,U04934,2026-02-22 07:09:50,cosmetic,7.69,wallet
T006286,U04934,2026-03-12 08:15:32,cosmetic,10.87,card
T006287,U04934,2026-03-07 11:07:55,cosmetic,5.84,wallet
T006288,U04935,2026-02-09 19:27:44,booster,3.42,card
T006289,U04935,2026-02-09 10:28:46,battlepass,8.93,card
T006290,U04935,2026-01-27 18:09:36,cosmetic,8.65,card
T006291,U04935,2026-01-27 19:45:21,cosmetic,5.21,card
T006292,U04935,2026-02-06 04:44:52,booster,6.49,card
T006293,U04936,2026-02-27 23:45:38,cosmetic,7.49,card
T006294,U04936,2026-02-06 08:48:23,currency,20.59,card
T006295,U04936,2026-02-06 17:14:02,battlepass,14.33,card
T006296,U04936,2026-02-16 02:35:55,cosmetic,4.15,wallet
T006297,U04937,2026-03-24 20:46:56,expansion,27.78,card
T006298,U04937,2026-03-18 02:29:48,cosmetic,9.38,card
T006299,U04937,2026-03-03 22:48:43,booster,3.04,card
T006300,U04939,2026-02-03 17:44:41,currency,21.28,card
T006301,U04939,2026-02-13 21:20:18,battlepass,10.42,wallet
T006302,U04940,2026-01-22 05:33:03,currency,19.06,card
T006303,U04940,2026-01-30 21:00:55,cosmetic,7.63,card
T006304,U04940,2026-01-26 04:36:36,expansion,13.01,card
T006305,U04941,2026-02-16 22:55:22,battlepass,20.61,card
T006306,U04941,2026-02-18 18:43:50,cosmetic,8.18,wallet
T006307,U04941,2026-02-20 22:40:27,booster,4.77,wallet
T006308,U04946,2026-02-28 09:04:32,expansion,31.31,card
T006309,U04946,2026-02-18 21:14:04,currency,19.4,card
T006310,U04946,2026-03-01 01:22:59,currency,15.69,card
T006311,U04946,2026-03-05 07:37:30,booster,5.8,card
T006312,U04947,2026-02-17 14:25:13,currency,11.25,card
T006313,U04947,2026-02-09 10:02:43,cosmetic,10.77,card
T006314,U04949,2026-01-27 13:49:42,cosmetic,10.16,card
T006315,U04949,2026-01-22 09:00:06,booster,5.64,card
T006316,U04951,2026-01-21 08:35:12,booster,3.68,card
T006317,U04952,2026-01-10 04:53:15,currency,19.16,wallet
T006318,U04952,2026-01-04 14:22:05,cosmetic,8.05,wallet
T006319,U04952,2026-02-02 03:24:57,cosmetic,5.69,wallet
T006320,U04952,2026-01-09 18:25:27,cosmetic,10.14,card
T006321,U04952,2026-01-19 21:20:53,cosmetic,6.05,card
T006322,U04955,2026-01-28 21:07:11,cosmetic,8.57,card
T006323,U04955,2026-02-19 19:57:01,battlepass,16.35,wallet
T006324,U04956,2026-02-08 08:25:48,currency,13.04,card
T006325,U04956,2026-02-09 05:56:44,cosmetic,7.1,wallet
T006326,U04956,2026-01-15 03:41:26,battlepass,11.0,wallet
T006327,U04956,2026-01-16 21:52:02,cosmetic,9.44,wallet
T006328,U04957,2026-01-30 21:48:18,expansion,19.15,wallet
T006329,U04958,2026-02-11 18:52:57,cosmetic,10.03,card
T006330,U04958,2026-02-14 09:28:02,cosmetic,4.59,card
T006331,U04958,2026-01-30 05:25:12,currency,11.78,card
T006332,U04961,2026-02-14 04:01:56,expansion,17.32,card
T006333,U04961,2026-02-08 15:13:49,cosmetic,7.61,wallet
T006334,U04961,2026-01-26 07:51:47,currency,16.4,card
T006335,U04961,2026-02-11 05:16:44,booster,5.03,wallet
T006336,U04963,2026-03-02 03:16:08,cosmetic,5.9,card
T006337,U04964,2026-02-05 07:48:30,cosmetic,4.05,card
T006338,U04964,2026-02-10 02:34:08,currency,16.73,card
T006339,U04965,2026-03-24 06:44:08,cosmetic,6.99,wallet
T006340,U04965,2026-03-12 15:57:33,battlepass,18.24,card
T006341,U04966,2026-01-07 20:18:40,booster,2.79,card
T006342,U04966,2026-01-24 08:45:17,cosmetic,9.37,card
T006343,U04969,2026-01-13 07:41:30,booster,6.0,card
T006344,U04971,2026-02-28 17:58:05,expansion,14.34,card
T006345,U04973,2026-03-20 00:58:53,battlepass,16.37,wallet
T006346,U04973,2026-03-02 19:05:26,cosmetic,7.68,card
T006347,U04973,2026-03-02 11:16:38,cosmetic,4.92,wallet
T006348,U04976,2026-02-28 23:55:05,expansion,22.41,card
T006349,U04977,2026-02-11 04:57:15,cosmetic,4.19,wallet
T006350,U04977,2026-02-25 02:10:41,currency,16.52,wallet
T006351,U04977,2026-02-26 23:41:31,currency,17.15,card
T006352,U04982,2026-03-15 23:03:13,booster,2.61,wallet
T006353,U04982,2026-03-27 20:36:50,currency,20.39,card
T006354,U04985,2026-01-31 12:18:31,cosmetic,4.59,card
T006355,U04985,2026-01-15 00:18:11,cosmetic,9.88,wallet
T006356,U04985,2026-02-05 21:39:39,cosmetic,7.31,wallet
T006357,U04987,2026-03-12 11:23:44,currency,10.87,card
T006358,U04987,2026-03-15 20:49:54,cosmetic,10.75,card
T006359,U04987,2026-03-03 13:15:53,expansion,31.09,card
T006360,U04990,2026-03-01 05:46:26,expansion,28.91,card
T006361,U04992,2026-02-16 14:05:42,booster,4.24,card
T006362,U04992,2026-02-14 18:07:22,battlepass,19.24,card
T006363,U04992,2026-02-18 19:34:14,cosmetic,5.72,card
T006364,U04995,2026-02-25 02:54:59,expansion,22.0,wallet
T006365,U04995,2026-03-02 03:15:07,expansion,30.33,wallet
T006366,U04998,2026-03-20 03:47:57,booster,5.87,card
T006367,U04999,2026-03-02 22:52:01,cosmetic,10.64,card
T006368,U04999,2026-02-14 13:16:16,cosmetic,9.71,wallet
T006369,U04999,2026-02-14 09:18:45,expansion,16.57,wallet
