user_id,signup_date,country,device,acquisition_channel,age_band,player_type_seed
U00001,2026-01-06,United States,Android,referral,25-34,casual
U00002,2026-02-16,Brazil,Android,organic,55+,casual
U00003,2026-02-09,India,iOS,organic,18-24,casual
U00004,2026-01-27,Japan,Android,influencer,25-34,competitive
U00005,2026-01-26,United States,Android,paid_social,25-34,casual
U00006,2026-02-21,United States,Android,organic,35-44,competitive
U00007,2026-01-06,India,Web,referral,35-44,casual
U00008,2026-02-11,India,Android,paid_social,18-24,competitive
U00009,2026-01-13,United Kingdom,Android,store_feature,35-44,competitive
U00010,2026-01-06,Brazil,Android,referral,18-24,competitive
U00011,2026-02-01,United Kingdom,Android,organic,35-44,casual
U00012,2026-02-28,Canada,Android,organic,18-24,collector
U00013,2026-02-14,United States,iOS,organic,25-34,casual
U00014,2026-02-15,United States,Android,referral,25-34,competitive
U00015,2026-02-13,United States,Android,paid_social,35-44,casual
U00016,2026-02-17,Japan,Android,referral,25-34,casual
U00017,2026-01-31,United States,Web,paid_social,25-34,competitive
U00018,2026-01-08,United States,Android,organic,18-24,casual
U00019,2026-02-20,Germany,iOS,organic,25-34,casual
U00020,2026-01-28,United States,iOS,organic,45-54,casual
U00021,2026-01-31,United States,iOS,paid_social,25-34,casual
U00022,2026-01-23,Germany,iOS,paid_social,25-34,collector
U00023,2026-01-11,Canada,Android,influencer,35-44,competitive
U00024,2026-02-25,Germany,iOS,organic,25-34,casual
U00025,2026-02-16,India,iOS,referral,45-54,competitive
U00026,2026-02-08,United States,iOS,organic,25-34,competitive
U00027,2026-01-25,India,Android,referral,55+,competitive
U00028,2026-02-19,India,Android,organic,45-54,competitive
U00029,2026-02-02,Japan,iOS,referral,25-34,casual
U00030,2026-01-27,Germany,iOS,organic,25-34,casual
U00031,2026-01-28,Germany,iOS,organic,35-44,competitive
U00032,2026-01-14,Germany,iOS,paid_social,35-44,competitive
U00033,2026-01-06,Brazil,iOS,paid_social,18-24,competitive
U00034,2026-02-03,United States,iOS,paid_social,18-24,casual
U00035,2026-02-23,India,iOS,organic,18-24,competitive
U00036,2026-01-04,Germany,Web,influencer,35-44,casual
U00037,2026-02-21,Japan,Android,organic,35-44,competitive
U00038,2026-02-19,Canada,Android,paid_social,18-24,casual
U00039,2026-01-17,United States,iOS,store_feature,25-34,competitive
U00040,2026-02-07,United Kingdom,iOS,referral,35-44,collector
U00041,2026-01-10,United Kingdom,Web,organic,55+,casual
U00042,2026-02-15,United Kingdom,iOS,paid_social,18-24,competitive
U00043,2026-02-12,Canada,Android,organic,25-34,competitive
U00044,2026-01-22,United States,Web,paid_social,25-34,casual
U00045,2026-01-05,United Kingdom,Android,paid_social,35-44,casual
U00046,2026-02-28,Canada,iOS,referral,18-24,competitive
U00047,2026-01-27,India,Android,store_feature,18-24,casual
U00048,2026-02-23,United States,iOS,organic,35-44,casual
U00049,2026-02-10,Canada,iOS,organic,25-34,collector
U00050,2026-02-16,United States,iOS,paid_social,18-24,competitive
U00051,2026-02-15,Germany,Web,paid_social,25-34,competitive
U00052,2026-01-12,United Kingdom,Android,paid_social,18-24,competitive
U00053,2026-01-22,Brazil,iOS,referral,25-34,casual
U00054,2026-01-29,India,iOS,paid_social,25-34,competitive
U00055,2026-01-30,United States,Android,influencer,18-24,casual
U00056,2026-01-03,Brazil,Web,paid_social,18-24,casual
U00057,2026-02-02,United States,iOS,organic,45-54,competitive
U00058,2026-01-10,United States,iOS,organic,45-54,collector
U00059,2026-02-14,United Kingdom,Web,paid_social,18-24,casual
U00060,2026-02-10,United States,Web,organic,35-44,collector
U00061,2026-02-25,Germany,Web,organic,18-24,competitive
U00062,2026-02-14,Brazil,iOS,organic,35-44,casual
U00063,2026-01-22,Brazil,iOS,referral,45-54,casual
U00064,2026-02-28,United Kingdom,Android,influencer,35-44,casual
U00065,2026-01-25,Germany,iOS,paid_social,35-44,competitive
U00066,2026-01-20,Canada,Web,organic,25-34,casual
U00067,2026-02-24,United States,iOS,paid_social,18-24,casual
U00068,2026-01-23,United States,Android,paid_social,25-34,casual
U00069,2026-01-05,Brazil,Web,influencer,18-24,collector
U00070,2026-01-29,India,Web,paid_social,35-44,casual
U00071,2026-02-17,United States,Android,referral,25-34,casual
U00072,2026-01-12,Germany,Web,influencer,18-24,casual
U00073,2026-01-28,Brazil,iOS,referral,25-34,casual
U00074,2026-01-08,Japan,iOS,organic,35-44,casual
U00075,2026-02-11,Germany,iOS,paid_social,25-34,competitive
U00076,2026-01-29,Germany,Web,paid_social,25-34,competitive
U00077,2026-01-20,Brazil,Web,paid_social,45-54,casual
U00078,2026-01-14,Japan,iOS,influencer,18-24,competitive
U00079,2026-02-03,United States,iOS,organic,35-44,casual
U00080,2026-02-10,India,iOS,paid_social,25-34,competitive
U00081,2026-02-26,United States,iOS,organic,18-24,casual
U00082,2026-01-27,Japan,Android,organic,55+,collector
U00083,2026-01-10,United States,iOS,paid_social,25-34,collector
U00084,2026-02-19,United States,Android,referral,25-34,competitive
U00085,2026-02-07,United States,Android,referral,18-24,casual
U00086,2026-02-12,United Kingdom,iOS,organic,55+,casual
U00087,2026-01-06,Canada,iOS,organic,45-54,competitive
U00088,2026-01-19,United States,Web,paid_social,18-24,casual
U00089,2026-02-16,United Kingdom,Android,paid_social,25-34,casual
U00090,2026-02-19,Canada,Android,store_feature,18-24,casual
U00091,2026-01-27,Japan,iOS,referral,35-44,casual
U00092,2026-02-18,India,Web,store_feature,25-34,casual
U00093,2026-02-20,Brazil,Android,store_feature,18-24,casual
U00094,2026-01-24,United States,Android,paid_social,25-34,competitive
U00095,2026-02-23,United States,Android,referral,45-54,casual
U00096,2026-01-18,India,Web,referral,25-34,casual
U00097,2026-01-15,United States,iOS,influencer,18-24,casual
U00098,2026-02-10,Canada,Android,paid_social,55+,collector
U00099,2026-02-08,India,iOS,referral,18-24,competitive
U00100,2026-01-09,India,Android,paid_social,25-34,competitive
U00101,2026-02-19,Canada,Web,referral,25-34,competitive
U00102,2026-01-12,Brazil,Web,influencer,18-24,competitive
U00103,2026-02-18,United Kingdom,Android,influencer,18-24,casual
U00104,2026-01-01,Brazil,Android,organic,18-24,competitive
U00105,2026-02-17,United States,Web,organic,18-24,casual
U00106,2026-02-17,United States,Web,referral,25-34,competitive
U00107,2026-02-16,Germany,Android,referral,45-54,casual
U00108,2026-02-09,United States,iOS,influencer,18-24,collector
U00109,2026-01-29,Brazil,iOS,organic,35-44,casual
U00110,2026-02-12,Canada,Web,store_feature,25-34,casual
U00111,2026-01-17,India,Android,referral,18-24,competitive
U00112,2026-02-16,Japan,Android,organic,25-34,casual
U00113,2026-02-03,United Kingdom,Android,organic,18-24,casual
U00114,2026-01-28,Japan,iOS,referral,35-44,collector
U00115,2026-01-31,United States,iOS,organic,25-34,competitive
U00116,2026-02-04,United Kingdom,Android,store_feature,35-44,competitive
U00117,2026-01-03,United States,iOS,paid_social,45-54,casual
U00118,2026-01-09,Japan,Android,paid_social,18-24,casual
U00119,2026-01-15,Japan,Android,organic,45-54,casual
U00120,2026-01-07,India,Android,influencer,18-24,competitive
U00121,2026-01-27,Japan,iOS,referral,18-24,competitive
U00122,2026-02-10,India,Android,store_feature,18-24,casual
U00123,2026-02-09,United States,iOS,store_feature,35-44,casual
U00124,2026-01-29,India,iOS,paid_social,35-44,casual
U00125,2026-02-21,Germany,iOS,influencer,55+,casual
U00126,2026-02-03,United Kingdom,iOS,paid_social,35-44,casual
U00127,2026-01-05,Germany,Web,paid_social,25-34,casual
U00128,2026-02-15,Canada,Web,organic,45-54,casual
U00129,2026-02-04,United States,iOS,organic,55+,casual
U00130,2026-02-08,United States,Android,referral,35-44,casual
U00131,2026-02-03,United States,Android,organic,25-34,casual
U00132,2026-02-03,United Kingdom,Android,referral,45-54,competitive
U00133,2026-01-06,India,Web,influencer,18-24,casual
U00134,2026-02-03,Germany,Android,paid_social,45-54,casual
U00135,2026-02-17,United Kingdom,iOS,organic,55+,casual
U00136,2026-01-19,United Kingdom,iOS,referral,35-44,casual
U00137,2026-02-06,United Kingdom,Android,organic,18-24,casual
U00138,2026-01-02,United States,Web,store_feature,18-24,casual
U00139,2026-01-21,Japan,Android,paid_social,55+,casual
U00140,2026-01-27,United States,iOS,paid_social,45-54,competitive
U00141,2026-02-28,Brazil,iOS,paid_social,35-44,competitive
U00142,2026-01-13,Brazil,Web,paid_social,55+,casual
U00143,2026-01-17,Germany,iOS,organic,25-34,casual
U00144,2026-01-25,Japan,Android,organic,45-54,collector
U00145,2026-03-01,United States,Android,paid_social,18-24,casual
U00146,2026-02-21,India,iOS,influencer,18-24,collector
U00147,2026-01-03,Brazil,iOS,organic,25-34,competitive
U00148,2026-01-15,Japan,iOS,organic,25-34,casual
U00149,2026-02-19,Brazil,iOS,organic,25-34,casual
U00150,2026-01-04,Japan,Android,paid_social,35-44,casual
U00151,2026-02-21,India,Android,organic,18-24,competitive
U00152,2026-01-17,United Kingdom,iOS,store_feature,35-44,casual
U00153,2026-02-25,Japan,Android,organic,18-24,competitive
U00154,2026-01-18,Brazil,iOS,referral,45-54,casual
U00155,2026-01-27,United Kingdom,iOS,organic,18-24,competitive
U00156,2026-02-09,India,Android,paid_social,35-44,competitive
U00157,2026-01-08,Canada,Android,organic,25-34,casual
U00158,2026-02-03,Germany,Android,referral,25-34,casual
U00159,2026-01-31,United States,iOS,influencer,25-34,casual
U00160,2026-02-17,United States,Android,organic,18-24,competitive
U00161,2026-03-01,Japan,Android,influencer,25-34,competitive
U00162,2026-02-09,Canada,Web,organic,18-24,casual
U00163,2026-01-25,Canada,Android,paid_social,18-24,competitive
U00164,2026-01-25,United States,Web,referral,35-44,casual
U00165,2026-01-26,United Kingdom,iOS,organic,18-24,casual
U00166,2026-02-18,Japan,Android,paid_social,18-24,collector
U00167,2026-01-20,India,Android,organic,25-34,casual
U00168,2026-01-11,United States,iOS,referral,25-34,competitive
U00169,2026-01-21,Germany,Android,paid_social,25-34,casual
U00170,2026-01-02,United Kingdom,Android,influencer,35-44,competitive
U00171,2026-01-07,Germany,Web,organic,25-34,casual
U00172,2026-01-06,United Kingdom,iOS,influencer,25-34,casual
U00173,2026-02-16,Canada,Web,organic,25-34,casual
U00174,2026-02-13,United Kingdom,iOS,paid_social,25-34,competitive
U00175,2026-02-11,Germany,Android,organic,35-44,casual
U00176,2026-01-28,United Kingdom,Android,organic,25-34,casual
U00177,2026-02-13,United Kingdom,iOS,organic,45-54,casual
U00178,2026-01-10,Japan,Web,referral,25-34,casual
U00179,2026-02-24,Brazil,Web,organic,35-44,competitive
U00180,2026-01-31,Canada,Web,paid_social,25-34,competitive
U00181,2026-02-26,Japan,Web,influencer,45-54,competitive
U00182,2026-01-10,Japan,Android,organic,25-34,casual
U00183,2026-01-30,United States,Android,organic,25-34,casual
U00184,2026-02-11,Germany,Web,organic,45-54,casual
U00185,2026-01-30,United States,iOS,organic,35-44,casual
U00186,2026-01-27,Brazil,Android,paid_social,25-34,collector
U00187,2026-01-10,United States,Android,referral,25-34,casual
U00188,2026-01-23,Brazil,Android,organic,18-24,collector
U00189,2026-01-15,United States,iOS,organic,35-44,casual
U00190,2026-01-19,United Kingdom,iOS,referral,25-34,competitive
U00191,2026-02-11,India,iOS,organic,18-24,competitive
U00192,2026-02-07,Canada,Android,paid_social,18-24,competitive
U00193,2026-02-06,Japan,iOS,influencer,55+,competitive
U00194,2026-01-22,India,iOS,organic,25-34,casual
U00195,2026-02-27,Japan,iOS,paid_social,25-34,competitive
U00196,2026-01-06,United States,Android,store_feature,45-54,casual
U00197,2026-01-21,Japan,iOS,referral,25-34,casual
U00198,2026-01-08,United States,Android,referral,35-44,casual
U00199,2026-01-21,Canada,iOS,store_feature,35-44,casual
U00200,2026-02-27,Japan,Android,paid_social,25-34,collector
U00201,2026-01-22,Brazil,iOS,paid_social,35-44,casual
U00202,2026-02-24,United Kingdom,Android,referral,55+,casual
U00203,2026-01-30,Canada,Android,referral,18-24,casual
U00204,2026-02-11,Japan,Android,referral,18-24,competitive
U00205,2026-01-28,Brazil,Android,paid_social,45-54,competitive
U00206,2026-01-16,United Kingdom,Android,store_feature,25-34,collector
U00207,2026-02-15,India,iOS,organic,25-34,competitive
U00208,2026-02-28,United States,Android,organic,18-24,casual
U00209,2026-01-16,United States,iOS,paid_social,45-54,casual
U00210,2026-02-16,Brazil,Android,organic,35-44,casual
U00211,2026-01-16,India,Android,referral,55+,competitive
U00212,2026-02-13,United States,Android,organic,25-34,collector
U00213,2026-02-17,United States,Android,referral,55+,casual
U00214,2026-01-27,United States,iOS,paid_social,25-34,casual
U00215,2026-02-14,Japan,iOS,organic,35-44,competitive
U00216,2026-01-17,United States,iOS,organic,35-44,competitive
U00217,2026-01-05,United Kingdom,Android,paid_social,25-34,competitive
U00218,2026-01-06,India,Android,referral,25-34,casual
U00219,2026-01-27,United States,Android,paid_social,18-24,casual
U00220,2026-02-24,Germany,Android,organic,25-34,casual
U00221,2026-01-08,United Kingdom,iOS,organic,35-44,casual
U00222,2026-01-28,Japan,Web,organic,18-24,competitive
U00223,2026-02-12,Canada,iOS,organic,35-44,casual
U00224,2026-01-13,Canada,iOS,influencer,25-34,casual
U00225,2026-02-13,United States,Web,organic,25-34,collector
U00226,2026-01-19,Brazil,iOS,organic,35-44,casual
U00227,2026-02-18,Japan,iOS,store_feature,18-24,casual
U00228,2026-02-04,United States,iOS,referral,55+,collector
U00229,2026-02-02,Canada,Android,paid_social,55+,casual
U00230,2026-01-11,India,iOS,referral,25-34,competitive
U00231,2026-01-28,United States,Android,influencer,25-34,casual
U00232,2026-02-21,United States,Android,organic,18-24,collector
U00233,2026-01-02,Germany,iOS,organic,35-44,casual
U00234,2026-02-15,Canada,iOS,store_feature,18-24,casual
U00235,2026-01-30,United States,Android,store_feature,45-54,collector
U00236,2026-02-13,United Kingdom,iOS,influencer,55+,competitive
U00237,2026-02-09,United States,Android,organic,18-24,casual
U00238,2026-01-26,United Kingdom,Android,influencer,35-44,casual
U00239,2026-01-19,Brazil,iOS,paid_social,25-34,casual
U00240,2026-02-07,Germany,Android,referral,25-34,casual
U00241,2026-01-09,United States,Android,influencer,18-24,casual
U00242,2026-02-05,Japan,Android,organic,35-44,casual
U00243,2026-01-06,United States,Android,organic,18-24,collector
U00244,2026-02-08,Japan,Web,paid_social,45-54,competitive
U00245,2026-02-07,Canada,Android,store_feature,25-34,collector
U00246,2026-01-06,Japan,Android,organic,35-44,casual
U00247,2026-02-15,United States,Android,store_feature,45-54,casual
U00248,2026-01-25,United States,Android,paid_social,35-44,competitive
U00249,2026-02-17,United Kingdom,iOS,paid_social,25-34,casual
U00250,2026-01-03,United States,Android,organic,25-34,casual
U00251,2026-01-11,United States,Web,influencer,25-34,competitive
U00252,2026-01-30,Brazil,iOS,organic,25-34,competitive
U00253,2026-01-12,Japan,Web,paid_social,55+,casual
U00254,2026-01-20,United States,Android,organic,18-24,casual
U00255,2026-02-09,India,Android,influencer,25-34,casual
U00256,2026-01-09,Japan,Web,store_feature,35-44,competitive
U00257,2026-02-10,Japan,iOS,organic,25-34,casual
U00258,2026-01-07,Brazil,iOS,organic,45-54,collector
U00259,2026-01-11,Brazil,iOS,paid_social,18-24,casual
U00260,2026-02-05,United Kingdom,Android,paid_social,18-24,casual
U00261,2026-02-17,Brazil,iOS,store_feature,35-44,competitive
U00262,2026-01-11,India,Web,paid_social,25-34,collector
U00263,2026-01-18,United States,iOS,paid_social,45-54,competitive
U00264,2026-02-25,Canada,iOS,referral,25-34,casual
U00265,2026-03-01,United States,Android,paid_social,18-24,casual
U00266,2026-02-04,India,iOS,organic,25-34,competitive
U00267,2026-01-27,United Kingdom,Android,organic,25-34,competitive
U00268,2026-01-21,Brazil,iOS,organic,25-34,collector
U00269,2026-02-06,Japan,Web,paid_social,25-34,casual
U00270,2026-02-05,India,Android,organic,25-34,competitive
U00271,2026-01-18,United States,iOS,paid_social,45-54,casual
U00272,2026-01-02,Japan,iOS,organic,25-34,casual
U00273,2026-01-10,India,iOS,referral,35-44,casual
U00274,2026-02-27,United States,Web,organic,18-24,casual
U00275,2026-01-26,Brazil,Android,paid_social,35-44,casual
U00276,2026-01-29,Canada,Android,organic,25-34,casual
U00277,2026-01-29,Brazil,iOS,organic,25-34,competitive
U00278,2026-02-16,United Kingdom,Web,organic,25-34,competitive
U00279,2026-01-04,United States,iOS,paid_social,18-24,casual
U00280,2026-01-05,United States,Android,store_feature,25-34,competitive
U00281,2026-01-17,United States,Android,organic,18-24,casual
U00282,2026-01-30,United States,iOS,referral,45-54,casual
U00283,2026-02-10,Germany,Android,paid_social,25-34,collector
U00284,2026-01-30,Canada,iOS,paid_social,55+,casual
U00285,2026-01-27,United States,iOS,paid_social,25-34,casual
U00286,2026-02-26,Brazil,Web,organic,18-24,competitive
U00287,2026-01-10,Brazil,Android,referral,25-34,casual
U00288,2026-02-04,United Kingdom,Android,store_feature,18-24,casual
U00289,2026-02-02,India,Android,store_feature,45-54,competitive
U00290,2026-01-29,Canada,iOS,organic,18-24,competitive
U00291,2026-02-18,Japan,Android,referral,45-54,casual
U00292,2026-01-17,United States,Android,organic,18-24,collector
U00293,2026-02-27,Brazil,iOS,paid_social,25-34,casual
U00294,2026-01-20,India,iOS,organic,18-24,casual
U00295,2026-02-02,Japan,Android,organic,35-44,casual
U00296,2026-02-01,Germany,Android,referral,25-34,casual
U00297,2026-02-20,Germany,iOS,store_feature,45-54,collector
U00298,2026-01-27,Canada,Web,organic,25-34,competitive
U00299,2026-01-18,Brazil,iOS,paid_social,18-24,casual
U00300,2026-01-02,Japan,iOS,referral,35-44,casual
U00301,2026-01-22,India,iOS,influencer,25-34,casual
U00302,2026-02-19,United Kingdom,Android,referral,45-54,competitive
U00303,2026-01-01,United States,iOS,organic,25-34,casual
U00304,2026-02-23,Germany,Android,organic,35-44,collector
U00305,2026-02-02,United States,iOS,referral,18-24,casual
U00306,2026-01-09,United States,Android,organic,55+,casual
U00307,2026-01-19,Canada,Android,influencer,18-24,collector
U00308,2026-02-03,Brazil,iOS,influencer,45-54,collector
U00309,2026-01-19,United States,Web,influencer,18-24,casual
U00310,2026-01-07,United States,iOS,organic,35-44,casual
U00311,2026-02-09,United States,iOS,referral,45-54,collector
U00312,2026-02-10,Japan,Android,referral,45-54,competitive
U00313,2026-01-08,Brazil,Android,organic,25-34,competitive
U00314,2026-01-17,United States,iOS,organic,25-34,competitive
U00315,2026-01-15,United States,Android,organic,45-54,collector
U00316,2026-02-09,Germany,iOS,paid_social,25-34,casual
U00317,2026-02-13,United States,Android,influencer,35-44,casual
U00318,2026-02-13,Germany,Android,store_feature,18-24,casual
U00319,2026-02-26,United Kingdom,Web,organic,25-34,competitive
U00320,2026-02-16,India,Android,paid_social,25-34,casual
U00321,2026-01-20,United States,Android,organic,35-44,casual
U00322,2026-01-07,Brazil,Android,organic,18-24,competitive
U00323,2026-02-06,United States,iOS,organic,25-34,casual
U00324,2026-02-24,India,iOS,referral,45-54,collector
U00325,2026-02-28,India,Web,referral,25-34,casual
U00326,2026-01-14,Brazil,iOS,store_feature,45-54,competitive
U00327,2026-01-15,United Kingdom,Android,store_feature,18-24,competitive
U00328,2026-01-03,United States,iOS,organic,25-34,casual
U00329,2026-01-09,Japan,Android,referral,25-34,casual
U00330,2026-02-03,Brazil,iOS,organic,25-34,casual
U00331,2026-02-02,United States,Web,paid_social,35-44,competitive
U00332,2026-01-23,United Kingdom,Android,paid_social,18-24,competitive
U00333,2026-01-19,United Kingdom,iOS,organic,25-34,casual
U00334,2026-02-19,Japan,Android,organic,18-24,casual
U00335,2026-01-28,Brazil,Android,organic,35-44,collector
U00336,2026-02-18,Brazil,iOS,organic,45-54,casual
U00337,2026-02-27,Brazil,iOS,influencer,18-24,collector
U00338,2026-01-20,United States,Android,organic,25-34,casual
U00339,2026-01-13,Canada,Android,paid_social,25-34,casual
U00340,2026-02-27,United States,iOS,influencer,35-44,casual
U00341,2026-02-08,Japan,Web,paid_social,18-24,casual
U00342,2026-01-18,United Kingdom,iOS,paid_social,25-34,collector
U00343,2026-02-07,United Kingdom,iOS,influencer,35-44,competitive
U00344,2026-01-31,United States,Android,organic,25-34,competitive
U00345,2026-02-24,United States,iOS,organic,35-44,competitive
U00346,2026-01-16,Germany,iOS,paid_social,25-34,competitive
U00347,2026-03-01,United States,Android,paid_social,45-54,competitive
U00348,2026-02-26,United States,iOS,store_feature,18-24,competitive
U00349,2026-01-11,Japan,iOS,organic,18-24,competitive
U00350,2026-01-10,Canada,Android,paid_social,25-34,competitive
U00351,2026-02-01,Canada,Android,referral,25-34,casual
U00352,2026-01-03,United Kingdom,Android,influencer,35-44,casual
U00353,2026-01-18,Japan,Android,organic,18-24,casual
U00354,2026-01-27,Canada,Android,organic,18-24,casual
U00355,2026-02-28,Brazil,iOS,influencer,35-44,casual
U00356,2026-03-01,India,Android,referral,25-34,casual
U00357,2026-01-10,Brazil,iOS,organic,35-44,casual
U00358,2026-02-23,United Kingdom,iOS,organic,35-44,competitive
U00359,2026-01-06,Brazil,Android,store_feature,18-24,competitive
U00360,2026-02-14,United Kingdom,Android,paid_social,35-44,casual
U00361,2026-02-20,Canada,Android,paid_social,45-54,collector
U00362,2026-02-23,United Kingdom,iOS,store_feature,35-44,collector
U00363,2026-01-14,Canada,iOS,organic,18-24,collector
U00364,2026-02-23,United States,Android,organic,25-34,casual
U00365,2026-01-07,Canada,Android,paid_social,45-54,casual
U00366,2026-02-01,United States,Android,influencer,25-34,casual
U00367,2026-01-29,Canada,iOS,organic,25-34,competitive
U00368,2026-01-19,Germany,iOS,referral,18-24,competitive
U00369,2026-01-02,India,Android,organic,35-44,competitive
U00370,2026-02-16,United States,Android,organic,35-44,competitive
U00371,2026-01-21,Germany,iOS,influencer,45-54,collector
U00372,2026-02-09,United Kingdom,iOS,organic,45-54,competitive
U00373,2026-01-25,United States,iOS,organic,25-34,collector
U00374,2026-01-23,United States,iOS,store_feature,35-44,competitive
U00375,2026-02-23,United States,Android,paid_social,18-24,casual
U00376,2026-01-06,United States,iOS,paid_social,18-24,competitive
U00377,2026-02-14,United States,Android,store_feature,18-24,casual
U00378,2026-02-14,Canada,Android,organic,45-54,casual
U00379,2026-01-23,United Kingdom,Web,referral,18-24,collector
U00380,2026-01-16,United States,Web,organic,25-34,casual
U00381,2026-01-01,United States,iOS,organic,25-34,casual
U00382,2026-02-26,United States,iOS,referral,25-34,collector
U00383,2026-02-26,Germany,iOS,organic,25-34,casual
U00384,2026-01-15,Canada,Android,store_feature,18-24,casual
U00385,2026-01-02,Germany,iOS,influencer,25-34,casual
U00386,2026-01-08,United States,iOS,store_feature,25-34,casual
U00387,2026-01-05,United States,iOS,organic,35-44,casual
U00388,2026-02-19,India,iOS,organic,35-44,casual
U00389,2026-02-23,United States,Android,influencer,45-54,competitive
U00390,2026-01-10,United States,Android,paid_social,25-34,casual
U00391,2026-02-14,United States,Android,referral,18-24,competitive
U00392,2026-01-11,India,Web,store_feature,25-34,casual
U00393,2026-01-23,Germany,iOS,organic,55+,casual
U00394,2026-02-05,Germany,iOS,organic,18-24,competitive
U00395,2026-02-13,India,iOS,referral,18-24,casual
U00396,2026-02-22,United States,Android,paid_social,55+,casual
U00397,2026-01-03,India,Android,organic,55+,casual
U00398,2026-01-12,United States,iOS,paid_social,18-24,casual
U00399,2026-01-17,Germany,Web,store_feature,35-44,casual
U00400,2026-01-19,United Kingdom,iOS,paid_social,25-34,casual
U00401,2026-03-01,Canada,iOS,organic,25-34,casual
U00402,2026-02-16,India,Android,referral,25-34,casual
U00403,2026-01-20,United States,Web,store_feature,55+,casual
U00404,2026-02-28,India,Android,influencer,18-24,competitive
U00405,2026-01-30,Canada,Web,organic,35-44,casual
U00406,2026-01-31,Brazil,iOS,influencer,18-24,competitive
U00407,2026-01-27,India,Android,store_feature,35-44,competitive
U00408,2026-01-09,United States,Android,referral,35-44,casual
U00409,2026-02-26,India,Android,organic,35-44,casual
U00410,2026-01-01,Germany,iOS,organic,45-54,casual
U00411,2026-01-11,Brazil,Web,paid_social,35-44,casual
U00412,2026-01-14,United States,iOS,organic,35-44,casual
U00413,2026-01-17,United Kingdom,iOS,organic,18-24,casual
U00414,2026-01-08,Brazil,Web,influencer,55+,collector
U00415,2026-01-02,United Kingdom,Web,organic,25-34,competitive
U00416,2026-02-10,United States,Web,influencer,25-34,casual
U00417,2026-02-28,United States,Web,paid_social,25-34,collector
U00418,2026-01-08,Japan,iOS,store_feature,25-34,casual
U00419,2026-01-18,United States,Web,organic,25-34,casual
U00420,2026-01-31,Brazil,Android,referral,25-34,casual
U00421,2026-02-25,India,Android,paid_social,18-24,collector
U00422,2026-02-11,United States,iOS,influencer,45-54,casual
U00423,2026-02-15,United States,Android,organic,45-54,competitive
U00424,2026-02-04,Brazil,Android,organic,25-34,competitive
U00425,2026-01-26,United States,Android,influencer,55+,casual
U00426,2026-01-12,Germany,iOS,organic,25-34,casual
U00427,2026-02-21,Brazil,iOS,referral,25-34,casual
U00428,2026-02-18,Germany,Android,organic,45-54,competitive
U00429,2026-01-02,Canada,iOS,organic,35-44,casual
U00430,2026-02-12,Brazil,Android,paid_social,35-44,casual
U00431,2026-01-06,Germany,iOS,paid_social,25-34,casual
U00432,2026-02-14,United States,Android,paid_social,25-34,competitive
U00433,2026-02-19,Germany,iOS,paid_social,18-24,competitive
U00434,2026-01-08,India,iOS,referral,55+,casual
U00435,2026-01-27,Brazil,Android,influencer,18-24,casual
U00436,2026-01-08,United Kingdom,iOS,organic,25-34,casual
U00437,2026-02-04,Canada,iOS,organic,18-24,casual
U00438,2026-02-25,United States,iOS,organic,35-44,casual
U00439,2026-01-05,United States,iOS,store_feature,25-34,competitive
U00440,2026-01-24,United States,Android,paid_social,35-44,casual
U00441,2026-02-28,India,iOS,referral,25-34,casual
U00442,2026-01-19,United States,iOS,paid_social,18-24,casual
U00443,2026-01-08,Japan,Android,paid_social,18-24,casual
U00444,2026-01-30,United States,Android,store_feature,18-24,competitive
U00445,2026-01-31,United States,Android,paid_social,35-44,competitive
U00446,2026-02-09,Canada,iOS,paid_social,45-54,casual
U00447,2026-01-19,Canada,Web,organic,25-34,casual
U00448,2026-02-27,Japan,iOS,paid_social,25-34,competitive
U00449,2026-02-01,India,iOS,organic,18-24,competitive
U00450,2026-01-18,Japan,Web,store_feature,45-54,competitive
U00451,2026-02-27,United States,Android,paid_social,55+,competitive
U00452,2026-02-25,Japan,Android,organic,35-44,competitive
U00453,2026-01-30,United States,Web,organic,18-24,competitive
U00454,2026-01-02,India,iOS,paid_social,25-34,collector
U00455,2026-02-05,United Kingdom,Android,influencer,55+,competitive
U00456,2026-02-03,Canada,Android,organic,18-24,competitive
U00457,2026-01-09,United States,iOS,organic,35-44,competitive
U00458,2026-02-08,United States,iOS,paid_social,45-54,casual
U00459,2026-02-20,United States,iOS,influencer,35-44,casual
U00460,2026-01-07,India,Web,store_feature,35-44,collector
U00461,2026-02-13,Japan,iOS,organic,25-34,casual
U00462,2026-01-09,India,iOS,paid_social,45-54,casual
U00463,2026-02-14,United States,Android,store_feature,25-34,casual
U00464,2026-01-26,Germany,Android,store_feature,45-54,casual
U00465,2026-01-01,United States,iOS,paid_social,25-34,casual
U00466,2026-02-27,Germany,Android,referral,35-44,casual
U00467,2026-01-10,Canada,Android,paid_social,45-54,casual
U00468,2026-02-05,United States,Android,organic,25-34,casual
U00469,2026-01-11,Germany,iOS,organic,25-34,casual
U00470,2026-02-25,United States,iOS,paid_social,18-24,casual
U00471,2026-02-14,United Kingdom,Android,organic,35-44,casual
U00472,2026-02-18,Brazil,iOS,paid_social,35-44,casual
U00473,2026-01-26,United States,Android,store_feature,25-34,competitive
U00474,2026-01-29,India,iOS,store_feature,45-54,casual
U00475,2026-02-08,United Kingdom,Android,organic,45-54,collector
U00476,2026-02-17,Japan,Web,organic,45-54,competitive
U00477,2026-02-20,Brazil,Android,referral,35-44,casual
U00478,2026-01-02,Brazil,Web,paid_social,55+,casual
U00479,2026-02-09,Brazil,Web,organic,45-54,casual
U00480,2026-01-07,Japan,Android,store_feature,18-24,casual
U00481,2026-01-18,Germany,iOS,organic,55+,collector
U00482,2026-02-19,United States,Web,organic,25-34,competitive
U00483,2026-01-16,United States,Web,referral,45-54,competitive
U00484,2026-02-17,Germany,Web,paid_social,35-44,competitive
U00485,2026-01-28,United States,Android,paid_social,35-44,collector
U00486,2026-01-14,United States,iOS,referral,25-34,collector
U00487,2026-01-21,United States,Web,influencer,18-24,casual
U00488,2026-02-01,Germany,Web,organic,25-34,casual
U00489,2026-02-15,United States,Android,referral,35-44,casual
U00490,2026-02-06,Germany,Web,organic,45-54,casual
U00491,2026-02-25,Japan,Android,paid_social,18-24,casual
U00492,2026-02-22,Japan,Web,paid_social,18-24,casual
U00493,2026-02-15,Canada,iOS,paid_social,35-44,competitive
U00494,2026-02-06,Germany,Web,organic,25-34,casual
U00495,2026-01-18,Germany,iOS,store_feature,18-24,competitive
U00496,2026-01-25,United Kingdom,iOS,paid_social,18-24,casual
U00497,2026-01-08,Brazil,iOS,influencer,35-44,casual
U00498,2026-01-23,United States,Android,paid_social,25-34,competitive
U00499,2026-02-25,India,iOS,store_feature,45-54,casual
U00500,2026-01-26,United States,Web,paid_social,25-34,competitive
U00501,2026-01-07,Japan,Android,paid_social,18-24,collector
U00502,2026-02-09,Germany,Web,referral,35-44,casual
U00503,2026-02-27,United States,iOS,store_feature,55+,casual
U00504,2026-02-22,Brazil,iOS,paid_social,25-34,casual
U00505,2026-01-17,United States,Android,paid_social,45-54,casual
U00506,2026-01-28,Japan,Android,paid_social,35-44,collector
U00507,2026-02-01,Germany,Android,paid_social,45-54,competitive
U00508,2026-01-15,United States,Android,paid_social,25-34,casual
U00509,2026-01-17,United States,Android,referral,18-24,competitive
U00510,2026-01-15,Brazil,Android,paid_social,18-24,collector
U00511,2026-03-01,United States,Web,paid_social,35-44,casual
U00512,2026-02-14,India,Android,paid_social,45-54,casual
U00513,2026-02-20,Japan,Android,influencer,25-34,competitive
U00514,2026-02-18,Brazil,iOS,organic,18-24,competitive
U00515,2026-02-27,United States,iOS,organic,18-24,casual
U00516,2026-01-07,Brazil,iOS,organic,25-34,casual
U00517,2026-02-22,India,Android,referral,45-54,casual
U00518,2026-01-04,United States,Android,paid_social,25-34,competitive
U00519,2026-01-29,Canada,iOS,paid_social,35-44,competitive
U00520,2026-02-05,United States,Android,organic,25-34,casual
U00521,2026-01-22,Canada,iOS,influencer,45-54,competitive
U00522,2026-01-09,Brazil,iOS,paid_social,45-54,casual
U00523,2026-01-12,United Kingdom,Web,paid_social,18-24,competitive
U00524,2026-02-19,Germany,iOS,organic,35-44,competitive
U00525,2026-01-20,Canada,iOS,organic,45-54,casual
U00526,2026-01-19,United States,Android,organic,45-54,casual
U00527,2026-02-25,United States,iOS,paid_social,25-34,casual
U00528,2026-01-09,Japan,Android,paid_social,18-24,competitive
U00529,2026-02-24,Germany,Web,organic,25-34,competitive
U00530,2026-02-25,Canada,Android,paid_social,35-44,casual
U00531,2026-02-05,Japan,Android,organic,25-34,collector
U00532,2026-01-10,United States,iOS,paid_social,55+,competitive
U00533,2026-01-10,United States,Android,organic,18-24,casual
U00534,2026-01-18,United States,iOS,organic,45-54,casual
U00535,2026-02-04,India,iOS,organic,25-34,casual
U00536,2026-01-10,Brazil,Web,referral,18-24,casual
U00537,2026-01-28,Germany,Android,influencer,25-34,collector
U00538,2026-01-07,United States,Android,referral,35-44,competitive
U00539,2026-02-02,United States,iOS,organic,45-54,casual
U00540,2026-01-02,Germany,Android,influencer,25-34,casual
U00541,2026-02-12,Canada,iOS,influencer,18-24,casual
U00542,2026-01-04,India,iOS,paid_social,45-54,casual
U00543,2026-01-12,Japan,Android,organic,25-34,casual
U00544,2026-01-11,United Kingdom,Android,referral,25-34,competitive
U00545,2026-02-19,Brazil,Web,influencer,45-54,competitive
U00546,2026-01-04,India,iOS,store_feature,18-24,collector
U00547,2026-01-26,United Kingdom,Android,referral,18-24,casual
U00548,2026-02-05,Brazil,Web,paid_social,25-34,casual
U00549,2026-01-31,India,Android,influencer,35-44,competitive
U00550,2026-02-10,United States,Android,organic,25-34,casual
U00551,2026-02-18,India,iOS,organic,45-54,casual
U00552,2026-01-24,United States,Android,store_feature,25-34,collector
U00553,2026-02-19,Brazil,Web,organic,55+,competitive
U00554,2026-01-20,Japan,Android,paid_social,18-24,collector
U00555,2026-03-01,Germany,Web,organic,18-24,casual
U00556,2026-01-31,United Kingdom,Android,organic,18-24,competitive
U00557,2026-02-14,Germany,Android,organic,18-24,casual
U00558,2026-02-22,United States,iOS,paid_social,25-34,casual
U00559,2026-02-17,United States,Android,paid_social,45-54,casual
U00560,2026-02-21,United States,Web,paid_social,45-54,competitive
U00561,2026-02-02,Germany,Android,organic,35-44,casual
U00562,2026-01-03,United Kingdom,iOS,influencer,18-24,competitive
U00563,2026-01-30,United States,Android,paid_social,45-54,collector
U00564,2026-01-11,India,Android,influencer,25-34,competitive
U00565,2026-02-23,Canada,Web,paid_social,35-44,casual
U00566,2026-01-15,United Kingdom,iOS,organic,35-44,competitive
U00567,2026-01-14,Canada,iOS,store_feature,18-24,casual
U00568,2026-01-15,United States,iOS,store_feature,25-34,casual
U00569,2026-02-08,Brazil,iOS,organic,45-54,casual
U00570,2026-02-04,United Kingdom,Web,referral,25-34,competitive
U00571,2026-02-26,United States,Android,referral,35-44,competitive
U00572,2026-01-25,India,Android,organic,55+,collector
U00573,2026-01-17,Japan,iOS,paid_social,25-34,casual
U00574,2026-01-03,Brazil,Android,organic,25-34,casual
U00575,2026-01-01,Japan,Web,organic,25-34,casual
U00576,2026-01-23,India,Android,store_feature,35-44,collector
U00577,2026-02-25,Canada,iOS,paid_social,25-34,competitive
U00578,2026-02-01,Germany,iOS,store_feature,25-34,collector
U00579,2026-02-23,Germany,Web,referral,18-24,casual
U00580,2026-01-07,United States,Web,influencer,55+,casual
U00581,2026-01-06,United States,iOS,paid_social,45-54,competitive
U00582,2026-02-20,United States,Android,paid_social,35-44,casual
U00583,2026-01-07,Brazil,iOS,organic,55+,casual
U00584,2026-01-04,Japan,Android,referral,35-44,casual
U00585,2026-01-25,Japan,iOS,paid_social,55+,casual
U00586,2026-02-25,Canada,Android,referral,18-24,casual
U00587,2026-02-11,United States,Web,paid_social,18-24,collector
U00588,2026-01-06,United Kingdom,iOS,organic,45-54,competitive
U00589,2026-02-20,Germany,Android,store_feature,25-34,competitive
U00590,2026-02-20,India,iOS,store_feature,25-34,casual
U00591,2026-02-18,Japan,iOS,paid_social,35-44,competitive
U00592,2026-02-24,India,iOS,referral,35-44,casual
U00593,2026-01-15,Japan,iOS,paid_social,25-34,casual
U00594,2026-02-28,India,Web,store_feature,25-34,casual
U00595,2026-01-20,United Kingdom,iOS,paid_social,25-34,casual
U00596,2026-02-18,United States,Web,paid_social,18-24,collector
U00597,2026-02-04,United States,iOS,organic,18-24,competitive
U00598,2026-02-16,Canada,Android,organic,25-34,casual
U00599,2026-02-07,United States,Android,store_feature,35-44,competitive
U00600,2026-02-08,United States,Web,paid_social,25-34,casual
U00601,2026-02-06,India,iOS,organic,25-34,casual
U00602,2026-02-16,United States,iOS,organic,35-44,competitive
U00603,2026-02-14,India,Android,paid_social,18-24,competitive
U00604,2026-01-09,Japan,Android,referral,25-34,competitive
U00605,2026-02-19,Brazil,Android,paid_social,18-24,casual
U00606,2026-02-02,Brazil,iOS,referral,35-44,casual
U00607,2026-01-20,Canada,iOS,store_feature,18-24,casual
U00608,2026-01-31,Brazil,Android,paid_social,25-34,casual
U00609,2026-02-28,United States,Android,store_feature,25-34,casual
U00610,2026-02-21,India,Android,organic,45-54,casual
U00611,2026-02-20,Canada,iOS,paid_social,35-44,casual
U00612,2026-01-28,United States,iOS,organic,55+,casual
U00613,2026-02-17,Brazil,Web,organic,35-44,competitive
U00614,2026-01-24,Brazil,Android,organic,25-34,casual
U00615,2026-02-11,United Kingdom,iOS,organic,18-24,casual
U00616,2026-02-08,Germany,Web,store_feature,18-24,collector
U00617,2026-01-15,United States,Android,paid_social,25-34,collector
U00618,2026-01-16,Brazil,iOS,influencer,18-24,casual
U00619,2026-01-04,United States,iOS,paid_social,25-34,casual
U00620,2026-01-09,United States,Android,referral,35-44,casual
U00621,2026-01-27,United States,iOS,organic,35-44,collector
U00622,2026-01-29,Canada,Android,paid_social,25-34,casual
U00623,2026-01-10,Canada,Android,paid_social,25-34,casual
U00624,2026-01-26,United Kingdom,iOS,influencer,18-24,competitive
U00625,2026-02-06,United States,Web,influencer,25-34,competitive
U00626,2026-01-14,United States,iOS,organic,25-34,casual
U00627,2026-01-21,Germany,iOS,referral,25-34,casual
U00628,2026-01-23,United States,Android,referral,18-24,casual
U00629,2026-01-31,Brazil,Android,paid_social,55+,casual
U00630,2026-01-22,India,Android,organic,25-34,casual
U00631,2026-02-14,United Kingdom,Android,referral,25-34,competitive
U00632,2026-01-20,India,Web,store_feature,18-24,competitive
U00633,2026-01-27,United States,Android,paid_social,18-24,competitive
U00634,2026-01-23,United States,Android,paid_social,25-34,competitive
U00635,2026-01-11,Brazil,iOS,organic,55+,casual
U00636,2026-02-11,Japan,iOS,influencer,18-24,casual
U00637,2026-01-15,Japan,Android,organic,25-34,competitive
U00638,2026-01-18,United States,iOS,organic,55+,casual
U00639,2026-02-17,Japan,Android,organic,25-34,casual
U00640,2026-02-26,Canada,iOS,store_feature,25-34,casual
U00641,2026-02-10,Canada,iOS,referral,35-44,competitive
U00642,2026-02-24,United States,iOS,organic,25-34,competitive
U00643,2026-02-21,India,iOS,organic,55+,casual
U00644,2026-01-29,United States,iOS,referral,18-24,casual
U00645,2026-02-16,Japan,Android,paid_social,35-44,competitive
U00646,2026-01-20,Germany,Android,organic,25-34,casual
U00647,2026-01-28,Brazil,iOS,influencer,35-44,casual
U00648,2026-02-02,Brazil,iOS,organic,45-54,competitive
U00649,2026-02-27,Japan,Android,paid_social,45-54,competitive
U00650,2026-02-20,United States,iOS,organic,45-54,casual
U00651,2026-01-30,United States,Android,referral,35-44,casual
U00652,2026-02-09,Germany,Android,store_feature,18-24,collector
U00653,2026-01-13,Canada,Android,paid_social,18-24,casual
U00654,2026-02-18,United States,Web,referral,25-34,collector
U00655,2026-02-03,United States,Android,influencer,25-34,competitive
U00656,2026-02-01,Canada,Web,store_feature,25-34,collector
U00657,2026-02-15,United States,Web,paid_social,35-44,casual
U00658,2026-02-07,United States,iOS,paid_social,35-44,casual
U00659,2026-01-05,India,iOS,influencer,55+,casual
U00660,2026-01-18,Canada,iOS,organic,25-34,casual
U00661,2026-01-11,India,iOS,organic,35-44,casual
U00662,2026-02-14,India,Android,organic,35-44,casual
U00663,2026-01-03,United States,iOS,store_feature,55+,casual
U00664,2026-01-13,Brazil,iOS,organic,35-44,competitive
U00665,2026-02-05,Germany,iOS,organic,25-34,casual
U00666,2026-02-11,Brazil,Android,referral,18-24,casual
U00667,2026-01-31,United States,Android,organic,55+,casual
U00668,2026-02-21,United States,Web,organic,35-44,competitive
U00669,2026-02-25,United States,iOS,paid_social,35-44,casual
U00670,2026-01-08,Germany,iOS,organic,35-44,competitive
U00671,2026-02-27,India,Web,influencer,35-44,casual
U00672,2026-02-06,Brazil,Android,organic,35-44,competitive
U00673,2026-02-08,Brazil,Android,store_feature,45-54,competitive
U00674,2026-01-06,India,Android,paid_social,45-54,casual
U00675,2026-02-07,Brazil,iOS,organic,25-34,competitive
U00676,2026-02-13,United States,Web,organic,18-24,collector
U00677,2026-02-04,Japan,Android,paid_social,18-24,casual
U00678,2026-01-06,Canada,Android,paid_social,25-34,casual
U00679,2026-02-01,United States,Android,organic,45-54,collector
U00680,2026-02-26,United Kingdom,iOS,influencer,45-54,competitive
U00681,2026-02-13,India,iOS,paid_social,25-34,competitive
U00682,2026-01-09,United States,Android,influencer,25-34,casual
U00683,2026-02-27,United Kingdom,Android,organic,25-34,casual
U00684,2026-02-27,United States,iOS,organic,45-54,collector
U00685,2026-01-11,United States,iOS,paid_social,35-44,competitive
U00686,2026-02-18,United States,Web,organic,18-24,casual
U00687,2026-01-25,Brazil,iOS,organic,25-34,casual
U00688,2026-02-05,Japan,iOS,organic,25-34,competitive
U00689,2026-01-27,United States,Android,organic,25-34,competitive
U00690,2026-02-16,United States,Android,referral,45-54,collector
U00691,2026-03-01,United States,Android,organic,45-54,casual
U00692,2026-02-17,United States,Web,influencer,18-24,casual
U00693,2026-02-25,Germany,iOS,organic,18-24,casual
U00694,2026-02-26,Brazil,Web,paid_social,25-34,casual
U00695,2026-01-06,Brazil,Web,paid_social,25-34,casual
U00696,2026-01-16,Canada,Android,paid_social,25-34,casual
U00697,2026-02-13,Germany,Android,store_feature,18-24,casual
U00698,2026-02-05,United States,iOS,store_feature,18-24,casual
U00699,2026-01-04,United States,Android,organic,45-54,competitive
U00700,2026-01-06,India,iOS,paid_social,18-24,casual
U00701,2026-02-01,Japan,iOS,store_feature,45-54,casual
U00702,2026-02-06,India,Web,organic,25-34,competitive
U00703,2026-01-11,India,iOS,paid_social,25-34,casual
U00704,2026-01-11,Brazil,Android,organic,18-24,casual
U00705,2026-01-08,India,iOS,paid_social,18-24,competitive
U00706,2026-02-03,Canada,iOS,paid_social,25-34,competitive
U00707,2026-01-01,United States,iOS,paid_social,45-54,casual
U00708,2026-02-04,United States,iOS,influencer,45-54,competitive
U00709,2026-01-29,United States,Android,paid_social,18-24,collector
U00710,2026-01-28,United States,Web,influencer,18-24,competitive
U00711,2026-02-10,Canada,Android,referral,18-24,casual
U00712,2026-02-01,Brazil,Web,paid_social,35-44,competitive
U00713,2026-02-13,Japan,Android,paid_social,18-24,casual
U00714,2026-02-15,Germany,Android,paid_social,18-24,casual
U00715,2026-02-25,United States,iOS,store_feature,45-54,casual
U00716,2026-02-17,Brazil,iOS,organic,45-54,competitive
U00717,2026-02-01,Canada,Web,influencer,35-44,casual
U00718,2026-01-30,United States,Android,paid_social,18-24,collector
U00719,2026-01-15,United States,iOS,paid_social,25-34,collector
U00720,2026-02-05,Canada,Android,paid_social,18-24,casual
U00721,2026-01-09,United States,iOS,paid_social,35-44,casual
U00722,2026-02-25,Japan,Android,referral,35-44,collector
U00723,2026-02-20,Brazil,iOS,referral,18-24,casual
U00724,2026-01-08,Brazil,Web,organic,45-54,competitive
U00725,2026-02-17,United States,iOS,paid_social,25-34,casual
U00726,2026-01-08,Japan,iOS,paid_social,35-44,casual
U00727,2026-02-13,Brazil,Android,referral,18-24,casual
U00728,2026-01-06,United States,iOS,paid_social,25-34,casual
U00729,2026-01-30,Brazil,Web,organic,18-24,collector
U00730,2026-02-09,United Kingdom,Android,referral,35-44,casual
U00731,2026-02-13,United Kingdom,iOS,paid_social,18-24,casual
U00732,2026-01-26,United States,iOS,paid_social,25-34,competitive
U00733,2026-02-25,United Kingdom,Web,referral,35-44,collector
U00734,2026-02-16,United States,Android,referral,35-44,casual
U00735,2026-01-13,United States,Web,referral,35-44,competitive
U00736,2026-02-10,United States,iOS,organic,35-44,casual
U00737,2026-02-13,India,Web,organic,35-44,competitive
U00738,2026-01-21,United States,Android,referral,35-44,competitive
U00739,2026-02-14,Canada,Android,organic,25-34,collector
U00740,2026-02-23,Canada,iOS,organic,18-24,competitive
U00741,2026-02-19,India,iOS,organic,25-34,collector
U00742,2026-02-15,Germany,Web,organic,18-24,casual
U00743,2026-02-08,India,Web,influencer,25-34,competitive
U00744,2026-01-17,United States,iOS,organic,25-34,competitive
U00745,2026-02-17,United States,Web,organic,18-24,casual
U00746,2026-01-22,Germany,iOS,influencer,35-44,collector
U00747,2026-02-01,Canada,iOS,influencer,35-44,competitive
U00748,2026-01-19,Japan,iOS,organic,25-34,collector
U00749,2026-01-19,Japan,iOS,influencer,45-54,casual
U00750,2026-01-10,United Kingdom,iOS,organic,25-34,competitive
U00751,2026-02-27,India,iOS,store_feature,25-34,casual
U00752,2026-01-09,Germany,iOS,organic,18-24,collector
U00753,2026-01-06,United States,Android,paid_social,25-34,casual
U00754,2026-02-26,United Kingdom,Android,organic,18-24,competitive
U00755,2026-02-03,United States,Android,referral,45-54,casual
U00756,2026-01-27,Japan,iOS,organic,25-34,competitive
U00757,2026-02-14,United States,Android,paid_social,25-34,casual
U00758,2026-01-23,Canada,iOS,referral,25-34,collector
U00759,2026-01-08,Germany,Android,organic,25-34,collector
U00760,2026-02-13,United States,Android,influencer,35-44,casual
U00761,2026-01-11,United States,iOS,paid_social,35-44,competitive
U00762,2026-02-03,Brazil,iOS,organic,35-44,competitive
U00763,2026-02-26,United States,Android,organic,35-44,casual
U00764,2026-02-26,United Kingdom,Web,organic,25-34,casual
U00765,2026-01-22,Canada,Android,organic,25-34,casual
U00766,2026-02-16,United States,Web,paid_social,35-44,casual
U00767,2026-02-06,United States,Web,referral,25-34,casual
U00768,2026-01-29,Japan,iOS,paid_social,25-34,casual
U00769,2026-01-09,India,Android,paid_social,18-24,casual
U00770,2026-01-23,United States,iOS,store_feature,35-44,collector
U00771,2026-02-09,India,Android,organic,18-24,casual
U00772,2026-03-01,Germany,iOS,referral,55+,collector
U00773,2026-01-01,Brazil,Web,influencer,18-24,competitive
U00774,2026-02-13,Brazil,Android,organic,25-34,competitive
U00775,2026-02-20,Brazil,iOS,paid_social,18-24,casual
U00776,2026-02-27,Japan,iOS,influencer,25-34,casual
U00777,2026-01-26,United Kingdom,Android,paid_social,25-34,collector
U00778,2026-01-08,United Kingdom,Android,influencer,35-44,competitive
U00779,2026-01-17,Canada,Web,organic,18-24,competitive
U00780,2026-02-21,United States,iOS,paid_social,25-34,casual
U00781,2026-02-22,Brazil,Android,organic,18-24,competitive
U00782,2026-02-08,United States,Android,organic,25-34,casual
U00783,2026-01-08,United States,iOS,influencer,55+,competitive
U00784,2026-01-08,United States,Android,organic,25-34,competitive
U00785,2026-01-29,United States,iOS,influencer,35-44,casual
U00786,2026-02-05,Germany,iOS,referral,25-34,casual
U00787,2026-01-02,Germany,iOS,influencer,25-34,casual
U00788,2026-02-11,United Kingdom,Web,influencer,45-54,casual
U00789,2026-02-02,United States,iOS,paid_social,18-24,casual
U00790,2026-01-01,United Kingdom,iOS,influencer,45-54,casual
U00791,2026-01-06,Canada,Android,store_feature,25-34,casual
U00792,2026-01-28,Brazil,Web,paid_social,25-34,competitive
U00793,2026-02-13,Germany,Android,referral,45-54,competitive
U00794,2026-02-19,United Kingdom,iOS,organic,25-34,casual
U00795,2026-01-26,United Kingdom,Android,organic,55+,casual
U00796,2026-01-18,India,iOS,organic,45-54,competitive
U00797,2026-02-28,Brazil,Android,paid_social,25-34,casual
U00798,2026-01-28,United Kingdom,iOS,organic,25-34,casual
U00799,2026-01-19,United Kingdom,iOS,paid_social,35-44,casual
U00800,2026-01-27,United States,iOS,referral,18-24,collector
U00801,2026-01-01,India,Android,referral,35-44,casual
U00802,2026-01-19,Canada,iOS,influencer,18-24,collector
U00803,2026-01-31,United States,iOS,influencer,18-24,casual
U00804,2026-02-25,India,Android,influencer,25-34,casual
U00805,2026-02-14,Brazil,Android,referral,35-44,casual
U00806,2026-02-16,United States,iOS,organic,35-44,competitive
U00807,2026-02-02,United States,Android,influencer,35-44,casual
U00808,2026-01-07,United States,Android,organic,25-34,competitive
U00809,2026-01-24,Germany,iOS,organic,25-34,collector
U00810,2026-03-01,United States,Web,organic,18-24,casual
U00811,2026-01-03,India,Web,paid_social,25-34,casual
U00812,2026-02-22,India,iOS,referral,25-34,competitive
U00813,2026-02-11,Germany,iOS,organic,25-34,casual
U00814,2026-01-18,Germany,iOS,store_feature,18-24,competitive
U00815,2026-02-16,United States,iOS,organic,18-24,collector
U00816,2026-02-20,United States,Android,organic,35-44,casual
U00817,2026-01-03,Brazil,Web,organic,18-24,casual
U00818,2026-01-07,United States,Web,organic,55+,competitive
U00819,2026-02-09,United States,iOS,store_feature,25-34,casual
U00820,2026-03-01,Canada,Android,organic,18-24,casual
U00821,2026-01-02,United States,iOS,organic,45-54,casual
U00822,2026-02-09,United Kingdom,Android,organic,25-34,casual
U00823,2026-01-09,Brazil,iOS,store_feature,35-44,casual
U00824,2026-02-09,Japan,Web,influencer,25-34,competitive
U00825,2026-02-07,Germany,Web,referral,25-34,casual
U00826,2026-01-06,Japan,iOS,paid_social,35-44,casual
U00827,2026-02-10,Canada,Android,influencer,25-34,collector
U00828,2026-02-23,Japan,Android,organic,25-34,casual
U00829,2026-02-21,United Kingdom,Android,organic,25-34,casual
U00830,2026-01-02,United States,Android,paid_social,25-34,collector
U00831,2026-01-15,India,iOS,organic,18-24,casual
U00832,2026-01-15,United States,Android,paid_social,35-44,collector
U00833,2026-01-28,United States,iOS,paid_social,25-34,competitive
U00834,2026-01-09,United States,Android,organic,55+,casual
U00835,2026-02-21,Canada,iOS,paid_social,18-24,casual
U00836,2026-02-16,Canada,Android,paid_social,25-34,casual
U00837,2026-02-18,United Kingdom,Android,organic,25-34,competitive
U00838,2026-01-12,India,iOS,store_feature,35-44,casual
U00839,2026-01-01,United States,iOS,referral,35-44,competitive
U00840,2026-02-24,United Kingdom,Android,organic,25-34,competitive
U00841,2026-01-18,Canada,iOS,organic,25-34,competitive
U00842,2026-02-09,Japan,Android,organic,35-44,casual
U00843,2026-02-24,United States,Android,organic,18-24,competitive
U00844,2026-01-03,United States,iOS,organic,25-34,competitive
U00845,2026-01-01,United Kingdom,Android,organic,35-44,casual
U00846,2026-01-01,Brazil,Android,store_feature,25-34,collector
U00847,2026-01-10,Japan,Android,store_feature,35-44,casual
U00848,2026-01-04,Germany,iOS,store_feature,35-44,collector
U00849,2026-02-19,Japan,iOS,paid_social,18-24,casual
U00850,2026-02-06,Canada,iOS,referral,25-34,casual
U00851,2026-02-28,United States,Web,referral,25-34,competitive
U00852,2026-02-18,United States,Web,influencer,35-44,casual
U00853,2026-02-27,United States,Android,referral,25-34,casual
U00854,2026-01-15,Canada,iOS,referral,25-34,casual
U00855,2026-01-18,United Kingdom,Android,store_feature,25-34,competitive
U00856,2026-02-20,Canada,Android,paid_social,18-24,casual
U00857,2026-01-15,Germany,Android,organic,18-24,competitive
U00858,2026-01-04,United Kingdom,iOS,organic,18-24,competitive
U00859,2026-02-10,Brazil,Web,paid_social,18-24,casual
U00860,2026-02-18,Brazil,iOS,organic,18-24,casual
U00861,2026-02-28,Canada,iOS,organic,35-44,casual
U00862,2026-02-25,Canada,Web,organic,35-44,collector
U00863,2026-01-08,Germany,Android,organic,18-24,competitive
U00864,2026-02-16,Germany,iOS,influencer,25-34,collector
U00865,2026-02-20,Canada,Android,paid_social,18-24,competitive
U00866,2026-02-11,Canada,Web,organic,25-34,competitive
U00867,2026-02-19,Brazil,iOS,paid_social,55+,collector
U00868,2026-02-20,Brazil,Android,organic,25-34,casual
U00869,2026-01-27,United States,iOS,referral,18-24,collector
U00870,2026-01-03,United Kingdom,iOS,referral,25-34,casual
U00871,2026-01-28,India,Android,organic,35-44,casual
U00872,2026-01-13,United States,Android,paid_social,18-24,casual
U00873,2026-01-07,Japan,iOS,organic,55+,casual
U00874,2026-01-08,United States,iOS,referral,25-34,casual
U00875,2026-02-11,United Kingdom,Android,influencer,18-24,casual
U00876,2026-01-31,United Kingdom,Android,influencer,25-34,casual
U00877,2026-02-02,United States,Android,organic,35-44,collector
U00878,2026-02-14,India,Android,referral,25-34,casual
U00879,2026-02-02,United Kingdom,iOS,store_feature,45-54,casual
U00880,2026-02-07,India,Android,store_feature,45-54,competitive
U00881,2026-01-06,United States,Android,organic,18-24,competitive
U00882,2026-02-21,Japan,Android,paid_social,18-24,competitive
U00883,2026-01-27,India,iOS,organic,25-34,casual
U00884,2026-01-10,Germany,iOS,organic,35-44,casual
U00885,2026-02-18,United States,iOS,referral,35-44,collector
U00886,2026-02-14,Brazil,iOS,paid_social,25-34,casual
U00887,2026-01-04,Germany,Web,organic,55+,competitive
U00888,2026-01-12,India,Android,store_feature,25-34,casual
U00889,2026-01-01,United Kingdom,Android,paid_social,35-44,casual
U00890,2026-01-17,United States,Android,influencer,45-54,competitive
U00891,2026-01-06,United States,Android,store_feature,18-24,casual
U00892,2026-02-12,Brazil,Android,store_feature,18-24,casual
U00893,2026-02-01,India,Android,store_feature,18-24,competitive
U00894,2026-02-28,United States,Android,organic,45-54,casual
U00895,2026-02-14,Brazil,iOS,organic,25-34,casual
U00896,2026-02-06,India,Android,influencer,45-54,casual
U00897,2026-01-31,United States,Android,organic,25-34,casual
U00898,2026-01-04,United States,Android,paid_social,25-34,competitive
U00899,2026-01-05,Brazil,Web,paid_social,45-54,casual
U00900,2026-02-06,Brazil,Android,organic,25-34,casual
U00901,2026-01-01,United States,Android,organic,35-44,casual
U00902,2026-01-03,Japan,iOS,paid_social,25-34,collector
U00903,2026-01-14,United Kingdom,Android,paid_social,18-24,casual
U00904,2026-02-23,India,Android,referral,18-24,collector
U00905,2026-01-28,Japan,Web,organic,18-24,casual
U00906,2026-02-12,Japan,Android,paid_social,35-44,casual
U00907,2026-01-25,United Kingdom,iOS,organic,25-34,competitive
U00908,2026-01-11,United States,Android,paid_social,25-34,casual
U00909,2026-01-23,United Kingdom,Web,organic,18-24,competitive
U00910,2026-01-06,United States,Android,organic,35-44,collector
U00911,2026-02-16,Brazil,Android,store_feature,35-44,competitive
U00912,2026-01-12,United States,Android,organic,35-44,casual
U00913,2026-01-23,United Kingdom,Android,referral,55+,competitive
U00914,2026-02-28,United States,iOS,organic,18-24,casual
U00915,2026-02-05,United States,iOS,organic,18-24,competitive
U00916,2026-01-28,United States,Android,organic,25-34,casual
U00917,2026-02-02,Germany,Web,influencer,25-34,casual
U00918,2026-02-17,Japan,Web,paid_social,35-44,casual
U00919,2026-01-16,United States,iOS,organic,35-44,casual
U00920,2026-02-08,Japan,iOS,paid_social,18-24,competitive
U00921,2026-02-22,Japan,iOS,paid_social,45-54,casual
U00922,2026-02-04,Canada,Android,store_feature,18-24,casual
U00923,2026-01-27,Brazil,Android,influencer,35-44,competitive
U00924,2026-01-09,Canada,Web,paid_social,25-34,casual
U00925,2026-01-15,United States,iOS,paid_social,35-44,collector
U00926,2026-02-26,United Kingdom,Android,paid_social,18-24,casual
U00927,2026-02-02,United States,Android,influencer,45-54,casual
U00928,2026-01-19,Japan,iOS,paid_social,45-54,casual
U00929,2026-01-26,India,Web,organic,25-34,casual
U00930,2026-02-04,Japan,Android,influencer,25-34,casual
U00931,2026-02-02,Germany,iOS,influencer,35-44,competitive
U00932,2026-02-11,Germany,iOS,paid_social,25-34,casual
U00933,2026-01-16,India,Web,paid_social,25-34,collector
U00934,2026-02-08,United States,Android,referral,25-34,casual
U00935,2026-01-27,United States,Android,store_feature,45-54,competitive
U00936,2026-02-26,Germany,Android,paid_social,35-44,casual
U00937,2026-01-10,Canada,Android,organic,18-24,casual
U00938,2026-01-09,Canada,Android,organic,45-54,casual
U00939,2026-01-28,United States,Web,organic,18-24,casual
U00940,2026-01-31,Germany,iOS,organic,18-24,competitive
U00941,2026-02-11,United States,Android,store_feature,55+,casual
U00942,2026-01-25,United States,iOS,organic,18-24,casual
U00943,2026-02-24,United States,iOS,paid_social,18-24,collector
U00944,2026-01-29,Canada,iOS,store_feature,25-34,casual
U00945,2026-01-08,Japan,Web,paid_social,45-54,casual
U00946,2026-01-08,Canada,iOS,organic,18-24,casual
U00947,2026-02-28,Brazil,Android,influencer,25-34,casual
U00948,2026-01-09,Brazil,Android,organic,18-24,casual
U00949,2026-02-26,Canada,iOS,influencer,25-34,competitive
U00950,2026-01-17,Japan,Android,organic,25-34,competitive
U00951,2026-01-06,Brazil,Web,paid_social,18-24,competitive
U00952,2026-01-19,Germany,iOS,referral,45-54,casual
U00953,2026-02-06,United States,iOS,paid_social,35-44,casual
U00954,2026-01-26,United States,Web,paid_social,45-54,competitive
U00955,2026-02-17,India,iOS,organic,45-54,casual
U00956,2026-02-06,Japan,iOS,paid_social,45-54,casual
U00957,2026-01-25,India,Web,organic,35-44,casual
U00958,2026-02-08,India,Web,store_feature,25-34,competitive
U00959,2026-02-28,United States,Android,paid_social,45-54,casual
U00960,2026-01-25,Japan,Android,paid_social,25-34,collector
U00961,2026-01-10,United Kingdom,Web,organic,25-34,casual
U00962,2026-01-25,Japan,Android,paid_social,25-34,collector
U00963,2026-02-20,United States,Android,paid_social,25-34,casual
U00964,2026-01-14,United States,Android,organic,25-34,competitive
U00965,2026-02-26,Brazil,Android,referral,35-44,casual
U00966,2026-02-05,Japan,Android,organic,25-34,competitive
U00967,2026-02-06,Germany,iOS,organic,25-34,casual
U00968,2026-01-20,Canada,Android,referral,18-24,collector
U00969,2026-02-25,Canada,Android,organic,45-54,competitive
U00970,2026-01-03,India,iOS,organic,25-34,competitive
U00971,2026-01-18,United Kingdom,Android,referral,25-34,casual
U00972,2026-01-26,United Kingdom,Android,referral,35-44,casual
U00973,2026-01-29,Germany,iOS,organic,45-54,collector
U00974,2026-01-29,Canada,iOS,organic,25-34,collector
U00975,2026-01-09,Germany,iOS,paid_social,35-44,casual
U00976,2026-01-14,United Kingdom,iOS,paid_social,18-24,casual
U00977,2026-01-06,Japan,Android,paid_social,45-54,casual
U00978,2026-02-04,India,Android,referral,25-34,casual
U00979,2026-01-22,India,iOS,referral,35-44,casual
U00980,2026-02-03,Germany,Android,influencer,18-24,competitive
U00981,2026-02-05,United Kingdom,iOS,paid_social,35-44,casual
U00982,2026-02-12,Brazil,iOS,organic,25-34,collector
U00983,2026-02-02,Japan,Android,organic,25-34,collector
U00984,2026-02-08,Germany,Android,organic,35-44,casual
U00985,2026-02-05,Brazil,Android,paid_social,35-44,casual
U00986,2026-02-09,Brazil,Android,store_feature,25-34,casual
U00987,2026-02-06,Brazil,Web,paid_social,45-54,casual
U00988,2026-01-19,Brazil,iOS,organic,18-24,competitive
U00989,2026-01-15,United States,Android,paid_social,25-34,competitive
U00990,2026-02-17,United Kingdom,Android,influencer,18-24,casual
U00991,2026-01-21,Germany,iOS,organic,25-34,collector
U00992,2026-02-02,United States,Web,store_feature,45-54,casual
U00993,2026-01-12,Japan,iOS,store_feature,18-24,casual
U00994,2026-01-26,Germany,Web,paid_social,45-54,collector
U00995,2026-02-01,United States,Android,paid_social,25-34,casual
U00996,2026-02-07,Japan,Android,paid_social,35-44,casual
U00997,2026-02-01,Brazil,iOS,organic,18-24,casual
U00998,2026-01-22,Brazil,Web,paid_social,35-44,casual
U00999,2026-02-27,Canada,Android,organic,45-54,casual
U01000,2026-01-31,Japan,iOS,referral,25-34,competitive
U01001,2026-02-18,Canada,iOS,store_feature,25-34,casual
U01002,2026-02-14,Germany,Android,organic,35-44,competitive
U01003,2026-02-03,United States,iOS,paid_social,35-44,casual
U01004,2026-02-23,Brazil,Android,organic,18-24,casual
U01005,2026-01-08,Brazil,Android,organic,35-44,collector
U01006,2026-02-25,Germany,iOS,referral,35-44,competitive
U01007,2026-02-21,United Kingdom,Android,organic,35-44,competitive
U01008,2026-01-31,Japan,iOS,store_feature,25-34,casual
U01009,2026-02-14,Brazil,Web,organic,25-34,casual
U01010,2026-02-01,United States,Web,store_feature,55+,competitive
U01011,2026-01-17,India,iOS,paid_social,25-34,collector
U01012,2026-02-17,Brazil,Android,paid_social,25-34,competitive
U01013,2026-01-15,India,Android,referral,55+,casual
U01014,2026-01-19,India,Web,paid_social,18-24,casual
U01015,2026-02-01,India,iOS,organic,25-34,casual
U01016,2026-02-20,Brazil,Android,store_feature,35-44,casual
U01017,2026-01-24,Germany,Web,paid_social,35-44,casual
U01018,2026-01-30,United States,iOS,organic,55+,casual
U01019,2026-01-03,Germany,Android,paid_social,35-44,casual
U01020,2026-01-07,Japan,iOS,paid_social,25-34,competitive
U01021,2026-01-04,United Kingdom,Android,paid_social,25-34,competitive
U01022,2026-01-05,Japan,iOS,store_feature,18-24,competitive
U01023,2026-02-22,United States,Web,paid_social,45-54,casual
U01024,2026-02-20,Canada,iOS,organic,18-24,casual
U01025,2026-02-19,United Kingdom,iOS,organic,25-34,collector
U01026,2026-01-04,United Kingdom,Android,organic,25-34,casual
U01027,2026-01-05,United States,Android,referral,18-24,collector
U01028,2026-01-17,United States,Android,organic,25-34,casual
U01029,2026-02-03,Japan,Android,paid_social,35-44,competitive
U01030,2026-01-21,United Kingdom,iOS,paid_social,18-24,casual
U01031,2026-01-30,United States,Android,store_feature,55+,competitive
U01032,2026-01-11,United States,iOS,organic,45-54,collector
U01033,2026-02-13,United Kingdom,iOS,organic,18-24,casual
U01034,2026-01-19,United States,Web,influencer,45-54,competitive
U01035,2026-01-04,Brazil,Android,paid_social,25-34,collector
U01036,2026-02-14,Japan,iOS,paid_social,18-24,competitive
U01037,2026-02-24,United States,iOS,referral,25-34,casual
U01038,2026-01-01,Germany,Web,influencer,35-44,casual
U01039,2026-01-27,United States,iOS,organic,35-44,collector
U01040,2026-02-19,Canada,iOS,influencer,18-24,competitive
U01041,2026-02-12,India,iOS,organic,35-44,collector
U01042,2026-02-21,Germany,iOS,influencer,35-44,casual
U01043,2026-01-25,India,iOS,organic,35-44,competitive
U01044,2026-01-23,United States,Web,organic,25-34,competitive
U01045,2026-02-12,Canada,iOS,organic,35-44,collector
U01046,2026-01-10,United Kingdom,Android,store_feature,35-44,competitive
U01047,2026-01-15,United Kingdom,Android,influencer,18-24,casual
U01048,2026-02-06,India,Android,organic,35-44,competitive
U01049,2026-02-10,United States,Android,organic,25-34,competitive
U01050,2026-01-08,Japan,Android,organic,35-44,casual
U01051,2026-01-31,Japan,Android,organic,35-44,casual
U01052,2026-01-22,Germany,Android,store_feature,25-34,collector
U01053,2026-01-31,Canada,Android,organic,18-24,casual
U01054,2026-02-27,United Kingdom,Android,influencer,35-44,casual
U01055,2026-01-05,United States,Android,influencer,45-54,competitive
U01056,2026-03-01,Japan,iOS,organic,45-54,collector
U01057,2026-01-27,United Kingdom,Android,paid_social,35-44,competitive
U01058,2026-02-16,India,Android,influencer,18-24,casual
U01059,2026-01-26,Germany,iOS,store_feature,25-34,casual
U01060,2026-01-19,United Kingdom,Web,referral,35-44,casual
U01061,2026-02-16,Brazil,iOS,organic,25-34,casual
U01062,2026-02-11,United Kingdom,iOS,organic,35-44,competitive
U01063,2026-01-09,India,Web,store_feature,25-34,casual
U01064,2026-02-12,United States,iOS,paid_social,18-24,casual
U01065,2026-02-15,India,iOS,referral,35-44,collector
U01066,2026-01-24,Japan,iOS,referral,35-44,casual
U01067,2026-02-25,Japan,Web,paid_social,35-44,casual
U01068,2026-02-08,United Kingdom,Android,organic,25-34,casual
U01069,2026-01-21,Japan,Android,paid_social,35-44,casual
U01070,2026-01-01,Canada,Android,store_feature,25-34,casual
U01071,2026-02-10,Japan,Android,organic,35-44,collector
U01072,2026-01-13,United States,Web,organic,35-44,competitive
U01073,2026-02-15,Canada,Android,influencer,25-34,competitive
U01074,2026-02-01,United Kingdom,iOS,referral,35-44,competitive
U01075,2026-01-29,Canada,Web,paid_social,25-34,casual
U01076,2026-01-10,Canada,Android,store_feature,25-34,competitive
U01077,2026-02-12,Japan,iOS,paid_social,35-44,casual
U01078,2026-01-10,United States,iOS,influencer,18-24,casual
U01079,2026-01-26,Brazil,Android,store_feature,45-54,casual
U01080,2026-02-20,United States,iOS,organic,25-34,casual
U01081,2026-02-25,Japan,Android,paid_social,18-24,casual
U01082,2026-03-01,Japan,iOS,organic,35-44,casual
U01083,2026-02-27,Canada,Android,referral,18-24,casual
U01084,2026-02-03,Brazil,iOS,referral,55+,casual
U01085,2026-01-13,India,Android,paid_social,25-34,casual
U01086,2026-02-20,Japan,iOS,influencer,25-34,competitive
U01087,2026-02-18,Canada,iOS,paid_social,18-24,casual
U01088,2026-03-01,United Kingdom,Android,store_feature,18-24,competitive
U01089,2026-02-09,Japan,Android,referral,18-24,casual
U01090,2026-01-09,United States,Android,paid_social,18-24,casual
U01091,2026-01-31,Japan,Android,organic,25-34,competitive
U01092,2026-01-27,Canada,iOS,referral,25-34,competitive
U01093,2026-02-20,Japan,Web,referral,25-34,casual
U01094,2026-01-24,United States,Android,organic,18-24,casual
U01095,2026-01-20,United States,iOS,store_feature,18-24,competitive
U01096,2026-01-05,India,Android,paid_social,18-24,casual
U01097,2026-02-20,Japan,Android,organic,18-24,casual
U01098,2026-02-15,India,Android,store_feature,25-34,casual
U01099,2026-01-03,India,Android,paid_social,18-24,competitive
U01100,2026-01-27,United Kingdom,iOS,referral,25-34,casual
U01101,2026-01-29,United States,Android,paid_social,45-54,collector
U01102,2026-01-29,United States,iOS,organic,25-34,competitive
U01103,2026-02-25,United Kingdom,iOS,paid_social,18-24,competitive
U01104,2026-01-10,United States,Web,organic,35-44,casual
U01105,2026-01-19,India,Android,organic,25-34,competitive
U01106,2026-01-11,United States,iOS,referral,18-24,casual
U01107,2026-01-15,United States,iOS,organic,35-44,casual
U01108,2026-02-24,United States,Android,influencer,35-44,casual
U01109,2026-02-26,United States,iOS,paid_social,55+,competitive
U01110,2026-01-03,United States,iOS,organic,45-54,competitive
U01111,2026-02-07,Brazil,iOS,influencer,25-34,collector
U01112,2026-01-14,Canada,Android,paid_social,35-44,casual
U01113,2026-01-12,Germany,Android,paid_social,25-34,collector
U01114,2026-01-18,India,iOS,referral,45-54,competitive
U01115,2026-01-12,Germany,iOS,store_feature,25-34,collector
U01116,2026-01-30,Brazil,Android,organic,25-34,competitive
U01117,2026-03-01,Canada,Android,organic,18-24,casual
U01118,2026-02-05,United States,Android,influencer,25-34,collector
U01119,2026-02-13,Canada,iOS,organic,25-34,competitive
U01120,2026-01-30,India,Android,referral,35-44,competitive
U01121,2026-01-01,Germany,Web,paid_social,18-24,casual
U01122,2026-01-06,United States,Android,paid_social,35-44,casual
U01123,2026-01-17,United Kingdom,iOS,store_feature,18-24,casual
U01124,2026-01-15,Japan,Android,influencer,25-34,casual
U01125,2026-02-20,Brazil,iOS,organic,25-34,casual
U01126,2026-02-20,Germany,iOS,paid_social,25-34,collector
U01127,2026-02-21,India,iOS,referral,25-34,casual
U01128,2026-02-08,Brazil,Web,organic,18-24,casual
U01129,2026-02-03,Brazil,iOS,influencer,18-24,casual
U01130,2026-02-08,United States,Web,paid_social,35-44,casual
U01131,2026-01-25,United States,Android,organic,18-24,casual
U01132,2026-02-10,India,Android,store_feature,35-44,competitive
U01133,2026-02-17,Germany,iOS,influencer,35-44,collector
U01134,2026-02-15,Canada,Android,organic,18-24,casual
U01135,2026-02-06,Germany,iOS,referral,45-54,casual
U01136,2026-01-04,United States,Android,organic,35-44,competitive
U01137,2026-02-13,Japan,iOS,organic,35-44,casual
U01138,2026-01-22,United States,iOS,organic,35-44,competitive
U01139,2026-02-14,Japan,Android,store_feature,25-34,competitive
U01140,2026-02-02,United Kingdom,iOS,organic,55+,collector
U01141,2026-02-22,United States,iOS,organic,18-24,casual
U01142,2026-01-21,United States,Web,referral,18-24,collector
U01143,2026-02-25,Japan,iOS,paid_social,35-44,collector
U01144,2026-02-20,United States,iOS,organic,25-34,casual
U01145,2026-01-20,United States,iOS,organic,35-44,casual
U01146,2026-01-29,Brazil,iOS,store_feature,25-34,casual
U01147,2026-02-01,Canada,Android,referral,25-34,casual
U01148,2026-02-16,Canada,iOS,store_feature,45-54,collector
U01149,2026-02-11,United States,Android,organic,18-24,casual
U01150,2026-02-21,Japan,Android,paid_social,18-24,casual
U01151,2026-01-23,United States,iOS,store_feature,35-44,casual
U01152,2026-01-31,United States,Web,organic,35-44,competitive
U01153,2026-01-26,Canada,Web,organic,45-54,collector
U01154,2026-02-24,United States,iOS,paid_social,18-24,competitive
U01155,2026-01-19,Canada,iOS,organic,45-54,competitive
U01156,2026-02-05,United States,iOS,organic,35-44,casual
U01157,2026-01-08,United States,iOS,influencer,45-54,competitive
U01158,2026-02-21,Canada,Android,paid_social,18-24,casual
U01159,2026-01-24,Japan,Android,paid_social,25-34,casual
U01160,2026-01-21,United States,Android,organic,25-34,competitive
U01161,2026-02-04,United States,iOS,paid_social,25-34,collector
U01162,2026-01-30,India,iOS,paid_social,18-24,competitive
U01163,2026-02-20,India,Web,influencer,25-34,competitive
U01164,2026-02-01,Brazil,Web,paid_social,35-44,casual
U01165,2026-02-01,United States,iOS,store_feature,25-34,casual
U01166,2026-01-07,Canada,Android,organic,25-34,casual
U01167,2026-01-02,United States,Android,paid_social,25-34,competitive
U01168,2026-01-24,United States,Android,influencer,45-54,competitive
U01169,2026-03-01,Canada,Android,referral,25-34,competitive
U01170,2026-02-25,Germany,Web,referral,25-34,casual
U01171,2026-02-07,Canada,iOS,store_feature,55+,casual
U01172,2026-02-07,Germany,iOS,influencer,35-44,casual
U01173,2026-01-24,United States,Web,organic,25-34,competitive
U01174,2026-01-11,Canada,iOS,organic,35-44,collector
U01175,2026-01-01,Japan,iOS,paid_social,55+,casual
U01176,2026-01-21,Japan,Android,influencer,18-24,competitive
U01177,2026-01-19,Canada,Android,paid_social,35-44,competitive
U01178,2026-01-12,Germany,Android,organic,18-24,casual
U01179,2026-01-16,United States,Android,paid_social,35-44,casual
U01180,2026-01-02,United States,Android,organic,35-44,casual
U01181,2026-02-06,Brazil,iOS,organic,45-54,collector
U01182,2026-02-25,United States,Android,organic,35-44,casual
U01183,2026-02-11,United Kingdom,Android,organic,18-24,casual
U01184,2026-01-27,United Kingdom,Web,referral,25-34,casual
U01185,2026-01-26,United States,iOS,organic,45-54,competitive
U01186,2026-01-19,United States,iOS,organic,18-24,casual
U01187,2026-01-09,Canada,Android,paid_social,18-24,collector
U01188,2026-02-05,India,iOS,organic,35-44,casual
U01189,2026-02-03,Germany,iOS,paid_social,25-34,collector
U01190,2026-01-01,Canada,Android,organic,18-24,competitive
U01191,2026-01-25,United States,Android,organic,25-34,casual
U01192,2026-01-17,Germany,iOS,referral,25-34,competitive
U01193,2026-01-11,United States,iOS,organic,35-44,competitive
U01194,2026-02-12,Germany,iOS,organic,25-34,casual
U01195,2026-02-01,Brazil,Android,organic,25-34,competitive
U01196,2026-02-08,United Kingdom,Android,organic,35-44,competitive
U01197,2026-02-12,United States,iOS,organic,25-34,competitive
U01198,2026-02-28,United States,iOS,paid_social,35-44,competitive
U01199,2026-02-18,United States,iOS,organic,25-34,competitive
U01200,2026-02-07,United Kingdom,iOS,organic,25-34,casual
U01201,2026-02-22,India,iOS,store_feature,25-34,casual
U01202,2026-01-29,United States,Android,organic,35-44,casual
U01203,2026-03-01,Germany,iOS,organic,55+,competitive
U01204,2026-02-15,Brazil,iOS,paid_social,25-34,casual
U01205,2026-02-09,United States,Android,organic,18-24,casual
U01206,2026-02-24,United States,Android,store_feature,25-34,competitive
U01207,2026-01-31,Canada,iOS,organic,25-34,casual
U01208,2026-02-13,Brazil,iOS,paid_social,18-24,casual
U01209,2026-01-18,United Kingdom,iOS,influencer,45-54,competitive
U01210,2026-02-27,Brazil,iOS,organic,35-44,competitive
U01211,2026-02-07,Japan,Android,organic,25-34,competitive
U01212,2026-02-16,Brazil,iOS,paid_social,25-34,casual
U01213,2026-01-28,India,Android,influencer,18-24,competitive
U01214,2026-02-22,Brazil,Android,paid_social,25-34,collector
U01215,2026-01-05,Japan,iOS,referral,25-34,casual
U01216,2026-01-07,Japan,iOS,organic,45-54,casual
U01217,2026-01-31,Brazil,iOS,referral,25-34,casual
U01218,2026-02-13,Japan,iOS,organic,18-24,collector
U01219,2026-02-18,India,Android,paid_social,18-24,casual
U01220,2026-01-27,United Kingdom,iOS,organic,18-24,casual
U01221,2026-02-08,Germany,Android,paid_social,45-54,casual
U01222,2026-02-03,United Kingdom,Android,organic,35-44,collector
U01223,2026-02-27,Japan,Android,referral,45-54,casual
U01224,2026-02-09,United Kingdom,Android,referral,45-54,casual
U01225,2026-01-26,Japan,Android,store_feature,18-24,collector
U01226,2026-02-28,Japan,Web,influencer,35-44,casual
U01227,2026-01-07,India,Web,paid_social,35-44,competitive
U01228,2026-03-01,United States,iOS,referral,18-24,casual
U01229,2026-01-10,Brazil,iOS,organic,25-34,casual
U01230,2026-01-18,Brazil,iOS,influencer,35-44,casual
U01231,2026-02-19,India,iOS,paid_social,45-54,casual
U01232,2026-02-14,India,Android,paid_social,18-24,casual
U01233,2026-02-28,Germany,iOS,paid_social,45-54,competitive
U01234,2026-02-14,Germany,Android,referral,45-54,casual
U01235,2026-02-08,United States,Android,store_feature,45-54,casual
U01236,2026-01-21,India,iOS,store_feature,18-24,competitive
U01237,2026-01-01,United States,Android,paid_social,18-24,collector
U01238,2026-01-08,Brazil,iOS,paid_social,35-44,casual
U01239,2026-01-18,Japan,Android,influencer,25-34,casual
U01240,2026-01-03,United Kingdom,Android,referral,18-24,casual
U01241,2026-01-31,United States,iOS,paid_social,35-44,collector
U01242,2026-02-16,United States,Android,paid_social,18-24,competitive
U01243,2026-02-27,Japan,iOS,referral,25-34,casual
U01244,2026-01-30,United Kingdom,Android,referral,55+,casual
U01245,2026-02-22,United States,Android,paid_social,25-34,casual
U01246,2026-03-01,Brazil,iOS,store_feature,45-54,competitive
U01247,2026-02-21,United States,Android,store_feature,25-34,casual
U01248,2026-01-28,Japan,Web,paid_social,25-34,casual
U01249,2026-01-20,Canada,Android,organic,18-24,casual
U01250,2026-02-28,United States,Android,paid_social,25-34,competitive
U01251,2026-01-15,United States,Android,referral,25-34,collector
U01252,2026-01-25,United Kingdom,iOS,paid_social,45-54,casual
U01253,2026-01-05,United Kingdom,Android,influencer,45-54,collector
U01254,2026-02-17,Brazil,Android,organic,18-24,casual
U01255,2026-02-08,United Kingdom,iOS,organic,18-24,competitive
U01256,2026-01-06,Canada,iOS,store_feature,35-44,collector
U01257,2026-01-14,United States,iOS,influencer,25-34,competitive
U01258,2026-02-03,United States,iOS,paid_social,25-34,casual
U01259,2026-02-02,India,iOS,organic,18-24,casual
U01260,2026-02-18,United States,iOS,paid_social,18-24,competitive
U01261,2026-01-16,India,Android,paid_social,25-34,competitive
U01262,2026-02-25,Canada,iOS,paid_social,18-24,casual
U01263,2026-01-27,United States,iOS,organic,35-44,competitive
U01264,2026-02-19,United States,Android,organic,25-34,casual
U01265,2026-01-15,United States,iOS,referral,25-34,casual
U01266,2026-01-03,Japan,Android,referral,25-34,competitive
U01267,2026-01-04,United Kingdom,Android,referral,18-24,casual
U01268,2026-01-23,Canada,Web,paid_social,45-54,casual
U01269,2026-02-27,Brazil,Android,organic,35-44,casual
U01270,2026-01-03,Germany,iOS,paid_social,45-54,collector
U01271,2026-01-23,India,iOS,influencer,25-34,casual
U01272,2026-01-07,India,Web,paid_social,25-34,casual
U01273,2026-02-25,Brazil,Android,paid_social,18-24,casual
U01274,2026-02-10,Japan,Android,paid_social,25-34,casual
U01275,2026-02-15,Japan,Android,store_feature,25-34,casual
U01276,2026-02-12,United Kingdom,iOS,paid_social,25-34,casual
U01277,2026-02-09,Brazil,Android,paid_social,18-24,casual
U01278,2026-02-16,United States,Android,store_feature,25-34,competitive
U01279,2026-01-01,Brazil,Web,organic,18-24,casual
U01280,2026-02-21,India,iOS,paid_social,25-34,casual
U01281,2026-02-14,United States,Android,paid_social,25-34,competitive
U01282,2026-02-14,Japan,iOS,influencer,55+,casual
U01283,2026-01-24,India,Web,referral,18-24,casual
U01284,2026-02-18,United States,iOS,organic,18-24,collector
U01285,2026-01-23,United Kingdom,Android,store_feature,25-34,competitive
U01286,2026-01-03,India,iOS,referral,18-24,competitive
U01287,2026-02-24,India,Android,paid_social,35-44,casual
U01288,2026-01-15,United States,Android,organic,18-24,collector
U01289,2026-01-07,Canada,iOS,organic,55+,casual
U01290,2026-02-07,Brazil,Android,referral,45-54,casual
U01291,2026-01-15,United States,Web,paid_social,25-34,competitive
U01292,2026-02-21,Canada,Web,store_feature,45-54,casual
U01293,2026-01-27,United States,iOS,organic,35-44,competitive
U01294,2026-01-01,United States,Android,referral,55+,casual
U01295,2026-02-27,Germany,Android,organic,25-34,casual
U01296,2026-01-31,Brazil,Android,referral,55+,competitive
U01297,2026-01-16,Brazil,Android,organic,18-24,casual
U01298,2026-02-10,Japan,Android,paid_social,25-34,competitive
U01299,2026-02-01,Canada,iOS,organic,45-54,casual
U01300,2026-01-02,United States,iOS,paid_social,25-34,casual
U01301,2026-02-15,United States,iOS,organic,18-24,competitive
U01302,2026-01-25,United States,iOS,store_feature,18-24,casual
U01303,2026-02-11,Canada,iOS,organic,18-24,competitive
U01304,2026-02-23,United States,iOS,paid_social,25-34,casual
U01305,2026-02-06,United States,Android,paid_social,25-34,casual
U01306,2026-02-10,United States,Android,organic,25-34,casual
U01307,2026-01-16,Brazil,iOS,organic,35-44,competitive
U01308,2026-01-15,Germany,Android,organic,18-24,casual
U01309,2026-01-25,India,Web,paid_social,45-54,casual
U01310,2026-02-21,Japan,Web,influencer,25-34,collector
U01311,2026-02-01,Germany,Android,organic,35-44,casual
U01312,2026-01-21,United States,Web,referral,35-44,competitive
U01313,2026-02-16,Germany,Android,referral,45-54,casual
U01314,2026-02-21,United States,Web,referral,18-24,casual
U01315,2026-02-24,United Kingdom,Web,paid_social,25-34,casual
U01316,2026-01-18,Canada,iOS,influencer,45-54,casual
U01317,2026-02-12,United Kingdom,Web,paid_social,35-44,competitive
U01318,2026-02-05,United States,Android,store_feature,18-24,casual
U01319,2026-01-27,Brazil,Android,organic,35-44,casual
U01320,2026-01-24,Japan,Web,store_feature,35-44,competitive
U01321,2026-01-07,Japan,iOS,influencer,25-34,competitive
U01322,2026-01-17,Germany,iOS,influencer,35-44,casual
U01323,2026-02-02,United Kingdom,Android,organic,45-54,casual
U01324,2026-02-23,United States,Android,store_feature,25-34,casual
U01325,2026-02-21,Brazil,Web,organic,18-24,collector
U01326,2026-01-12,Germany,Web,referral,25-34,competitive
U01327,2026-02-10,United States,Android,paid_social,25-34,competitive
U01328,2026-01-06,Canada,Web,referral,25-34,casual
U01329,2026-02-10,India,iOS,paid_social,35-44,casual
U01330,2026-01-21,Germany,Web,organic,25-34,casual
U01331,2026-01-27,United Kingdom,iOS,organic,45-54,casual
U01332,2026-02-13,Germany,Android,organic,35-44,casual
U01333,2026-01-26,Canada,iOS,paid_social,35-44,casual
U01334,2026-02-18,United Kingdom,Android,store_feature,25-34,casual
U01335,2026-02-02,United States,iOS,referral,18-24,casual
U01336,2026-03-01,United Kingdom,iOS,store_feature,35-44,casual
U01337,2026-02-08,Brazil,Android,store_feature,18-24,casual
U01338,2026-01-18,United States,Android,paid_social,25-34,competitive
U01339,2026-02-16,Japan,iOS,paid_social,18-24,competitive
U01340,2026-01-25,United States,Android,paid_social,25-34,casual
U01341,2026-02-02,Brazil,iOS,organic,35-44,competitive
U01342,2026-01-09,Brazil,iOS,paid_social,25-34,casual
U01343,2026-01-08,Brazil,iOS,referral,25-34,casual
U01344,2026-02-04,Germany,Android,paid_social,18-24,collector
U01345,2026-01-12,India,Android,referral,25-34,casual
U01346,2026-03-01,United Kingdom,Android,organic,25-34,competitive
U01347,2026-02-21,Brazil,Android,store_feature,45-54,casual
U01348,2026-02-12,Brazil,Android,organic,45-54,casual
U01349,2026-02-14,United States,Android,store_feature,55+,casual
U01350,2026-02-05,United States,Web,organic,18-24,casual
U01351,2026-01-04,United Kingdom,iOS,paid_social,25-34,casual
U01352,2026-01-24,United States,iOS,paid_social,25-34,casual
U01353,2026-01-30,Canada,iOS,organic,35-44,casual
U01354,2026-02-24,Canada,Android,paid_social,35-44,casual
U01355,2026-01-14,Germany,Android,organic,35-44,casual
U01356,2026-01-30,United States,iOS,paid_social,25-34,casual
U01357,2026-01-21,Japan,Web,influencer,25-34,casual
U01358,2026-01-09,United Kingdom,Web,organic,55+,casual
U01359,2026-01-07,Brazil,iOS,paid_social,18-24,competitive
U01360,2026-01-22,United States,iOS,store_feature,35-44,collector
U01361,2026-01-05,United Kingdom,iOS,paid_social,35-44,casual
U01362,2026-01-05,United States,iOS,store_feature,18-24,casual
U01363,2026-01-22,Brazil,Web,paid_social,45-54,collector
U01364,2026-01-13,Canada,Android,paid_social,45-54,competitive
U01365,2026-02-03,India,iOS,organic,35-44,collector
U01366,2026-01-02,Canada,Android,organic,18-24,competitive
U01367,2026-01-19,Germany,iOS,paid_social,18-24,competitive
U01368,2026-01-28,United States,iOS,store_feature,35-44,casual
U01369,2026-02-27,Germany,iOS,organic,18-24,casual
U01370,2026-02-08,United Kingdom,Android,influencer,18-24,competitive
U01371,2026-02-22,Canada,Android,paid_social,25-34,casual
U01372,2026-01-21,United States,Web,paid_social,18-24,competitive
U01373,2026-01-27,United States,iOS,influencer,35-44,collector
U01374,2026-01-26,United States,Android,influencer,25-34,casual
U01375,2026-02-23,India,iOS,paid_social,18-24,casual
U01376,2026-02-27,Canada,iOS,organic,25-34,collector
U01377,2026-02-27,United States,Web,organic,18-24,competitive
U01378,2026-02-15,India,Android,organic,18-24,competitive
U01379,2026-01-31,United States,iOS,store_feature,25-34,competitive
U01380,2026-02-02,Canada,Android,organic,25-34,collector
U01381,2026-02-28,Brazil,Android,referral,25-34,casual
U01382,2026-01-18,India,Web,organic,35-44,casual
U01383,2026-01-21,Brazil,Android,paid_social,25-34,casual
U01384,2026-02-23,United Kingdom,iOS,paid_social,25-34,casual
U01385,2026-01-24,India,Android,paid_social,25-34,competitive
U01386,2026-01-15,United States,iOS,paid_social,35-44,casual
U01387,2026-02-03,India,iOS,influencer,25-34,competitive
U01388,2026-01-20,Japan,Android,influencer,18-24,casual
U01389,2026-02-23,India,Android,referral,35-44,competitive
U01390,2026-02-24,United States,iOS,organic,35-44,casual
U01391,2026-01-19,United States,Android,influencer,18-24,casual
U01392,2026-02-01,Brazil,Android,influencer,35-44,casual
U01393,2026-03-01,United Kingdom,Android,influencer,35-44,casual
U01394,2026-02-14,United Kingdom,iOS,paid_social,18-24,casual
U01395,2026-01-13,India,iOS,organic,45-54,competitive
U01396,2026-02-05,Germany,iOS,referral,25-34,casual
U01397,2026-02-07,Canada,iOS,paid_social,35-44,collector
U01398,2026-02-09,Canada,iOS,paid_social,45-54,collector
U01399,2026-01-02,United States,iOS,paid_social,55+,casual
U01400,2026-01-18,United States,iOS,paid_social,25-34,casual
U01401,2026-02-21,United States,iOS,organic,35-44,casual
U01402,2026-01-15,Japan,Web,referral,18-24,casual
U01403,2026-01-18,Brazil,Android,referral,25-34,casual
U01404,2026-01-20,United Kingdom,iOS,paid_social,45-54,collector
U01405,2026-01-11,Canada,Web,organic,25-34,collector
U01406,2026-01-10,Brazil,iOS,influencer,45-54,casual
U01407,2026-01-21,Japan,iOS,paid_social,18-24,competitive
U01408,2026-02-22,India,Android,paid_social,18-24,competitive
U01409,2026-01-01,Germany,Android,paid_social,18-24,casual
U01410,2026-01-17,Japan,iOS,paid_social,25-34,collector
U01411,2026-01-04,United Kingdom,iOS,referral,18-24,collector
U01412,2026-02-03,United Kingdom,Android,organic,25-34,collector
U01413,2026-01-16,Japan,Android,store_feature,55+,competitive
U01414,2026-02-17,Canada,iOS,organic,35-44,casual
U01415,2026-02-05,Canada,Android,influencer,35-44,casual
U01416,2026-02-17,Canada,iOS,referral,18-24,collector
U01417,2026-02-08,United Kingdom,Android,organic,25-34,casual
U01418,2026-01-27,Germany,iOS,paid_social,35-44,casual
U01419,2026-02-21,Brazil,Web,organic,18-24,casual
U01420,2026-01-29,United Kingdom,Android,influencer,25-34,casual
U01421,2026-02-26,United States,iOS,referral,45-54,casual
U01422,2026-03-01,Japan,Android,paid_social,18-24,competitive
U01423,2026-02-05,Canada,iOS,paid_social,45-54,casual
U01424,2026-02-10,India,iOS,influencer,18-24,casual
U01425,2026-01-16,United States,Android,referral,18-24,casual
U01426,2026-02-18,Germany,Android,paid_social,18-24,competitive
U01427,2026-02-10,United Kingdom,Android,paid_social,45-54,competitive
U01428,2026-02-24,Japan,Web,organic,35-44,collector
U01429,2026-01-17,United States,iOS,referral,35-44,competitive
U01430,2026-02-17,India,iOS,paid_social,25-34,casual
U01431,2026-01-29,United Kingdom,Android,store_feature,45-54,competitive
U01432,2026-01-12,Germany,iOS,paid_social,25-34,casual
U01433,2026-01-11,United Kingdom,iOS,paid_social,25-34,competitive
U01434,2026-02-03,United States,Web,paid_social,35-44,competitive
U01435,2026-01-20,United Kingdom,Android,store_feature,35-44,casual
U01436,2026-01-07,United States,Web,paid_social,35-44,casual
U01437,2026-01-26,Canada,iOS,store_feature,18-24,competitive
U01438,2026-02-09,Brazil,iOS,organic,45-54,casual
U01439,2026-01-20,United Kingdom,Android,referral,25-34,competitive
U01440,2026-02-27,United States,Web,influencer,55+,casual
U01441,2026-02-16,United States,iOS,store_feature,25-34,competitive
U01442,2026-01-31,United States,iOS,paid_social,18-24,competitive
U01443,2026-02-26,United States,iOS,referral,25-34,casual
U01444,2026-01-26,Germany,Android,organic,25-34,casual
U01445,2026-01-09,United States,Android,organic,25-34,competitive
U01446,2026-01-03,India,Android,store_feature,45-54,casual
U01447,2026-02-26,United States,iOS,store_feature,35-44,casual
U01448,2026-02-27,United States,Android,organic,18-24,competitive
U01449,2026-02-14,Japan,Android,influencer,25-34,casual
U01450,2026-01-07,United States,iOS,paid_social,35-44,competitive
U01451,2026-01-18,United Kingdom,iOS,influencer,45-54,casual
U01452,2026-01-03,India,Android,store_feature,25-34,casual
U01453,2026-01-04,India,iOS,influencer,45-54,casual
U01454,2026-01-15,Brazil,Web,store_feature,18-24,collector
U01455,2026-02-04,United States,Android,influencer,35-44,casual
U01456,2026-01-04,Germany,iOS,referral,35-44,casual
U01457,2026-03-01,India,Android,organic,25-34,casual
U01458,2026-01-28,India,Android,paid_social,18-24,competitive
U01459,2026-01-16,United States,iOS,referral,35-44,competitive
U01460,2026-01-31,Canada,Android,organic,25-34,casual
U01461,2026-02-17,Canada,iOS,influencer,18-24,casual
U01462,2026-01-19,United States,iOS,organic,18-24,casual
U01463,2026-01-03,Brazil,Android,store_feature,35-44,competitive
U01464,2026-01-04,United States,Android,paid_social,18-24,competitive
U01465,2026-02-21,Canada,iOS,store_feature,25-34,competitive
U01466,2026-01-07,United States,iOS,influencer,55+,competitive
U01467,2026-02-08,United Kingdom,Android,paid_social,35-44,casual
U01468,2026-01-24,United States,iOS,referral,25-34,competitive
U01469,2026-02-16,United Kingdom,Web,organic,25-34,competitive
U01470,2026-01-04,United States,Android,store_feature,18-24,casual
U01471,2026-02-23,India,Web,store_feature,25-34,collector
U01472,2026-02-11,United States,iOS,organic,18-24,casual
U01473,2026-01-27,United Kingdom,Android,organic,18-24,competitive
U01474,2026-01-13,United States,iOS,paid_social,18-24,competitive
U01475,2026-02-28,United States,iOS,organic,35-44,collector
U01476,2026-01-19,United States,iOS,store_feature,18-24,casual
U01477,2026-01-30,United States,iOS,organic,18-24,collector
U01478,2026-01-24,United States,Web,influencer,45-54,casual
U01479,2026-01-14,United Kingdom,Android,influencer,18-24,casual
U01480,2026-01-25,Brazil,Android,influencer,35-44,collector
U01481,2026-01-10,United States,Android,paid_social,25-34,casual
U01482,2026-01-01,United Kingdom,Android,organic,25-34,competitive
U01483,2026-01-18,Germany,Android,store_feature,18-24,casual
U01484,2026-01-07,United States,Android,referral,18-24,collector
U01485,2026-01-25,Canada,Android,influencer,35-44,competitive
U01486,2026-02-21,United States,Android,paid_social,25-34,casual
U01487,2026-01-10,United States,iOS,organic,18-24,competitive
U01488,2026-01-01,United Kingdom,Web,influencer,25-34,casual
U01489,2026-01-07,India,iOS,store_feature,25-34,competitive
U01490,2026-01-31,India,iOS,organic,18-24,competitive
U01491,2026-01-17,India,Web,referral,25-34,competitive
U01492,2026-01-30,United Kingdom,iOS,organic,25-34,competitive
U01493,2026-01-02,United States,iOS,paid_social,35-44,competitive
U01494,2026-01-20,Canada,iOS,paid_social,35-44,competitive
U01495,2026-01-25,United States,Android,paid_social,25-34,collector
U01496,2026-01-26,United States,Web,organic,45-54,casual
U01497,2026-02-03,United States,Android,organic,25-34,casual
U01498,2026-02-16,United Kingdom,Android,paid_social,25-34,competitive
U01499,2026-01-29,Canada,Web,organic,35-44,casual
U01500,2026-02-20,United States,Android,paid_social,35-44,casual
U01501,2026-02-01,Brazil,Web,paid_social,18-24,competitive
U01502,2026-01-16,Canada,iOS,referral,55+,casual
U01503,2026-01-14,Japan,Android,referral,55+,casual
U01504,2026-01-20,United States,iOS,organic,25-34,casual
U01505,2026-02-05,United Kingdom,iOS,organic,25-34,casual
U01506,2026-01-15,United States,Android,store_feature,35-44,casual
U01507,2026-02-24,United Kingdom,iOS,store_feature,45-54,casual
U01508,2026-01-29,United States,Android,influencer,25-34,competitive
U01509,2026-02-21,United States,Android,influencer,18-24,casual
U01510,2026-02-10,Germany,iOS,referral,35-44,competitive
U01511,2026-01-21,United States,Android,influencer,18-24,collector
U01512,2026-01-14,United States,Android,paid_social,35-44,casual
U01513,2026-02-14,India,Web,store_feature,25-34,collector
U01514,2026-01-20,United States,iOS,influencer,35-44,casual
U01515,2026-01-15,Germany,Web,store_feature,18-24,competitive
U01516,2026-02-25,Germany,Android,paid_social,25-34,collector
U01517,2026-01-29,United States,Android,paid_social,35-44,competitive
U01518,2026-01-03,United Kingdom,iOS,organic,25-34,casual
U01519,2026-01-30,United States,Android,paid_social,18-24,casual
U01520,2026-01-28,Brazil,Android,store_feature,18-24,casual
U01521,2026-02-21,United States,iOS,referral,45-54,collector
U01522,2026-02-12,United States,Web,organic,25-34,casual
U01523,2026-01-12,Canada,Web,referral,35-44,casual
U01524,2026-01-10,India,Android,paid_social,25-34,casual
U01525,2026-02-06,Japan,Android,paid_social,45-54,casual
U01526,2026-01-03,India,Android,paid_social,25-34,casual
U01527,2026-01-20,Brazil,Android,paid_social,18-24,casual
U01528,2026-01-09,Brazil,Android,referral,18-24,competitive
U01529,2026-01-02,United Kingdom,iOS,referral,18-24,casual
U01530,2026-02-25,India,iOS,referral,45-54,casual
U01531,2026-01-06,United Kingdom,iOS,paid_social,35-44,casual
U01532,2026-01-01,Canada,Web,referral,35-44,casual
U01533,2026-02-25,Brazil,iOS,organic,35-44,competitive
U01534,2026-01-12,Germany,Web,paid_social,45-54,casual
U01535,2026-02-18,United States,Android,paid_social,55+,casual
U01536,2026-01-02,Canada,iOS,referral,35-44,casual
U01537,2026-01-10,Canada,Web,influencer,18-24,casual
U01538,2026-01-07,Japan,Android,organic,18-24,competitive
U01539,2026-02-12,Canada,iOS,store_feature,25-34,collector
U01540,2026-02-07,Japan,iOS,organic,35-44,casual
U01541,2026-01-29,United Kingdom,iOS,paid_social,25-34,casual
U01542,2026-01-15,Brazil,iOS,store_feature,25-34,casual
U01543,2026-01-06,United States,iOS,referral,35-44,competitive
U01544,2026-02-04,India,Android,store_feature,25-34,casual
U01545,2026-01-14,United Kingdom,iOS,store_feature,25-34,collector
U01546,2026-02-05,United States,iOS,organic,45-54,casual
U01547,2026-02-11,United States,iOS,influencer,25-34,collector
U01548,2026-02-20,United States,iOS,influencer,25-34,casual
U01549,2026-01-30,Canada,Web,paid_social,25-34,casual
U01550,2026-01-01,Brazil,iOS,organic,25-34,casual
U01551,2026-01-17,India,iOS,organic,25-34,casual
U01552,2026-02-21,Brazil,Android,store_feature,18-24,collector
U01553,2026-02-01,Germany,Web,influencer,35-44,casual
U01554,2026-02-07,United Kingdom,Android,store_feature,35-44,casual
U01555,2026-01-28,Japan,Android,paid_social,18-24,collector
U01556,2026-01-10,Japan,Web,organic,25-34,casual
U01557,2026-02-23,United States,Android,paid_social,25-34,casual
U01558,2026-02-16,India,Web,paid_social,25-34,casual
U01559,2026-03-01,Canada,iOS,organic,25-34,casual
U01560,2026-02-21,Japan,Android,organic,25-34,collector
U01561,2026-01-18,India,Web,organic,25-34,casual
U01562,2026-01-16,Brazil,Web,organic,35-44,competitive
U01563,2026-01-15,United States,Android,referral,25-34,casual
U01564,2026-02-25,Germany,Android,paid_social,55+,casual
U01565,2026-02-03,United States,iOS,paid_social,25-34,competitive
U01566,2026-01-28,Japan,Android,paid_social,35-44,competitive
U01567,2026-02-28,United States,iOS,influencer,25-34,competitive
U01568,2026-02-06,Brazil,Android,referral,35-44,casual
U01569,2026-02-24,India,Android,referral,45-54,casual
U01570,2026-03-01,United States,iOS,referral,25-34,competitive
U01571,2026-01-05,Canada,iOS,referral,25-34,competitive
U01572,2026-01-22,Brazil,iOS,referral,55+,casual
U01573,2026-02-14,Canada,Android,paid_social,45-54,casual
U01574,2026-02-18,United States,Android,paid_social,55+,competitive
U01575,2026-01-09,United States,Android,paid_social,18-24,casual
U01576,2026-01-20,Canada,iOS,paid_social,18-24,competitive
U01577,2026-02-02,Brazil,Android,organic,25-34,competitive
U01578,2026-02-17,Germany,Android,paid_social,35-44,casual
U01579,2026-01-07,United States,iOS,paid_social,18-24,casual
U01580,2026-02-06,United Kingdom,iOS,paid_social,25-34,casual
U01581,2026-01-18,Canada,Android,paid_social,25-34,competitive
U01582,2026-01-13,United States,iOS,organic,18-24,collector
U01583,2026-01-31,Brazil,iOS,organic,35-44,casual
U01584,2026-01-25,Canada,iOS,paid_social,18-24,casual
U01585,2026-02-08,Germany,iOS,referral,45-54,casual
U01586,2026-01-20,India,iOS,organic,25-34,competitive
U01587,2026-02-19,United Kingdom,iOS,organic,25-34,casual
U01588,2026-01-05,Germany,Android,organic,25-34,competitive
U01589,2026-02-21,United States,Android,paid_social,25-34,casual
U01590,2026-01-02,United States,Android,organic,25-34,casual
U01591,2026-02-14,United States,Android,paid_social,45-54,casual
U01592,2026-01-21,Japan,Android,paid_social,25-34,collector
U01593,2026-01-24,Japan,iOS,influencer,18-24,competitive
U01594,2026-01-02,United States,iOS,referral,35-44,casual
U01595,2026-02-12,United States,iOS,organic,18-24,casual
U01596,2026-01-10,Canada,Android,paid_social,25-34,collector
U01597,2026-02-09,Germany,Android,store_feature,25-34,collector
U01598,2026-02-13,Germany,iOS,organic,25-34,casual
U01599,2026-02-20,Brazil,Android,influencer,18-24,competitive
U01600,2026-02-12,India,Web,paid_social,25-34,collector
U01601,2026-01-19,United States,iOS,organic,18-24,casual
U01602,2026-02-14,Brazil,Android,organic,25-34,casual
U01603,2026-02-19,Germany,Android,influencer,35-44,casual
U01604,2026-01-20,Canada,Android,influencer,35-44,casual
U01605,2026-01-08,India,Android,store_feature,18-24,competitive
U01606,2026-02-23,United States,Android,organic,18-24,casual
U01607,2026-01-09,Brazil,iOS,store_feature,35-44,casual
U01608,2026-02-05,Brazil,Android,organic,25-34,casual
U01609,2026-01-15,India,Android,paid_social,45-54,competitive
U01610,2026-01-08,United Kingdom,iOS,referral,18-24,casual
U01611,2026-02-16,Canada,Web,influencer,18-24,casual
U01612,2026-01-09,Japan,iOS,paid_social,25-34,casual
U01613,2026-02-10,Japan,Android,paid_social,35-44,competitive
U01614,2026-02-11,United Kingdom,Android,organic,25-34,casual
U01615,2026-01-04,Japan,Android,paid_social,18-24,casual
U01616,2026-01-11,United States,Android,organic,18-24,competitive
U01617,2026-02-17,Germany,iOS,store_feature,35-44,casual
U01618,2026-01-31,Japan,Android,organic,25-34,competitive
U01619,2026-01-08,Canada,Android,referral,35-44,casual
U01620,2026-03-01,United Kingdom,Web,organic,25-34,competitive
U01621,2026-01-16,India,Android,paid_social,25-34,casual
U01622,2026-01-01,Japan,Web,organic,18-24,casual
U01623,2026-02-25,India,Web,paid_social,55+,casual
U01624,2026-01-01,Canada,iOS,paid_social,18-24,collector
U01625,2026-02-03,India,Web,referral,18-24,competitive
U01626,2026-03-01,United States,Web,influencer,45-54,casual
U01627,2026-02-04,United Kingdom,iOS,organic,18-24,casual
U01628,2026-02-05,United Kingdom,Android,paid_social,25-34,casual
U01629,2026-01-24,Japan,iOS,influencer,25-34,casual
U01630,2026-01-08,India,Android,organic,35-44,casual
U01631,2026-02-04,Brazil,iOS,store_feature,25-34,collector
U01632,2026-02-23,Germany,Android,influencer,45-54,casual
U01633,2026-01-06,United Kingdom,iOS,store_feature,35-44,collector
U01634,2026-02-22,United Kingdom,Android,paid_social,25-34,casual
U01635,2026-01-25,United Kingdom,iOS,referral,18-24,competitive
U01636,2026-02-02,United States,Android,paid_social,35-44,casual
U01637,2026-01-10,United Kingdom,Android,paid_social,45-54,casual
U01638,2026-02-07,Japan,Android,influencer,45-54,competitive
U01639,2026-01-11,Brazil,iOS,organic,18-24,casual
U01640,2026-01-17,Japan,iOS,store_feature,35-44,collector
U01641,2026-02-13,Canada,Android,paid_social,35-44,competitive
U01642,2026-01-04,United Kingdom,Web,organic,55+,collector
U01643,2026-01-27,United States,iOS,referral,25-34,competitive
U01644,2026-02-05,Canada,Android,store_feature,35-44,casual
U01645,2026-01-08,United Kingdom,iOS,paid_social,35-44,casual
U01646,2026-01-18,United States,Android,store_feature,45-54,competitive
U01647,2026-01-21,United States,iOS,paid_social,35-44,casual
U01648,2026-02-09,Brazil,Android,influencer,45-54,casual
U01649,2026-02-28,United Kingdom,iOS,referral,25-34,casual
U01650,2026-02-20,Canada,iOS,store_feature,18-24,competitive
U01651,2026-01-12,United States,iOS,organic,25-34,casual
U01652,2026-01-02,United Kingdom,iOS,paid_social,35-44,casual
U01653,2026-01-04,United Kingdom,Android,influencer,18-24,collector
U01654,2026-02-05,United Kingdom,Web,organic,35-44,competitive
U01655,2026-01-10,Germany,Android,paid_social,55+,casual
U01656,2026-01-14,United States,Web,store_feature,45-54,casual
U01657,2026-02-20,India,Android,referral,35-44,competitive
U01658,2026-02-22,United States,iOS,store_feature,35-44,casual
U01659,2026-02-20,United Kingdom,iOS,referral,18-24,competitive
U01660,2026-01-16,United States,iOS,influencer,25-34,competitive
U01661,2026-02-07,United Kingdom,iOS,paid_social,25-34,casual
U01662,2026-02-06,United States,Web,referral,35-44,casual
U01663,2026-01-12,Japan,Android,store_feature,25-34,casual
U01664,2026-02-03,Canada,Android,referral,18-24,casual
U01665,2026-02-01,Germany,Android,organic,35-44,competitive
U01666,2026-01-24,United States,iOS,paid_social,25-34,casual
U01667,2026-02-15,United States,Android,paid_social,45-54,collector
U01668,2026-02-10,Canada,iOS,referral,25-34,competitive
U01669,2026-02-01,United Kingdom,iOS,paid_social,45-54,casual
U01670,2026-02-13,United Kingdom,iOS,store_feature,25-34,casual
U01671,2026-02-15,India,iOS,store_feature,35-44,casual
U01672,2026-02-04,Brazil,Android,organic,35-44,casual
U01673,2026-01-17,India,iOS,paid_social,25-34,competitive
U01674,2026-02-15,United States,iOS,paid_social,25-34,casual
U01675,2026-02-13,Japan,Web,organic,45-54,casual
U01676,2026-03-01,Germany,Web,paid_social,18-24,casual
U01677,2026-01-09,Germany,Android,paid_social,35-44,casual
U01678,2026-01-26,India,Android,store_feature,18-24,competitive
U01679,2026-02-25,Brazil,Android,paid_social,35-44,collector
U01680,2026-01-31,India,iOS,organic,18-24,competitive
U01681,2026-02-26,Brazil,Android,paid_social,25-34,collector
U01682,2026-01-01,United States,iOS,store_feature,25-34,competitive
U01683,2026-01-03,Brazil,iOS,paid_social,18-24,casual
U01684,2026-02-17,United Kingdom,Web,organic,25-34,collector
U01685,2026-01-22,India,Android,influencer,45-54,casual
U01686,2026-02-01,Japan,Web,organic,35-44,casual
U01687,2026-01-26,United States,Android,organic,55+,collector
U01688,2026-01-25,United States,Android,paid_social,35-44,competitive
U01689,2026-02-26,United States,Android,referral,35-44,collector
U01690,2026-01-06,United Kingdom,Android,store_feature,25-34,casual
U01691,2026-02-16,United States,Android,organic,45-54,competitive
U01692,2026-02-23,Brazil,iOS,store_feature,25-34,casual
U01693,2026-02-09,Germany,Android,referral,25-34,casual
U01694,2026-01-24,Japan,iOS,influencer,45-54,collector
U01695,2026-01-10,United States,Android,influencer,55+,casual
U01696,2026-02-10,United Kingdom,iOS,store_feature,25-34,competitive
U01697,2026-01-29,United States,Android,organic,18-24,collector
U01698,2026-01-09,India,iOS,organic,35-44,collector
U01699,2026-01-22,United States,iOS,influencer,35-44,casual
U01700,2026-02-27,United States,Android,paid_social,25-34,casual
U01701,2026-01-16,United States,iOS,paid_social,35-44,collector
U01702,2026-01-11,Japan,Web,influencer,25-34,competitive
U01703,2026-02-10,United States,Android,store_feature,25-34,casual
U01704,2026-01-12,Germany,iOS,referral,35-44,casual
U01705,2026-02-25,Brazil,iOS,influencer,25-34,casual
U01706,2026-02-21,Brazil,Android,organic,35-44,collector
U01707,2026-03-01,United States,Android,referral,18-24,casual
U01708,2026-02-24,United States,iOS,influencer,35-44,competitive
U01709,2026-01-15,United Kingdom,iOS,organic,25-34,casual
U01710,2026-01-13,United States,Android,organic,55+,casual
U01711,2026-01-21,Brazil,Web,store_feature,35-44,competitive
U01712,2026-01-29,Canada,iOS,paid_social,18-24,collector
U01713,2026-02-22,United Kingdom,iOS,organic,55+,casual
U01714,2026-02-14,United States,iOS,organic,25-34,casual
U01715,2026-02-08,Germany,iOS,organic,25-34,competitive
U01716,2026-02-22,United States,Android,organic,45-54,casual
U01717,2026-02-08,Brazil,Web,store_feature,45-54,casual
U01718,2026-01-23,United States,Web,referral,35-44,competitive
U01719,2026-01-25,India,Android,referral,55+,casual
U01720,2026-02-01,Brazil,iOS,organic,25-34,competitive
U01721,2026-01-06,United States,Web,paid_social,18-24,casual
U01722,2026-02-14,United States,iOS,organic,18-24,competitive
U01723,2026-02-09,Canada,iOS,store_feature,25-34,competitive
U01724,2026-02-13,United States,Android,influencer,35-44,competitive
U01725,2026-02-02,United States,iOS,paid_social,25-34,competitive
U01726,2026-02-16,Japan,Android,influencer,25-34,competitive
U01727,2026-02-26,Germany,Web,organic,18-24,casual
U01728,2026-02-04,United States,Android,organic,25-34,casual
U01729,2026-01-27,Germany,Android,store_feature,35-44,casual
U01730,2026-01-07,United States,iOS,paid_social,18-24,competitive
U01731,2026-02-16,India,iOS,influencer,35-44,casual
U01732,2026-02-24,United States,Android,organic,35-44,casual
U01733,2026-02-11,Brazil,Android,store_feature,25-34,casual
U01734,2026-02-21,Japan,Web,organic,45-54,competitive
U01735,2026-02-21,United States,iOS,organic,55+,casual
U01736,2026-02-17,United States,iOS,paid_social,18-24,casual
U01737,2026-01-31,Canada,iOS,influencer,35-44,competitive
U01738,2026-01-06,Japan,Android,paid_social,18-24,collector
U01739,2026-01-01,United Kingdom,Android,referral,25-34,competitive
U01740,2026-01-13,Brazil,Web,organic,35-44,casual
U01741,2026-01-26,Japan,iOS,organic,35-44,competitive
U01742,2026-02-14,Japan,Android,organic,45-54,casual
U01743,2026-01-28,United Kingdom,iOS,store_feature,35-44,casual
U01744,2026-01-02,United Kingdom,iOS,organic,35-44,casual
U01745,2026-01-13,Brazil,iOS,organic,25-34,casual
U01746,2026-02-28,United States,Android,paid_social,18-24,competitive
U01747,2026-03-01,Japan,Android,paid_social,18-24,casual
U01748,2026-01-23,United States,iOS,paid_social,25-34,competitive
U01749,2026-02-18,United States,Android,organic,35-44,competitive
U01750,2026-02-13,Japan,Android,paid_social,18-24,casual
U01751,2026-02-25,Canada,iOS,referral,25-34,casual
U01752,2026-02-23,United States,iOS,organic,18-24,competitive
U01753,2026-02-07,United States,Android,referral,25-34,casual
U01754,2026-01-24,United Kingdom,Android,organic,25-34,casual
U01755,2026-02-07,Japan,Android,influencer,18-24,casual
U01756,2026-01-20,United States,iOS,influencer,18-24,casual
U01757,2026-01-21,United States,Android,organic,25-34,casual
U01758,2026-02-06,United Kingdom,Web,paid_social,25-34,collector
U01759,2026-02-04,India,iOS,paid_social,45-54,casual
U01760,2026-02-04,United States,Android,store_feature,18-24,casual
U01761,2026-01-24,India,Web,paid_social,25-34,competitive
U01762,2026-01-25,India,iOS,paid_social,25-34,competitive
U01763,2026-01-01,United States,Android,organic,35-44,competitive
U01764,2026-02-06,Japan,Web,organic,25-34,casual
U01765,2026-02-04,Brazil,iOS,referral,18-24,collector
U01766,2026-02-26,United Kingdom,Android,referral,45-54,casual
U01767,2026-01-31,United Kingdom,Android,store_feature,55+,casual
U01768,2026-01-29,Japan,Web,store_feature,25-34,competitive
U01769,2026-01-05,Japan,Web,referral,25-34,casual
U01770,2026-01-12,Brazil,Web,paid_social,18-24,competitive
U01771,2026-01-21,India,iOS,influencer,18-24,collector
U01772,2026-01-23,United Kingdom,Android,store_feature,18-24,casual
U01773,2026-01-22,Japan,Web,influencer,35-44,casual
U01774,2026-01-24,Japan,Android,influencer,18-24,casual
U01775,2026-02-16,United States,Android,paid_social,18-24,casual
U01776,2026-01-08,United States,iOS,referral,18-24,competitive
U01777,2026-01-20,Canada,Web,referral,18-24,collector
U01778,2026-01-10,Japan,iOS,organic,25-34,competitive
U01779,2026-01-19,United States,iOS,referral,25-34,collector
U01780,2026-02-11,Brazil,Web,paid_social,25-34,casual
U01781,2026-01-03,United States,Web,paid_social,25-34,casual
U01782,2026-01-21,Canada,Web,organic,25-34,casual
U01783,2026-01-02,Germany,Android,referral,35-44,competitive
U01784,2026-02-27,United States,iOS,referral,25-34,casual
U01785,2026-02-13,India,Android,paid_social,18-24,casual
U01786,2026-01-15,United States,iOS,organic,45-54,casual
U01787,2026-01-12,India,Web,paid_social,35-44,casual
U01788,2026-01-06,United States,Android,organic,25-34,competitive
U01789,2026-01-29,India,iOS,organic,25-34,collector
U01790,2026-02-15,Germany,iOS,paid_social,18-24,casual
U01791,2026-02-05,United States,iOS,influencer,18-24,casual
U01792,2026-02-22,United States,Web,paid_social,45-54,casual
U01793,2026-01-21,United States,Android,paid_social,25-34,casual
U01794,2026-01-17,Germany,iOS,store_feature,18-24,casual
U01795,2026-01-29,Japan,iOS,paid_social,18-24,competitive
U01796,2026-01-13,Canada,iOS,influencer,25-34,competitive
U01797,2026-02-28,United Kingdom,iOS,organic,25-34,competitive
U01798,2026-01-12,Germany,Web,paid_social,25-34,competitive
U01799,2026-01-29,United Kingdom,Android,organic,25-34,casual
U01800,2026-02-01,Brazil,iOS,paid_social,45-54,competitive
U01801,2026-01-04,United Kingdom,Android,influencer,35-44,competitive
U01802,2026-01-29,Brazil,iOS,referral,45-54,casual
U01803,2026-01-28,India,iOS,referral,45-54,casual
U01804,2026-01-16,Canada,Android,organic,45-54,casual
U01805,2026-01-08,United States,iOS,influencer,55+,casual
U01806,2026-01-03,United States,Android,paid_social,25-34,casual
U01807,2026-01-01,Germany,Android,organic,18-24,casual
U01808,2026-01-29,Canada,Web,influencer,18-24,collector
U01809,2026-01-06,India,iOS,paid_social,35-44,collector
U01810,2026-02-27,Germany,Android,paid_social,35-44,competitive
U01811,2026-01-15,United Kingdom,iOS,organic,18-24,competitive
U01812,2026-02-09,Japan,Android,organic,45-54,collector
U01813,2026-02-10,United States,iOS,store_feature,35-44,casual
U01814,2026-01-30,Japan,Android,paid_social,35-44,casual
U01815,2026-02-23,United States,iOS,influencer,25-34,competitive
U01816,2026-01-07,Germany,Web,organic,18-24,collector
U01817,2026-01-15,India,Web,paid_social,25-34,competitive
U01818,2026-01-16,Japan,iOS,referral,18-24,casual
U01819,2026-01-09,Japan,Android,referral,35-44,competitive
U01820,2026-01-18,Canada,iOS,paid_social,25-34,casual
U01821,2026-01-19,Japan,Android,paid_social,18-24,casual
U01822,2026-02-15,Germany,iOS,referral,25-34,casual
U01823,2026-01-19,Germany,iOS,store_feature,25-34,competitive
U01824,2026-02-22,United States,Android,organic,25-34,casual
U01825,2026-02-16,United States,Android,paid_social,55+,casual
U01826,2026-02-24,Germany,Android,referral,18-24,competitive
U01827,2026-01-07,United States,Android,organic,45-54,casual
U01828,2026-03-01,Brazil,iOS,organic,18-24,competitive
U01829,2026-02-06,Japan,iOS,influencer,18-24,casual
U01830,2026-02-28,India,Android,organic,55+,competitive
U01831,2026-01-22,United States,Android,organic,35-44,casual
U01832,2026-02-27,India,iOS,paid_social,35-44,collector
U01833,2026-02-05,United States,iOS,organic,35-44,collector
U01834,2026-01-05,United Kingdom,Android,organic,25-34,casual
U01835,2026-01-25,Japan,Android,organic,35-44,competitive
U01836,2026-01-09,United States,Android,organic,18-24,competitive
U01837,2026-02-26,United States,Android,paid_social,35-44,casual
U01838,2026-01-19,United States,Android,store_feature,45-54,competitive
U01839,2026-01-14,United Kingdom,Android,paid_social,45-54,collector
U01840,2026-02-03,Japan,iOS,paid_social,35-44,casual
U01841,2026-01-26,United States,iOS,paid_social,35-44,collector
U01842,2026-01-06,United States,iOS,organic,25-34,casual
U01843,2026-02-18,Germany,Android,paid_social,25-34,collector
U01844,2026-02-20,United States,iOS,paid_social,45-54,collector
U01845,2026-02-14,Brazil,Android,paid_social,35-44,casual
U01846,2026-02-07,India,Android,paid_social,25-34,casual
U01847,2026-01-25,Japan,iOS,organic,35-44,competitive
U01848,2026-02-02,Japan,Android,influencer,18-24,collector
U01849,2026-02-01,United Kingdom,Android,influencer,35-44,casual
U01850,2026-01-10,Japan,iOS,store_feature,35-44,casual
U01851,2026-01-05,United States,Android,organic,18-24,competitive
U01852,2026-01-16,United States,Android,referral,18-24,casual
U01853,2026-01-28,Brazil,iOS,paid_social,35-44,competitive
U01854,2026-01-10,United States,Android,organic,18-24,competitive
U01855,2026-01-07,India,Android,influencer,55+,collector
U01856,2026-02-21,Brazil,iOS,store_feature,18-24,casual
U01857,2026-01-23,India,Web,organic,18-24,collector
U01858,2026-02-05,Canada,Android,influencer,18-24,competitive
U01859,2026-02-01,United Kingdom,Android,organic,35-44,collector
U01860,2026-02-14,Brazil,iOS,paid_social,25-34,casual
U01861,2026-02-14,United States,iOS,organic,45-54,competitive
U01862,2026-01-18,Germany,Android,organic,55+,competitive
U01863,2026-02-20,Brazil,Android,influencer,35-44,competitive
U01864,2026-01-23,India,Android,paid_social,18-24,casual
U01865,2026-02-20,Brazil,Android,organic,18-24,casual
U01866,2026-01-25,United States,iOS,store_feature,45-54,casual
U01867,2026-01-07,United Kingdom,Android,store_feature,18-24,casual
U01868,2026-02-15,Germany,Android,influencer,45-54,competitive
U01869,2026-01-02,United States,Android,influencer,45-54,collector
U01870,2026-02-16,United Kingdom,Android,influencer,35-44,competitive
U01871,2026-01-03,United States,Web,referral,35-44,casual
U01872,2026-01-13,United States,iOS,paid_social,55+,casual
U01873,2026-02-06,United Kingdom,Android,influencer,35-44,casual
U01874,2026-02-26,United States,Web,organic,35-44,casual
U01875,2026-01-25,Germany,Android,organic,25-34,competitive
U01876,2026-01-08,United States,iOS,paid_social,25-34,casual
U01877,2026-01-14,Brazil,Web,organic,25-34,casual
U01878,2026-02-23,United States,iOS,paid_social,55+,competitive
U01879,2026-02-13,India,iOS,influencer,35-44,casual
U01880,2026-01-07,United States,iOS,paid_social,35-44,casual
U01881,2026-01-24,United Kingdom,Android,paid_social,18-24,casual
U01882,2026-01-16,Canada,iOS,paid_social,45-54,casual
U01883,2026-01-11,United States,Android,referral,25-34,competitive
U01884,2026-02-20,United Kingdom,Web,organic,35-44,casual
U01885,2026-02-07,Japan,Android,organic,18-24,competitive
U01886,2026-01-11,India,Android,referral,45-54,casual
U01887,2026-02-09,Canada,Web,paid_social,35-44,casual
U01888,2026-01-25,United States,Android,paid_social,25-34,competitive
U01889,2026-01-04,Brazil,iOS,organic,25-34,casual
U01890,2026-01-27,Germany,iOS,organic,25-34,casual
U01891,2026-01-12,United States,Android,referral,25-34,casual
U01892,2026-01-15,Japan,Android,paid_social,18-24,casual
U01893,2026-02-22,United Kingdom,Android,paid_social,25-34,casual
U01894,2026-02-12,Brazil,iOS,influencer,25-34,collector
U01895,2026-01-09,Canada,Android,referral,25-34,casual
U01896,2026-02-21,United Kingdom,Android,organic,35-44,casual
U01897,2026-02-04,United States,Android,referral,25-34,casual
U01898,2026-02-22,Brazil,Web,organic,18-24,casual
U01899,2026-02-14,United States,Android,organic,45-54,competitive
U01900,2026-01-21,Japan,Android,referral,25-34,competitive
U01901,2026-02-02,Japan,Android,organic,35-44,collector
U01902,2026-02-01,Brazil,Android,organic,45-54,casual
U01903,2026-02-13,United States,Android,influencer,35-44,casual
U01904,2026-01-15,United States,Android,referral,25-34,competitive
U01905,2026-01-20,United Kingdom,Android,influencer,25-34,casual
U01906,2026-01-15,Germany,Android,influencer,45-54,casual
U01907,2026-01-18,India,Android,organic,45-54,casual
U01908,2026-01-10,Canada,iOS,referral,18-24,casual
U01909,2026-01-03,Japan,Android,paid_social,35-44,competitive
U01910,2026-02-26,United States,Android,referral,45-54,collector
U01911,2026-01-05,Canada,iOS,paid_social,35-44,competitive
U01912,2026-02-23,United States,iOS,organic,18-24,casual
U01913,2026-01-01,Brazil,iOS,organic,25-34,competitive
U01914,2026-02-16,United States,Web,store_feature,25-34,competitive
U01915,2026-01-20,United States,Web,organic,18-24,competitive
U01916,2026-02-01,Japan,Android,paid_social,35-44,casual
U01917,2026-01-17,United Kingdom,iOS,store_feature,25-34,collector
U01918,2026-01-30,United States,Android,referral,25-34,casual
U01919,2026-01-28,United States,Android,paid_social,25-34,competitive
U01920,2026-02-01,United Kingdom,Web,organic,45-54,competitive
U01921,2026-01-24,Canada,iOS,influencer,45-54,collector
U01922,2026-02-02,United States,iOS,paid_social,35-44,collector
U01923,2026-02-19,Germany,Android,paid_social,45-54,casual
U01924,2026-01-27,United States,iOS,influencer,55+,competitive
U01925,2026-01-22,Germany,Android,organic,25-34,casual
U01926,2026-01-08,Canada,Android,paid_social,18-24,competitive
U01927,2026-01-22,United States,iOS,organic,35-44,casual
U01928,2026-01-08,United States,Android,organic,35-44,casual
U01929,2026-01-11,United States,Android,paid_social,25-34,collector
U01930,2026-02-27,United States,Android,referral,55+,competitive
U01931,2026-01-06,Canada,Android,organic,25-34,casual
U01932,2026-01-29,India,iOS,referral,45-54,casual
U01933,2026-02-20,Japan,Android,store_feature,25-34,casual
U01934,2026-02-27,Canada,Android,store_feature,18-24,casual
U01935,2026-01-09,Germany,Android,organic,45-54,casual
U01936,2026-01-10,Germany,Android,store_feature,35-44,collector
U01937,2026-01-23,Japan,iOS,organic,35-44,casual
U01938,2026-02-03,United States,Android,referral,35-44,casual
U01939,2026-02-27,United States,Android,paid_social,18-24,competitive
U01940,2026-01-13,Canada,iOS,referral,18-24,casual
U01941,2026-01-10,United States,Android,organic,18-24,casual
U01942,2026-01-16,Canada,Web,referral,18-24,casual
U01943,2026-02-22,Japan,Android,organic,25-34,casual
U01944,2026-01-02,India,iOS,organic,25-34,casual
U01945,2026-01-23,United States,Android,paid_social,18-24,competitive
U01946,2026-01-08,United Kingdom,iOS,organic,25-34,casual
U01947,2026-01-10,Canada,Android,referral,25-34,competitive
U01948,2026-02-25,United Kingdom,Android,referral,18-24,collector
U01949,2026-01-01,Germany,iOS,referral,55+,competitive
U01950,2026-01-20,United States,iOS,referral,55+,collector
U01951,2026-02-24,Japan,Web,store_feature,35-44,collector
U01952,2026-02-06,India,iOS,influencer,18-24,competitive
U01953,2026-01-05,Brazil,Android,organic,35-44,casual
U01954,2026-01-28,Brazil,Android,paid_social,18-24,casual
U01955,2026-02-28,United Kingdom,Android,referral,25-34,competitive
U01956,2026-01-25,Canada,iOS,organic,45-54,competitive
U01957,2026-02-01,United States,iOS,organic,25-34,competitive
U01958,2026-02-01,Germany,iOS,organic,45-54,competitive
U01959,2026-02-09,United States,Android,paid_social,35-44,competitive
U01960,2026-01-12,Japan,Web,paid_social,25-34,competitive
U01961,2026-02-20,United Kingdom,Web,referral,18-24,competitive
U01962,2026-03-01,Canada,iOS,paid_social,35-44,casual
U01963,2026-01-09,Canada,iOS,referral,25-34,casual
U01964,2026-02-19,India,iOS,organic,18-24,casual
U01965,2026-02-19,United States,Web,store_feature,18-24,casual
U01966,2026-02-14,United States,iOS,referral,55+,casual
U01967,2026-01-23,United States,iOS,organic,18-24,casual
U01968,2026-01-29,Brazil,Android,organic,55+,collector
U01969,2026-02-20,India,Android,organic,35-44,casual
U01970,2026-01-10,United States,iOS,influencer,25-34,competitive
U01971,2026-02-19,India,Android,organic,25-34,casual
U01972,2026-02-25,United States,iOS,organic,35-44,competitive
U01973,2026-02-10,Brazil,iOS,organic,25-34,casual
U01974,2026-01-21,United States,iOS,organic,18-24,competitive
U01975,2026-02-03,United Kingdom,iOS,paid_social,18-24,competitive
U01976,2026-01-04,Brazil,Web,store_feature,45-54,casual
U01977,2026-02-25,United Kingdom,Android,paid_social,35-44,competitive
U01978,2026-01-21,United States,Android,store_feature,25-34,competitive
U01979,2026-01-04,Japan,iOS,organic,18-24,competitive
U01980,2026-02-17,India,Android,paid_social,25-34,casual
U01981,2026-02-09,United Kingdom,Web,store_feature,35-44,collector
U01982,2026-02-07,Germany,iOS,referral,18-24,casual
U01983,2026-01-04,Japan,Web,store_feature,55+,casual
U01984,2026-02-15,United States,Android,organic,45-54,casual
U01985,2026-02-08,Japan,Android,paid_social,25-34,casual
U01986,2026-02-17,United States,iOS,referral,45-54,casual
U01987,2026-02-19,Japan,Android,organic,35-44,competitive
U01988,2026-01-13,United States,Android,store_feature,35-44,competitive
U01989,2026-01-13,United States,Web,organic,18-24,collector
U01990,2026-02-25,United Kingdom,Web,organic,45-54,casual
U01991,2026-02-01,United Kingdom,iOS,store_feature,25-34,competitive
U01992,2026-01-27,Japan,Web,referral,35-44,casual
U01993,2026-01-18,India,Web,influencer,25-34,casual
U01994,2026-02-08,United States,Android,influencer,25-34,casual
U01995,2026-02-15,United States,iOS,organic,55+,competitive
U01996,2026-01-01,Canada,iOS,referral,25-34,competitive
U01997,2026-02-03,United Kingdom,iOS,influencer,18-24,casual
U01998,2026-03-01,United Kingdom,iOS,organic,45-54,casual
U01999,2026-01-17,Japan,Web,paid_social,18-24,casual
U02000,2026-01-17,Japan,iOS,influencer,45-54,casual
U02001,2026-02-22,United States,Android,organic,45-54,competitive
U02002,2026-01-04,United Kingdom,Android,influencer,18-24,casual
U02003,2026-01-24,Germany,Android,paid_social,25-34,competitive
U02004,2026-01-28,United Kingdom,iOS,influencer,55+,collector
U02005,2026-02-17,United States,Android,referral,45-54,casual
U02006,2026-01-08,Canada,Android,referral,25-34,collector
U02007,2026-01-27,Canada,Android,store_feature,35-44,competitive
U02008,2026-01-10,United States,iOS,organic,35-44,casual
U02009,2026-02-17,Brazil,Android,referral,18-24,competitive
U02010,2026-02-07,Canada,iOS,influencer,35-44,casual
U02011,2026-01-30,Germany,Android,influencer,25-34,competitive
U02012,2026-01-24,United Kingdom,Android,influencer,25-34,competitive
U02013,2026-01-10,Japan,iOS,referral,25-34,collector
U02014,2026-02-25,United States,Android,referral,45-54,competitive
U02015,2026-02-08,United States,iOS,paid_social,18-24,competitive
U02016,2026-01-20,Canada,Web,paid_social,18-24,casual
U02017,2026-01-25,United Kingdom,Web,paid_social,18-24,collector
U02018,2026-02-13,United States,iOS,organic,18-24,competitive
U02019,2026-02-13,Japan,iOS,organic,55+,competitive
U02020,2026-01-28,United States,iOS,paid_social,25-34,collector
U02021,2026-01-19,United States,Web,organic,18-24,casual
U02022,2026-02-09,Canada,Android,organic,55+,casual
U02023,2026-02-09,Japan,iOS,organic,18-24,competitive
U02024,2026-02-05,Japan,Android,store_feature,25-34,collector
U02025,2026-01-05,Brazil,iOS,influencer,35-44,competitive
U02026,2026-01-29,Germany,Android,referral,35-44,casual
U02027,2026-02-06,Brazil,Android,influencer,18-24,casual
U02028,2026-02-27,Brazil,iOS,influencer,35-44,casual
U02029,2026-02-01,United States,Android,organic,35-44,casual
U02030,2026-01-21,Germany,iOS,organic,35-44,collector
U02031,2026-02-03,Japan,Android,organic,25-34,competitive
U02032,2026-01-11,Canada,Android,organic,35-44,casual
U02033,2026-01-06,Brazil,Web,paid_social,25-34,casual
U02034,2026-02-10,United Kingdom,Android,organic,35-44,collector
U02035,2026-03-01,United Kingdom,Web,influencer,45-54,competitive
U02036,2026-02-20,United States,iOS,paid_social,45-54,casual
U02037,2026-02-05,Brazil,Web,paid_social,35-44,casual
U02038,2026-01-03,Japan,iOS,influencer,25-34,casual
U02039,2026-03-01,United States,Android,influencer,18-24,casual
U02040,2026-01-27,Canada,iOS,store_feature,25-34,competitive
U02041,2026-01-18,United States,Web,store_feature,18-24,casual
U02042,2026-02-23,United States,Web,influencer,35-44,casual
U02043,2026-02-14,India,Android,paid_social,35-44,casual
U02044,2026-02-14,United Kingdom,Android,influencer,25-34,casual
U02045,2026-01-17,Canada,Android,organic,18-24,competitive
U02046,2026-03-01,United States,iOS,paid_social,45-54,competitive
U02047,2026-01-28,India,Android,paid_social,25-34,casual
U02048,2026-02-01,United States,Android,organic,25-34,casual
U02049,2026-02-15,Brazil,Android,organic,25-34,competitive
U02050,2026-02-09,United States,iOS,organic,18-24,collector
U02051,2026-01-11,United States,Web,organic,35-44,casual
U02052,2026-01-19,Brazil,iOS,organic,18-24,casual
U02053,2026-01-22,United States,Android,paid_social,25-34,collector
U02054,2026-02-26,Brazil,iOS,store_feature,18-24,casual
U02055,2026-02-12,United States,iOS,paid_social,18-24,collector
U02056,2026-01-22,Brazil,iOS,referral,18-24,competitive
U02057,2026-02-14,Japan,iOS,organic,18-24,casual
U02058,2026-02-14,Brazil,Android,store_feature,45-54,casual
U02059,2026-01-24,United States,Android,organic,35-44,collector
U02060,2026-01-25,Brazil,Android,organic,18-24,casual
U02061,2026-02-23,India,Android,paid_social,18-24,casual
U02062,2026-02-03,United States,iOS,influencer,35-44,casual
U02063,2026-01-09,United States,iOS,influencer,18-24,competitive
U02064,2026-02-13,Japan,Android,store_feature,25-34,competitive
U02065,2026-02-05,United States,Android,referral,18-24,competitive
U02066,2026-01-31,Brazil,Android,paid_social,25-34,casual
U02067,2026-02-13,Brazil,iOS,referral,55+,competitive
U02068,2026-02-24,United States,Android,organic,18-24,competitive
U02069,2026-01-20,Germany,iOS,organic,55+,casual
U02070,2026-01-26,Germany,Android,influencer,45-54,competitive
U02071,2026-01-12,Canada,iOS,influencer,55+,competitive
U02072,2026-02-08,Japan,Android,organic,35-44,casual
U02073,2026-01-25,United States,iOS,organic,45-54,collector
U02074,2026-01-21,Canada,Android,organic,25-34,casual
U02075,2026-02-11,Japan,iOS,paid_social,45-54,casual
U02076,2026-01-25,United States,Android,organic,18-24,casual
U02077,2026-01-28,Japan,iOS,referral,35-44,casual
U02078,2026-01-27,United States,Android,organic,35-44,casual
U02079,2026-01-16,United Kingdom,iOS,organic,18-24,casual
U02080,2026-01-08,United States,iOS,organic,25-34,competitive
U02081,2026-02-19,Brazil,Android,store_feature,18-24,competitive
U02082,2026-01-06,Japan,iOS,organic,25-34,casual
U02083,2026-01-20,Japan,iOS,paid_social,18-24,competitive
U02084,2026-02-10,India,Android,referral,25-34,competitive
U02085,2026-01-08,Brazil,Android,store_feature,25-34,casual
U02086,2026-02-09,Japan,Web,organic,25-34,collector
U02087,2026-02-13,United Kingdom,iOS,referral,18-24,casual
U02088,2026-02-09,India,Android,organic,18-24,casual
U02089,2026-01-19,Brazil,Android,referral,25-34,casual
U02090,2026-01-02,India,iOS,paid_social,25-34,casual
U02091,2026-02-23,United States,Android,influencer,18-24,casual
U02092,2026-01-20,United Kingdom,iOS,influencer,55+,casual
U02093,2026-02-18,Brazil,Web,store_feature,25-34,competitive
U02094,2026-01-12,United States,Android,influencer,25-34,collector
U02095,2026-01-10,United States,Android,organic,25-34,competitive
U02096,2026-02-16,India,Android,referral,45-54,competitive
U02097,2026-02-26,United Kingdom,iOS,organic,25-34,competitive
U02098,2026-02-21,United States,iOS,organic,18-24,competitive
U02099,2026-02-15,Canada,Android,paid_social,25-34,casual
U02100,2026-01-15,Canada,Android,referral,25-34,casual
U02101,2026-02-24,Germany,Android,referral,25-34,casual
U02102,2026-02-10,India,iOS,store_feature,55+,casual
U02103,2026-01-11,India,Android,paid_social,55+,competitive
U02104,2026-01-08,Brazil,iOS,influencer,25-34,casual
U02105,2026-02-22,Brazil,iOS,influencer,18-24,casual
U02106,2026-01-17,Canada,Web,store_feature,25-34,casual
U02107,2026-02-15,Japan,Android,organic,55+,competitive
U02108,2026-01-09,United States,Android,paid_social,45-54,casual
U02109,2026-01-17,United States,Web,referral,18-24,casual
U02110,2026-01-18,India,iOS,influencer,18-24,casual
U02111,2026-01-17,Japan,Web,organic,18-24,casual
U02112,2026-02-10,Canada,Android,organic,35-44,competitive
U02113,2026-02-24,Brazil,Android,paid_social,25-34,casual
U02114,2026-02-24,United Kingdom,iOS,organic,25-34,casual
U02115,2026-02-14,Canada,iOS,store_feature,25-34,collector
U02116,2026-01-13,United States,Android,organic,25-34,casual
U02117,2026-02-27,United States,iOS,paid_social,45-54,competitive
U02118,2026-02-02,Germany,iOS,referral,25-34,competitive
U02119,2026-02-02,United Kingdom,Android,paid_social,18-24,casual
U02120,2026-02-12,United Kingdom,Android,organic,35-44,casual
U02121,2026-02-16,United States,iOS,paid_social,35-44,casual
U02122,2026-02-27,India,Android,paid_social,35-44,casual
U02123,2026-02-04,Germany,Web,influencer,45-54,casual
U02124,2026-02-06,India,Android,referral,18-24,competitive
U02125,2026-02-14,United States,Android,influencer,18-24,casual
U02126,2026-01-16,Germany,Android,organic,18-24,casual
U02127,2026-01-19,Japan,iOS,store_feature,35-44,competitive
U02128,2026-02-07,Canada,iOS,paid_social,45-54,casual
U02129,2026-01-04,United States,Web,referral,25-34,competitive
U02130,2026-01-20,United States,Android,paid_social,35-44,casual
U02131,2026-02-13,United States,Android,organic,35-44,competitive
U02132,2026-02-28,United Kingdom,Web,organic,55+,competitive
U02133,2026-02-01,Canada,iOS,store_feature,25-34,casual
U02134,2026-01-24,United States,iOS,store_feature,18-24,competitive
U02135,2026-01-27,Brazil,Android,organic,35-44,casual
U02136,2026-02-11,United States,iOS,referral,35-44,casual
U02137,2026-02-02,Canada,Android,referral,35-44,casual
U02138,2026-01-02,Brazil,Android,paid_social,45-54,casual
U02139,2026-02-02,United States,Android,organic,25-34,collector
U02140,2026-01-25,United States,iOS,influencer,35-44,casual
U02141,2026-02-12,United States,Android,referral,25-34,casual
U02142,2026-02-22,United States,iOS,referral,25-34,collector
U02143,2026-02-27,United Kingdom,Web,referral,18-24,casual
U02144,2026-02-06,United States,iOS,referral,18-24,competitive
U02145,2026-01-22,United States,Web,organic,18-24,casual
U02146,2026-01-27,India,Android,influencer,35-44,collector
U02147,2026-01-11,India,Android,organic,45-54,casual
U02148,2026-02-26,United States,Android,store_feature,25-34,competitive
U02149,2026-02-20,Canada,iOS,influencer,25-34,competitive
U02150,2026-02-21,United Kingdom,Android,referral,18-24,collector
U02151,2026-01-20,Japan,Android,paid_social,25-34,collector
U02152,2026-01-20,Japan,Android,organic,25-34,competitive
U02153,2026-02-21,United States,iOS,paid_social,25-34,casual
U02154,2026-02-02,United States,Android,paid_social,45-54,casual
U02155,2026-02-12,Canada,Web,organic,25-34,collector
U02156,2026-01-30,Japan,Android,organic,35-44,competitive
U02157,2026-01-27,India,Android,influencer,35-44,collector
U02158,2026-02-07,United States,iOS,organic,18-24,competitive
U02159,2026-02-18,Germany,Web,paid_social,25-34,casual
U02160,2026-01-21,United States,iOS,organic,18-24,casual
U02161,2026-02-18,Brazil,iOS,referral,25-34,casual
U02162,2026-01-15,India,Android,paid_social,45-54,competitive
U02163,2026-01-25,United Kingdom,iOS,store_feature,25-34,casual
U02164,2026-02-24,United States,Android,paid_social,25-34,casual
U02165,2026-02-27,Germany,iOS,organic,18-24,competitive
U02166,2026-02-25,Canada,Android,paid_social,25-34,casual
U02167,2026-01-19,Japan,Web,organic,45-54,casual
U02168,2026-02-20,Canada,Web,store_feature,25-34,casual
U02169,2026-02-26,Japan,Web,organic,35-44,casual
U02170,2026-02-28,United States,Web,organic,18-24,casual
U02171,2026-01-02,United States,iOS,paid_social,18-24,competitive
U02172,2026-02-14,Canada,Web,organic,25-34,competitive
U02173,2026-03-01,United States,Web,paid_social,45-54,competitive
U02174,2026-02-15,United States,Android,paid_social,18-24,collector
U02175,2026-01-14,Brazil,iOS,influencer,35-44,casual
U02176,2026-02-15,United States,iOS,organic,18-24,casual
U02177,2026-01-07,United States,Android,paid_social,35-44,casual
U02178,2026-01-29,United States,Android,referral,25-34,competitive
U02179,2026-02-07,United States,iOS,organic,35-44,casual
U02180,2026-01-28,Japan,iOS,referral,25-34,collector
U02181,2026-02-11,India,Android,store_feature,18-24,competitive
U02182,2026-01-15,United States,iOS,store_feature,45-54,competitive
U02183,2026-02-06,Japan,Web,influencer,25-34,casual
U02184,2026-02-08,Brazil,iOS,referral,18-24,competitive
U02185,2026-02-08,India,iOS,paid_social,25-34,casual
U02186,2026-01-18,Canada,iOS,influencer,18-24,casual
U02187,2026-01-19,United States,Web,organic,25-34,competitive
U02188,2026-01-16,United Kingdom,Web,paid_social,25-34,casual
U02189,2026-01-28,Japan,iOS,store_feature,18-24,collector
U02190,2026-02-05,Brazil,iOS,store_feature,25-34,competitive
U02191,2026-01-22,United Kingdom,Android,influencer,35-44,competitive
U02192,2026-01-25,United States,iOS,organic,45-54,casual
U02193,2026-01-18,Brazil,Android,referral,35-44,casual
U02194,2026-01-14,Japan,iOS,organic,25-34,casual
U02195,2026-02-09,Canada,Android,store_feature,35-44,competitive
U02196,2026-02-18,Brazil,iOS,referral,25-34,casual
U02197,2026-01-18,Canada,Android,organic,35-44,collector
U02198,2026-02-21,United Kingdom,Android,store_feature,18-24,collector
U02199,2026-02-04,United Kingdom,iOS,paid_social,18-24,casual
U02200,2026-01-11,Japan,iOS,paid_social,35-44,competitive
U02201,2026-01-22,India,iOS,influencer,18-24,casual
U02202,2026-01-01,United Kingdom,iOS,referral,35-44,casual
U02203,2026-01-03,Canada,Web,paid_social,35-44,casual
U02204,2026-01-21,Canada,iOS,organic,18-24,competitive
U02205,2026-01-28,United States,iOS,organic,25-34,collector
U02206,2026-02-17,United States,iOS,organic,35-44,casual
U02207,2026-01-09,United States,Android,organic,35-44,casual
U02208,2026-02-20,United Kingdom,Web,paid_social,35-44,casual
U02209,2026-01-15,United States,Android,paid_social,25-34,casual
U02210,2026-01-09,Canada,Android,referral,45-54,casual
U02211,2026-02-11,Japan,Android,organic,25-34,competitive
U02212,2026-02-16,United States,iOS,paid_social,18-24,collector
U02213,2026-02-06,Germany,Web,influencer,35-44,casual
U02214,2026-01-07,India,Android,organic,18-24,collector
U02215,2026-01-07,Germany,iOS,referral,18-24,competitive
U02216,2026-01-24,United States,Android,organic,18-24,competitive
U02217,2026-01-28,Canada,iOS,paid_social,45-54,competitive
U02218,2026-03-01,Germany,iOS,referral,45-54,casual
U02219,2026-01-18,United Kingdom,Android,organic,55+,casual
U02220,2026-01-12,United States,iOS,organic,25-34,casual
U02221,2026-02-26,United Kingdom,Android,store_feature,25-34,competitive
U02222,2026-01-10,Germany,Web,organic,35-44,casual
U02223,2026-01-02,United States,Android,referral,25-34,casual
U02224,2026-01-26,Germany,iOS,paid_social,25-34,casual
U02225,2026-01-25,United States,Android,organic,18-24,casual
U02226,2026-02-07,Canada,Android,referral,25-34,casual
U02227,2026-02-22,Japan,iOS,paid_social,35-44,casual
U02228,2026-02-25,United States,iOS,organic,25-34,collector
U02229,2026-01-18,Germany,Android,influencer,18-24,competitive
U02230,2026-02-28,Canada,Web,paid_social,35-44,casual
U02231,2026-02-07,Canada,iOS,referral,35-44,competitive
U02232,2026-01-05,India,iOS,organic,18-24,competitive
U02233,2026-02-26,Canada,Web,organic,25-34,casual
U02234,2026-01-09,United States,iOS,referral,55+,competitive
U02235,2026-02-05,India,iOS,referral,35-44,casual
U02236,2026-02-17,Brazil,Android,organic,25-34,casual
U02237,2026-01-15,Brazil,iOS,referral,35-44,competitive
U02238,2026-01-17,United States,iOS,paid_social,55+,casual
U02239,2026-01-29,United States,Android,paid_social,25-34,casual
U02240,2026-02-23,Germany,Android,store_feature,25-34,casual
U02241,2026-01-14,United States,Android,paid_social,25-34,casual
U02242,2026-02-09,United States,iOS,paid_social,35-44,casual
U02243,2026-01-28,Japan,Android,store_feature,18-24,competitive
U02244,2026-01-07,United States,Android,paid_social,18-24,casual
U02245,2026-02-12,United States,Android,influencer,18-24,casual
U02246,2026-02-19,United States,Android,store_feature,35-44,competitive
U02247,2026-02-04,United Kingdom,Android,paid_social,35-44,casual
U02248,2026-01-11,Germany,Web,paid_social,25-34,competitive
U02249,2026-01-10,Japan,Android,influencer,25-34,casual
U02250,2026-01-26,United States,iOS,influencer,35-44,casual
U02251,2026-01-31,United States,Web,organic,18-24,casual
U02252,2026-02-03,United Kingdom,Web,organic,35-44,casual
U02253,2026-01-15,Canada,iOS,paid_social,18-24,competitive
U02254,2026-01-31,United Kingdom,iOS,store_feature,45-54,competitive
U02255,2026-01-18,India,Android,influencer,25-34,casual
U02256,2026-02-11,Germany,Android,store_feature,35-44,casual
U02257,2026-02-17,Canada,Android,organic,18-24,collector
U02258,2026-02-09,India,Android,influencer,18-24,casual
U02259,2026-01-01,United States,iOS,organic,35-44,casual
U02260,2026-03-01,India,iOS,paid_social,25-34,competitive
U02261,2026-01-02,United Kingdom,Web,paid_social,35-44,casual
U02262,2026-03-01,United Kingdom,iOS,paid_social,25-34,collector
U02263,2026-01-02,India,Android,paid_social,25-34,casual
U02264,2026-01-31,United Kingdom,iOS,organic,45-54,competitive
U02265,2026-01-07,United Kingdom,Android,organic,25-34,casual
U02266,2026-01-06,United States,Android,store_feature,45-54,casual
U02267,2026-02-11,Brazil,iOS,organic,25-34,casual
U02268,2026-02-13,Germany,Android,paid_social,25-34,collector
U02269,2026-01-08,United States,Android,organic,35-44,casual
U02270,2026-02-28,Brazil,iOS,organic,18-24,casual
U02271,2026-01-20,Brazil,iOS,organic,18-24,collector
U02272,2026-01-20,Canada,Android,referral,18-24,casual
U02273,2026-01-18,United States,Android,paid_social,25-34,casual
U02274,2026-01-28,United Kingdom,Android,organic,35-44,casual
U02275,2026-01-11,United States,Android,store_feature,18-24,competitive
U02276,2026-01-26,United States,iOS,organic,18-24,casual
U02277,2026-01-13,United Kingdom,iOS,store_feature,25-34,casual
U02278,2026-01-04,United States,Android,organic,25-34,collector
U02279,2026-01-23,United States,Android,influencer,18-24,competitive
U02280,2026-02-10,Brazil,Android,organic,18-24,casual
U02281,2026-02-15,Canada,iOS,paid_social,45-54,competitive
U02282,2026-01-22,India,Android,referral,35-44,casual
U02283,2026-01-20,India,Android,paid_social,25-34,casual
U02284,2026-02-17,Germany,iOS,store_feature,25-34,casual
U02285,2026-02-10,India,Android,organic,18-24,competitive
U02286,2026-02-19,Japan,Android,paid_social,25-34,competitive
U02287,2026-02-24,Canada,iOS,store_feature,25-34,casual
U02288,2026-02-19,Brazil,iOS,influencer,45-54,casual
U02289,2026-02-26,United States,iOS,paid_social,35-44,casual
U02290,2026-01-25,Brazil,Web,paid_social,25-34,competitive
U02291,2026-01-24,United Kingdom,iOS,store_feature,18-24,competitive
U02292,2026-01-20,United States,iOS,store_feature,35-44,competitive
U02293,2026-01-15,United States,iOS,influencer,45-54,collector
U02294,2026-02-14,India,iOS,store_feature,18-24,competitive
U02295,2026-02-12,Canada,iOS,paid_social,45-54,collector
U02296,2026-02-18,United States,Android,referral,18-24,competitive
U02297,2026-01-11,United States,iOS,paid_social,35-44,casual
U02298,2026-01-30,United Kingdom,iOS,organic,18-24,competitive
U02299,2026-01-14,Japan,iOS,store_feature,35-44,casual
U02300,2026-02-23,Brazil,iOS,paid_social,18-24,casual
U02301,2026-01-17,United Kingdom,iOS,organic,25-34,casual
U02302,2026-01-09,United States,Android,referral,35-44,casual
U02303,2026-02-04,United States,Android,organic,35-44,competitive
U02304,2026-02-22,United Kingdom,Android,organic,35-44,casual
U02305,2026-02-24,Japan,iOS,paid_social,18-24,casual
U02306,2026-01-06,Brazil,Web,referral,35-44,collector
U02307,2026-01-20,Canada,Android,paid_social,18-24,competitive
U02308,2026-01-10,Germany,iOS,organic,35-44,casual
U02309,2026-01-19,United Kingdom,Android,paid_social,18-24,casual
U02310,2026-02-02,Germany,Android,organic,25-34,casual
U02311,2026-01-17,United Kingdom,iOS,influencer,25-34,collector
U02312,2026-01-05,Brazil,iOS,organic,55+,casual
U02313,2026-01-31,United Kingdom,Android,store_feature,35-44,collector
U02314,2026-01-04,India,iOS,organic,18-24,casual
U02315,2026-01-14,United Kingdom,Web,organic,35-44,competitive
U02316,2026-01-01,United States,iOS,paid_social,18-24,casual
U02317,2026-01-06,United States,iOS,referral,25-34,casual
U02318,2026-01-27,United Kingdom,iOS,influencer,25-34,casual
U02319,2026-02-21,Germany,iOS,paid_social,35-44,casual
U02320,2026-02-16,Germany,Web,paid_social,55+,collector
U02321,2026-01-06,Brazil,Android,organic,45-54,competitive
U02322,2026-01-03,United States,Web,paid_social,18-24,casual
U02323,2026-01-21,Brazil,Android,paid_social,18-24,competitive
U02324,2026-02-09,Brazil,Android,influencer,45-54,casual
U02325,2026-02-14,Canada,iOS,paid_social,25-34,collector
U02326,2026-02-19,Canada,iOS,store_feature,25-34,casual
U02327,2026-01-21,United States,Web,store_feature,55+,casual
U02328,2026-01-11,Canada,Android,organic,18-24,casual
U02329,2026-01-02,Japan,Android,paid_social,25-34,casual
U02330,2026-01-09,India,Android,influencer,45-54,collector
U02331,2026-01-04,Germany,Android,paid_social,35-44,casual
U02332,2026-02-21,United States,iOS,paid_social,45-54,casual
U02333,2026-01-17,Brazil,Android,store_feature,35-44,competitive
U02334,2026-02-19,Brazil,Android,organic,25-34,casual
U02335,2026-02-03,Canada,Android,influencer,35-44,casual
U02336,2026-02-02,Japan,iOS,paid_social,35-44,competitive
U02337,2026-01-28,United States,iOS,paid_social,45-54,casual
U02338,2026-02-19,United States,Android,organic,25-34,competitive
U02339,2026-01-03,United States,Web,paid_social,25-34,competitive
U02340,2026-01-06,United States,Web,organic,25-34,casual
U02341,2026-01-26,Japan,Android,organic,25-34,casual
U02342,2026-01-24,United Kingdom,iOS,paid_social,55+,casual
U02343,2026-02-02,United States,iOS,organic,55+,casual
U02344,2026-02-14,United Kingdom,Android,paid_social,25-34,competitive
U02345,2026-02-05,Canada,iOS,organic,55+,competitive
U02346,2026-01-16,Canada,Android,organic,25-34,casual
U02347,2026-01-20,United States,Android,organic,45-54,competitive
U02348,2026-02-15,Brazil,iOS,paid_social,35-44,casual
U02349,2026-01-13,United States,iOS,organic,35-44,collector
U02350,2026-01-31,Japan,iOS,organic,35-44,casual
U02351,2026-02-02,United States,iOS,paid_social,35-44,competitive
U02352,2026-02-15,Brazil,Android,referral,45-54,casual
U02353,2026-02-12,Japan,iOS,referral,25-34,casual
U02354,2026-01-28,United States,iOS,organic,45-54,casual
U02355,2026-01-19,United States,iOS,store_feature,18-24,collector
U02356,2026-01-23,India,iOS,paid_social,18-24,competitive
U02357,2026-01-25,United Kingdom,Android,paid_social,35-44,competitive
U02358,2026-01-14,Germany,Android,organic,35-44,casual
U02359,2026-02-07,United States,Android,organic,45-54,competitive
U02360,2026-01-13,United States,Android,paid_social,25-34,casual
U02361,2026-02-08,United Kingdom,iOS,organic,18-24,competitive
U02362,2026-02-15,India,Android,referral,25-34,casual
U02363,2026-02-27,United States,iOS,organic,45-54,competitive
U02364,2026-01-08,Japan,Web,organic,55+,competitive
U02365,2026-02-15,Brazil,iOS,organic,45-54,casual
U02366,2026-01-06,United States,Android,organic,25-34,competitive
U02367,2026-01-21,United States,iOS,paid_social,45-54,casual
U02368,2026-01-11,United States,Android,organic,18-24,casual
U02369,2026-01-10,United Kingdom,iOS,paid_social,45-54,casual
U02370,2026-01-11,Germany,Web,organic,25-34,casual
U02371,2026-01-03,United Kingdom,iOS,paid_social,25-34,casual
U02372,2026-02-19,United States,Android,influencer,25-34,competitive
U02373,2026-01-04,Brazil,Android,store_feature,35-44,competitive
U02374,2026-01-24,Germany,iOS,paid_social,18-24,casual
U02375,2026-02-11,United Kingdom,iOS,paid_social,18-24,collector
U02376,2026-03-01,Germany,iOS,referral,35-44,collector
U02377,2026-02-21,United States,Android,influencer,55+,casual
U02378,2026-01-09,Brazil,Web,paid_social,35-44,casual
U02379,2026-03-01,Canada,iOS,organic,18-24,collector
U02380,2026-02-09,Canada,iOS,store_feature,35-44,casual
U02381,2026-01-11,United States,iOS,organic,18-24,casual
U02382,2026-01-27,Germany,iOS,store_feature,25-34,collector
U02383,2026-02-25,Germany,Android,organic,18-24,competitive
U02384,2026-01-24,Canada,iOS,organic,25-34,competitive
U02385,2026-01-12,Japan,iOS,store_feature,25-34,collector
U02386,2026-02-22,Japan,Web,referral,18-24,casual
U02387,2026-02-27,United States,Android,paid_social,25-34,competitive
U02388,2026-02-28,Brazil,Android,store_feature,35-44,competitive
U02389,2026-02-27,Canada,iOS,store_feature,25-34,casual
U02390,2026-02-22,India,Web,paid_social,18-24,casual
U02391,2026-01-28,United States,Android,influencer,25-34,casual
U02392,2026-01-12,United States,Android,paid_social,35-44,competitive
U02393,2026-02-07,United Kingdom,iOS,organic,45-54,competitive
U02394,2026-01-14,United States,Web,store_feature,25-34,collector
U02395,2026-01-29,Brazil,Android,paid_social,35-44,casual
U02396,2026-02-09,United Kingdom,Android,store_feature,45-54,competitive
U02397,2026-02-26,United States,Android,organic,35-44,casual
U02398,2026-01-18,United Kingdom,Android,organic,25-34,collector
U02399,2026-01-16,India,Android,organic,18-24,competitive
U02400,2026-02-14,Japan,Web,paid_social,25-34,competitive
U02401,2026-01-01,United Kingdom,iOS,store_feature,25-34,casual
U02402,2026-02-03,United States,iOS,paid_social,25-34,casual
U02403,2026-02-14,United States,Android,organic,55+,casual
U02404,2026-02-03,Japan,Android,paid_social,18-24,competitive
U02405,2026-01-24,Brazil,Android,paid_social,25-34,casual
U02406,2026-02-19,Germany,Android,referral,55+,competitive
U02407,2026-01-23,Japan,Android,referral,35-44,casual
U02408,2026-02-12,United States,Android,organic,18-24,casual
U02409,2026-01-28,Brazil,iOS,paid_social,55+,casual
U02410,2026-01-02,United States,Web,referral,25-34,casual
U02411,2026-02-01,United States,iOS,organic,18-24,casual
U02412,2026-01-03,United Kingdom,Android,paid_social,25-34,casual
U02413,2026-02-25,Canada,Web,paid_social,18-24,casual
U02414,2026-02-06,India,iOS,paid_social,35-44,competitive
U02415,2026-01-23,Canada,iOS,organic,18-24,casual
U02416,2026-01-30,Japan,iOS,organic,35-44,competitive
U02417,2026-02-07,Brazil,Android,store_feature,18-24,competitive
U02418,2026-01-16,Brazil,iOS,organic,45-54,casual
U02419,2026-01-18,India,iOS,store_feature,18-24,casual
U02420,2026-01-26,Canada,Web,paid_social,45-54,casual
U02421,2026-01-16,Canada,iOS,paid_social,18-24,casual
U02422,2026-02-15,United States,Android,store_feature,45-54,casual
U02423,2026-01-07,United States,Android,paid_social,45-54,competitive
U02424,2026-02-19,Japan,iOS,organic,25-34,casual
U02425,2026-01-21,United Kingdom,iOS,organic,18-24,collector
U02426,2026-02-03,Canada,Web,referral,35-44,competitive
U02427,2026-01-10,United States,Android,paid_social,35-44,casual
U02428,2026-01-24,United Kingdom,iOS,store_feature,25-34,competitive
U02429,2026-02-15,Brazil,Android,paid_social,35-44,casual
U02430,2026-01-17,United States,Android,paid_social,55+,casual
U02431,2026-01-08,Brazil,iOS,organic,55+,collector
U02432,2026-02-01,Germany,Android,organic,25-34,casual
U02433,2026-01-10,Japan,Android,store_feature,18-24,casual
U02434,2026-01-19,United States,iOS,organic,18-24,collector
U02435,2026-01-28,Germany,Web,influencer,35-44,collector
U02436,2026-02-03,United States,iOS,organic,55+,casual
U02437,2026-02-08,Canada,iOS,paid_social,25-34,competitive
U02438,2026-02-10,Brazil,iOS,organic,18-24,competitive
U02439,2026-02-20,Germany,Android,store_feature,25-34,competitive
U02440,2026-01-04,United States,Android,organic,25-34,casual
U02441,2026-01-22,Japan,Web,paid_social,55+,competitive
U02442,2026-01-01,United States,iOS,influencer,35-44,casual
U02443,2026-01-01,Germany,Android,referral,18-24,casual
U02444,2026-01-13,India,Android,organic,25-34,casual
U02445,2026-02-05,United Kingdom,iOS,store_feature,18-24,casual
U02446,2026-02-23,Japan,iOS,paid_social,35-44,casual
U02447,2026-02-16,Germany,Android,organic,35-44,casual
U02448,2026-02-08,Japan,iOS,paid_social,18-24,casual
U02449,2026-02-16,Brazil,Android,store_feature,25-34,collector
U02450,2026-01-11,Brazil,Android,paid_social,45-54,casual
U02451,2026-02-20,United States,iOS,referral,45-54,casual
U02452,2026-02-23,Brazil,Web,referral,25-34,competitive
U02453,2026-01-06,United States,Android,paid_social,25-34,casual
U02454,2026-01-29,India,Android,organic,55+,competitive
U02455,2026-02-19,United States,Android,referral,35-44,casual
U02456,2026-01-29,United States,Android,paid_social,55+,competitive
U02457,2026-02-20,Japan,Android,organic,18-24,casual
U02458,2026-02-26,United States,iOS,organic,18-24,casual
U02459,2026-01-29,Canada,Android,store_feature,18-24,competitive
U02460,2026-01-04,Brazil,iOS,organic,45-54,casual
U02461,2026-01-21,United States,Android,organic,35-44,casual
U02462,2026-01-13,United States,Android,organic,18-24,casual
U02463,2026-01-29,United Kingdom,iOS,organic,55+,competitive
U02464,2026-02-05,United States,Web,influencer,55+,casual
U02465,2026-01-28,United States,iOS,paid_social,18-24,competitive
U02466,2026-01-12,United States,iOS,referral,35-44,competitive
U02467,2026-01-19,Canada,iOS,store_feature,35-44,casual
U02468,2026-02-10,Canada,Android,paid_social,18-24,collector
U02469,2026-01-02,United States,iOS,store_feature,35-44,competitive
U02470,2026-01-13,Germany,Android,influencer,18-24,casual
U02471,2026-02-23,Germany,Android,referral,45-54,casual
U02472,2026-01-06,United States,iOS,referral,45-54,casual
U02473,2026-01-25,Canada,Web,paid_social,45-54,collector
U02474,2026-01-13,Japan,iOS,store_feature,35-44,casual
U02475,2026-01-07,Germany,Android,organic,18-24,casual
U02476,2026-01-26,Canada,iOS,referral,25-34,collector
U02477,2026-02-01,United Kingdom,Android,paid_social,35-44,competitive
U02478,2026-01-11,United States,Android,paid_social,25-34,casual
U02479,2026-01-05,Japan,iOS,influencer,35-44,competitive
U02480,2026-01-09,India,iOS,paid_social,25-34,competitive
U02481,2026-02-09,India,iOS,organic,18-24,casual
U02482,2026-02-21,United States,iOS,referral,25-34,casual
U02483,2026-01-11,Canada,Web,influencer,35-44,competitive
U02484,2026-01-20,United States,Android,referral,25-34,casual
U02485,2026-01-21,Canada,Android,store_feature,35-44,collector
U02486,2026-01-22,Canada,Web,store_feature,25-34,casual
U02487,2026-01-15,Germany,Android,store_feature,35-44,competitive
U02488,2026-01-04,United States,Android,paid_social,35-44,competitive
U02489,2026-02-01,India,iOS,paid_social,25-34,casual
U02490,2026-01-22,United States,iOS,store_feature,25-34,casual
U02491,2026-01-21,United States,iOS,influencer,25-34,collector
U02492,2026-01-16,Japan,iOS,organic,18-24,competitive
U02493,2026-02-25,Brazil,iOS,organic,35-44,casual
U02494,2026-02-06,Canada,iOS,paid_social,18-24,casual
U02495,2026-01-26,Germany,iOS,store_feature,45-54,casual
U02496,2026-01-13,United States,Android,store_feature,35-44,casual
U02497,2026-02-18,United States,iOS,paid_social,25-34,casual
U02498,2026-02-23,United Kingdom,iOS,organic,45-54,competitive
U02499,2026-01-02,Canada,iOS,organic,35-44,casual
U02500,2026-02-25,Germany,Android,store_feature,18-24,competitive
U02501,2026-02-11,United States,Android,paid_social,35-44,collector
U02502,2026-01-06,Brazil,Android,organic,55+,collector
U02503,2026-02-15,Japan,iOS,organic,18-24,competitive
U02504,2026-01-07,United States,iOS,store_feature,18-24,casual
U02505,2026-01-04,United States,iOS,paid_social,25-34,casual
U02506,2026-01-07,United Kingdom,iOS,organic,25-34,casual
U02507,2026-01-28,Japan,iOS,organic,35-44,casual
U02508,2026-02-07,Brazil,Web,influencer,25-34,collector
U02509,2026-01-25,Brazil,iOS,paid_social,35-44,competitive
U02510,2026-01-08,Canada,iOS,paid_social,18-24,competitive
U02511,2026-01-12,United States,Android,organic,25-34,casual
U02512,2026-02-21,United Kingdom,Android,organic,45-54,casual
U02513,2026-02-27,United States,iOS,store_feature,25-34,collector
U02514,2026-02-15,Brazil,iOS,store_feature,25-34,casual
U02515,2026-01-07,United States,Web,paid_social,18-24,casual
U02516,2026-02-19,United States,iOS,influencer,18-24,competitive
U02517,2026-02-11,United Kingdom,Android,paid_social,25-34,competitive
U02518,2026-02-01,United Kingdom,Android,store_feature,25-34,casual
U02519,2026-01-09,Germany,iOS,organic,35-44,casual
U02520,2026-03-01,United Kingdom,Android,paid_social,35-44,competitive
U02521,2026-01-27,India,iOS,store_feature,45-54,collector
U02522,2026-01-03,Japan,iOS,influencer,45-54,casual
U02523,2026-01-13,Japan,iOS,referral,18-24,competitive
U02524,2026-01-25,Germany,Web,referral,18-24,casual
U02525,2026-01-04,Germany,iOS,store_feature,45-54,competitive
U02526,2026-01-20,Germany,iOS,referral,25-34,competitive
U02527,2026-01-29,United Kingdom,Web,organic,25-34,competitive
U02528,2026-02-26,Canada,iOS,paid_social,18-24,competitive
U02529,2026-01-06,Germany,Web,referral,35-44,casual
U02530,2026-02-04,United States,Android,paid_social,25-34,casual
U02531,2026-02-24,United States,Android,influencer,18-24,competitive
U02532,2026-02-18,Japan,Android,paid_social,25-34,casual
U02533,2026-02-25,United States,Android,organic,35-44,competitive
U02534,2026-01-11,United Kingdom,iOS,organic,25-34,casual
U02535,2026-02-18,Germany,Web,store_feature,35-44,casual
U02536,2026-02-28,United States,Web,organic,25-34,competitive
U02537,2026-01-20,India,Web,store_feature,25-34,casual
U02538,2026-01-30,United States,Android,organic,25-34,collector
U02539,2026-02-01,India,Android,paid_social,18-24,casual
U02540,2026-01-30,Japan,Android,store_feature,25-34,casual
U02541,2026-01-18,United States,iOS,paid_social,45-54,casual
U02542,2026-02-28,United States,Android,store_feature,18-24,casual
U02543,2026-02-27,Canada,Android,organic,55+,competitive
U02544,2026-01-23,Canada,Android,paid_social,18-24,casual
U02545,2026-02-18,United States,iOS,paid_social,25-34,casual
U02546,2026-01-24,India,Android,influencer,35-44,collector
U02547,2026-02-17,United States,Android,organic,45-54,casual
U02548,2026-02-05,Japan,Android,organic,18-24,casual
U02549,2026-01-29,United States,Web,referral,18-24,collector
U02550,2026-01-08,India,Android,influencer,35-44,competitive
U02551,2026-02-09,United States,iOS,store_feature,25-34,casual
U02552,2026-01-20,United Kingdom,iOS,store_feature,35-44,collector
U02553,2026-01-14,Germany,Android,paid_social,45-54,casual
U02554,2026-01-12,United States,iOS,paid_social,18-24,casual
U02555,2026-02-28,Japan,Android,store_feature,45-54,casual
U02556,2026-01-07,United States,iOS,store_feature,18-24,collector
U02557,2026-02-17,Germany,iOS,store_feature,45-54,casual
U02558,2026-02-21,Germany,iOS,store_feature,55+,competitive
U02559,2026-01-02,Germany,Android,store_feature,35-44,casual
U02560,2026-02-05,United States,Web,organic,55+,casual
U02561,2026-02-04,United States,Web,organic,45-54,collector
U02562,2026-01-22,United States,Android,influencer,18-24,collector
U02563,2026-02-10,Canada,Android,paid_social,18-24,casual
U02564,2026-01-25,United States,iOS,organic,18-24,casual
U02565,2026-01-27,India,Android,paid_social,25-34,competitive
U02566,2026-01-26,United Kingdom,Web,referral,35-44,casual
U02567,2026-02-18,Germany,iOS,store_feature,25-34,casual
U02568,2026-02-07,Canada,Web,store_feature,35-44,casual
U02569,2026-01-23,United States,iOS,organic,25-34,collector
U02570,2026-02-25,United Kingdom,iOS,paid_social,18-24,casual
U02571,2026-02-18,United States,Android,organic,18-24,casual
U02572,2026-02-25,Canada,Web,influencer,55+,casual
U02573,2026-02-13,United Kingdom,iOS,organic,25-34,casual
U02574,2026-01-24,United Kingdom,Android,referral,25-34,casual
U02575,2026-02-16,India,iOS,paid_social,18-24,casual
U02576,2026-01-20,United States,Android,referral,55+,competitive
U02577,2026-01-17,United Kingdom,Android,paid_social,18-24,casual
U02578,2026-01-28,United States,iOS,referral,35-44,casual
U02579,2026-02-28,Canada,Android,referral,18-24,collector
U02580,2026-02-04,Brazil,Android,organic,18-24,casual
U02581,2026-01-24,United States,Android,paid_social,35-44,casual
U02582,2026-01-28,Germany,iOS,paid_social,35-44,casual
U02583,2026-01-18,Canada,iOS,organic,35-44,competitive
U02584,2026-02-09,United States,Web,store_feature,18-24,competitive
U02585,2026-01-22,India,Android,organic,55+,competitive
U02586,2026-02-03,Canada,Android,store_feature,25-34,competitive
U02587,2026-01-23,Japan,Android,organic,55+,casual
U02588,2026-01-20,Canada,Android,store_feature,18-24,collector
U02589,2026-02-28,India,iOS,organic,25-34,casual
U02590,2026-01-21,United States,Android,paid_social,25-34,casual
U02591,2026-01-05,Canada,Android,organic,35-44,casual
U02592,2026-01-23,Brazil,iOS,referral,35-44,casual
U02593,2026-02-01,Canada,iOS,organic,25-34,casual
U02594,2026-01-06,Canada,Android,store_feature,18-24,casual
U02595,2026-01-19,India,Web,paid_social,18-24,competitive
U02596,2026-01-10,Germany,Android,influencer,18-24,competitive
U02597,2026-01-31,Brazil,iOS,referral,45-54,competitive
U02598,2026-02-13,Brazil,Web,paid_social,25-34,casual
U02599,2026-02-28,Japan,iOS,store_feature,18-24,casual
U02600,2026-01-24,Japan,iOS,organic,25-34,competitive
U02601,2026-02-21,Germany,Web,referral,18-24,casual
U02602,2026-01-13,United States,Android,paid_social,55+,casual
U02603,2026-02-16,United States,Web,referral,25-34,casual
U02604,2026-02-03,Germany,Android,organic,45-54,casual
U02605,2026-02-15,Japan,Android,paid_social,35-44,casual
U02606,2026-02-15,United Kingdom,iOS,referral,25-34,competitive
U02607,2026-02-01,United States,iOS,paid_social,25-34,competitive
U02608,2026-01-16,United States,Web,organic,35-44,collector
U02609,2026-02-01,United Kingdom,Web,paid_social,35-44,casual
U02610,2026-02-19,Japan,iOS,store_feature,18-24,casual
U02611,2026-02-28,United States,iOS,organic,45-54,competitive
U02612,2026-02-25,Germany,iOS,paid_social,25-34,casual
U02613,2026-01-11,Brazil,iOS,influencer,25-34,casual
U02614,2026-02-05,India,Web,influencer,25-34,competitive
U02615,2026-01-07,United States,iOS,organic,35-44,casual
U02616,2026-02-10,India,Android,paid_social,25-34,casual
U02617,2026-03-01,Germany,Web,organic,25-34,casual
U02618,2026-01-04,Japan,Android,influencer,18-24,competitive
U02619,2026-02-09,United States,Android,paid_social,25-34,casual
U02620,2026-02-26,United Kingdom,iOS,paid_social,18-24,casual
U02621,2026-02-20,Germany,iOS,organic,45-54,casual
U02622,2026-01-24,Canada,iOS,paid_social,25-34,competitive
U02623,2026-01-07,United Kingdom,iOS,organic,55+,collector
U02624,2026-02-25,Germany,iOS,store_feature,35-44,collector
U02625,2026-02-25,Germany,iOS,paid_social,35-44,competitive
U02626,2026-02-04,United States,iOS,paid_social,55+,casual
U02627,2026-02-28,United Kingdom,iOS,store_feature,18-24,casual
U02628,2026-01-01,United States,Web,organic,25-34,casual
U02629,2026-02-06,India,iOS,organic,18-24,casual
U02630,2026-01-03,India,iOS,paid_social,18-24,competitive
U02631,2026-02-26,United States,Web,store_feature,25-34,casual
U02632,2026-02-10,United States,iOS,organic,35-44,collector
U02633,2026-02-24,United States,Android,store_feature,45-54,casual
U02634,2026-02-03,United Kingdom,Android,paid_social,18-24,competitive
U02635,2026-01-05,Japan,Android,paid_social,35-44,collector
U02636,2026-01-02,United Kingdom,iOS,paid_social,18-24,casual
U02637,2026-01-21,United States,Android,organic,18-24,competitive
U02638,2026-02-14,United States,Android,organic,18-24,competitive
U02639,2026-01-10,United States,iOS,referral,25-34,competitive
U02640,2026-02-21,Japan,iOS,paid_social,25-34,competitive
U02641,2026-01-15,Germany,iOS,paid_social,25-34,casual
U02642,2026-01-30,Germany,Android,influencer,18-24,casual
U02643,2026-01-13,Canada,iOS,organic,25-34,competitive
U02644,2026-01-28,India,iOS,paid_social,35-44,competitive
U02645,2026-01-28,Canada,Android,paid_social,18-24,competitive
U02646,2026-01-01,Japan,Web,organic,35-44,casual
U02647,2026-02-04,India,iOS,influencer,35-44,casual
U02648,2026-02-17,United Kingdom,iOS,influencer,25-34,casual
U02649,2026-02-26,India,iOS,organic,18-24,collector
U02650,2026-01-20,United States,Android,influencer,45-54,casual
U02651,2026-02-22,Brazil,Android,organic,25-34,casual
U02652,2026-02-22,United States,Web,influencer,25-34,casual
U02653,2026-03-01,United Kingdom,iOS,store_feature,45-54,casual
U02654,2026-01-23,United States,iOS,organic,45-54,casual
U02655,2026-02-21,United States,iOS,paid_social,35-44,competitive
U02656,2026-02-03,United States,iOS,store_feature,45-54,casual
U02657,2026-01-04,Canada,Android,organic,18-24,casual
U02658,2026-01-17,Germany,Android,paid_social,35-44,casual
U02659,2026-02-10,United Kingdom,iOS,referral,25-34,casual
U02660,2026-01-10,Canada,Android,organic,45-54,competitive
U02661,2026-01-27,India,iOS,organic,25-34,collector
U02662,2026-02-16,India,Android,organic,18-24,competitive
U02663,2026-01-09,United States,iOS,referral,25-34,collector
U02664,2026-01-30,Canada,Android,paid_social,35-44,casual
U02665,2026-01-13,Brazil,iOS,paid_social,25-34,collector
U02666,2026-02-02,Brazil,Web,organic,35-44,casual
U02667,2026-01-15,Canada,Web,organic,18-24,competitive
U02668,2026-02-27,Brazil,Android,referral,18-24,competitive
U02669,2026-01-05,United States,Web,organic,25-34,casual
U02670,2026-02-27,Canada,iOS,referral,25-34,casual
U02671,2026-02-17,Brazil,Android,paid_social,35-44,casual
U02672,2026-02-21,Germany,iOS,referral,55+,casual
U02673,2026-02-21,Japan,Web,paid_social,35-44,casual
U02674,2026-01-12,United States,iOS,store_feature,25-34,collector
U02675,2026-02-25,United States,iOS,organic,25-34,casual
U02676,2026-02-05,United States,Android,influencer,45-54,competitive
U02677,2026-02-27,United States,iOS,organic,35-44,casual
U02678,2026-02-22,United States,Android,organic,35-44,casual
U02679,2026-02-04,United Kingdom,iOS,paid_social,25-34,casual
U02680,2026-01-23,United Kingdom,Android,organic,35-44,casual
U02681,2026-01-08,Brazil,Web,paid_social,18-24,casual
U02682,2026-01-07,Canada,Android,store_feature,35-44,casual
U02683,2026-01-24,United States,iOS,store_feature,45-54,casual
U02684,2026-02-18,Brazil,iOS,paid_social,45-54,casual
U02685,2026-01-31,United States,iOS,influencer,18-24,competitive
U02686,2026-01-29,Japan,iOS,paid_social,45-54,competitive
U02687,2026-01-15,United States,Android,organic,18-24,casual
U02688,2026-02-03,United Kingdom,iOS,store_feature,25-34,competitive
U02689,2026-02-08,India,iOS,organic,35-44,collector
U02690,2026-02-28,Germany,iOS,organic,25-34,casual
U02691,2026-02-13,Germany,Web,organic,25-34,casual
U02692,2026-02-06,Brazil,iOS,organic,35-44,casual
U02693,2026-02-24,United States,iOS,organic,35-44,casual
U02694,2026-01-26,Brazil,Android,organic,25-34,competitive
U02695,2026-02-26,India,iOS,paid_social,25-34,competitive
U02696,2026-01-23,India,Web,referral,35-44,casual
U02697,2026-01-08,United Kingdom,iOS,influencer,25-34,casual
U02698,2026-01-26,Canada,Android,organic,18-24,competitive
U02699,2026-01-08,Brazil,Android,organic,25-34,casual
U02700,2026-01-08,Germany,Android,paid_social,35-44,casual
U02701,2026-02-22,United States,Android,organic,25-34,casual
U02702,2026-02-17,United States,Android,paid_social,18-24,collector
U02703,2026-01-14,United States,Android,referral,45-54,competitive
U02704,2026-02-20,United Kingdom,Android,store_feature,45-54,competitive
U02705,2026-01-05,United States,Android,organic,35-44,competitive
U02706,2026-01-18,United States,Android,referral,35-44,casual
U02707,2026-02-12,United States,Android,referral,55+,casual
U02708,2026-01-19,India,iOS,store_feature,25-34,competitive
U02709,2026-02-13,United States,iOS,organic,18-24,collector
U02710,2026-02-22,United States,iOS,referral,35-44,casual
U02711,2026-01-04,United Kingdom,iOS,referral,45-54,casual
U02712,2026-01-02,United States,iOS,organic,35-44,collector
U02713,2026-02-26,India,iOS,referral,18-24,casual
U02714,2026-02-01,India,Android,referral,45-54,casual
U02715,2026-01-31,Canada,Android,organic,35-44,casual
U02716,2026-01-28,United Kingdom,Android,paid_social,25-34,casual
U02717,2026-01-27,Canada,Android,paid_social,55+,competitive
U02718,2026-02-11,United States,iOS,store_feature,35-44,competitive
U02719,2026-02-04,United States,iOS,organic,45-54,casual
U02720,2026-01-10,United States,Android,paid_social,55+,casual
U02721,2026-02-07,United States,Android,organic,18-24,casual
U02722,2026-02-10,Germany,Android,referral,35-44,casual
U02723,2026-01-07,United States,Android,referral,25-34,casual
U02724,2026-01-23,United States,Android,paid_social,45-54,casual
U02725,2026-02-17,United Kingdom,Android,paid_social,45-54,collector
U02726,2026-02-07,United Kingdom,Android,organic,45-54,collector
U02727,2026-01-09,United States,Android,organic,35-44,casual
U02728,2026-01-03,United States,iOS,referral,35-44,competitive
U02729,2026-02-04,United States,iOS,organic,25-34,collector
U02730,2026-01-28,United States,iOS,store_feature,25-34,casual
U02731,2026-02-27,Japan,Android,referral,18-24,collector
U02732,2026-02-01,India,Android,influencer,45-54,casual
U02733,2026-02-25,Canada,iOS,organic,35-44,competitive
U02734,2026-01-13,Canada,iOS,paid_social,35-44,casual
U02735,2026-01-27,Brazil,Android,organic,18-24,casual
U02736,2026-01-09,Germany,iOS,influencer,35-44,competitive
U02737,2026-02-04,United States,Android,referral,25-34,competitive
U02738,2026-01-12,United States,iOS,referral,55+,casual
U02739,2026-01-30,United Kingdom,iOS,referral,45-54,competitive
U02740,2026-01-21,Germany,iOS,organic,25-34,collector
U02741,2026-01-12,United States,iOS,paid_social,35-44,collector
U02742,2026-01-06,United States,iOS,store_feature,18-24,competitive
U02743,2026-01-31,Canada,iOS,organic,18-24,casual
U02744,2026-02-26,United States,iOS,influencer,35-44,casual
U02745,2026-01-12,United Kingdom,iOS,influencer,35-44,casual
U02746,2026-01-25,Brazil,Android,influencer,18-24,competitive
U02747,2026-01-14,United Kingdom,iOS,store_feature,18-24,competitive
U02748,2026-02-18,United States,iOS,organic,25-34,collector
U02749,2026-01-25,United States,iOS,paid_social,18-24,casual
U02750,2026-02-28,Japan,Web,organic,25-34,collector
U02751,2026-01-15,United Kingdom,Android,referral,25-34,collector
U02752,2026-01-05,United States,Web,organic,45-54,competitive
U02753,2026-02-04,United States,Web,store_feature,25-34,collector
U02754,2026-02-09,Japan,iOS,organic,18-24,casual
U02755,2026-03-01,Brazil,Android,organic,18-24,casual
U02756,2026-02-22,Japan,iOS,organic,18-24,casual
U02757,2026-02-23,Germany,Web,referral,35-44,casual
U02758,2026-02-08,United Kingdom,iOS,organic,25-34,casual
U02759,2026-01-22,United Kingdom,iOS,organic,18-24,competitive
U02760,2026-01-26,United States,Web,organic,45-54,casual
U02761,2026-01-09,Brazil,Android,organic,35-44,casual
U02762,2026-01-26,Germany,Web,influencer,18-24,casual
U02763,2026-01-22,United States,iOS,paid_social,25-34,competitive
U02764,2026-01-03,India,iOS,organic,45-54,collector
U02765,2026-01-13,Canada,iOS,organic,35-44,casual
U02766,2026-02-02,United States,Android,organic,55+,competitive
U02767,2026-01-23,Canada,Android,paid_social,18-24,collector
U02768,2026-03-01,Japan,iOS,organic,35-44,competitive
U02769,2026-01-29,India,Android,organic,18-24,competitive
U02770,2026-02-27,United Kingdom,iOS,organic,25-34,competitive
U02771,2026-02-09,India,Android,organic,35-44,collector
U02772,2026-01-03,Japan,Web,referral,35-44,casual
U02773,2026-01-13,Japan,Android,organic,18-24,competitive
U02774,2026-02-12,Japan,iOS,referral,18-24,casual
U02775,2026-02-02,Canada,iOS,referral,35-44,casual
U02776,2026-01-19,Brazil,iOS,influencer,18-24,competitive
U02777,2026-02-01,Germany,Android,organic,25-34,competitive
U02778,2026-02-24,Brazil,Android,store_feature,18-24,collector
U02779,2026-01-24,United States,iOS,store_feature,18-24,collector
U02780,2026-01-03,Brazil,Web,influencer,45-54,competitive
U02781,2026-01-19,India,Android,store_feature,18-24,casual
U02782,2026-02-26,Canada,Android,organic,25-34,collector
U02783,2026-02-15,India,Android,influencer,35-44,casual
U02784,2026-02-20,Canada,Web,store_feature,18-24,casual
U02785,2026-02-24,United States,iOS,organic,35-44,casual
U02786,2026-01-08,United States,iOS,organic,25-34,competitive
U02787,2026-01-17,Japan,Web,influencer,45-54,competitive
U02788,2026-01-04,Germany,Web,organic,35-44,competitive
U02789,2026-01-01,Canada,Android,store_feature,35-44,casual
U02790,2026-02-20,Germany,iOS,paid_social,25-34,competitive
U02791,2026-02-26,Canada,iOS,referral,45-54,competitive
U02792,2026-01-10,United Kingdom,Android,organic,35-44,collector
U02793,2026-02-13,Japan,Android,referral,25-34,casual
U02794,2026-02-02,Brazil,iOS,paid_social,18-24,competitive
U02795,2026-01-05,Japan,iOS,influencer,18-24,competitive
U02796,2026-02-24,Germany,Android,organic,18-24,casual
U02797,2026-02-22,India,Android,organic,25-34,casual
U02798,2026-02-04,United States,Android,organic,45-54,casual
U02799,2026-02-12,United States,Android,organic,55+,casual
U02800,2026-01-24,United States,Web,influencer,18-24,casual
U02801,2026-02-17,Germany,iOS,organic,55+,competitive
U02802,2026-01-27,Germany,Android,organic,35-44,competitive
U02803,2026-03-01,Brazil,Android,store_feature,25-34,competitive
U02804,2026-01-04,Canada,Android,organic,55+,casual
U02805,2026-01-11,United States,Web,organic,35-44,casual
U02806,2026-02-28,Germany,Android,referral,25-34,competitive
U02807,2026-01-18,India,Android,paid_social,18-24,competitive
U02808,2026-01-19,United States,iOS,store_feature,18-24,competitive
U02809,2026-02-17,United States,Android,referral,45-54,competitive
U02810,2026-01-12,United States,iOS,organic,18-24,collector
U02811,2026-01-31,United Kingdom,iOS,paid_social,18-24,collector
U02812,2026-01-18,United States,Android,store_feature,25-34,competitive
U02813,2026-01-12,Canada,Android,paid_social,25-34,casual
U02814,2026-02-27,Germany,Web,referral,25-34,casual
U02815,2026-01-12,Canada,Android,paid_social,45-54,competitive
U02816,2026-01-06,Canada,Android,paid_social,25-34,casual
U02817,2026-02-10,United States,iOS,referral,45-54,casual
U02818,2026-02-22,India,Android,organic,25-34,casual
U02819,2026-01-08,Canada,Web,paid_social,25-34,collector
U02820,2026-02-12,Canada,iOS,organic,18-24,casual
U02821,2026-02-02,United States,Android,referral,25-34,competitive
U02822,2026-02-19,Germany,Android,paid_social,45-54,collector
U02823,2026-01-08,Japan,iOS,organic,35-44,competitive
U02824,2026-02-28,United States,Android,organic,25-34,casual
U02825,2026-02-07,United States,iOS,influencer,45-54,competitive
U02826,2026-02-20,United States,iOS,organic,35-44,competitive
U02827,2026-01-22,Germany,iOS,organic,18-24,casual
U02828,2026-02-26,India,iOS,organic,35-44,competitive
U02829,2026-02-07,United Kingdom,iOS,paid_social,35-44,casual
U02830,2026-01-08,Canada,Web,organic,35-44,competitive
U02831,2026-02-25,Japan,iOS,store_feature,18-24,collector
U02832,2026-02-17,Brazil,Android,referral,18-24,casual
U02833,2026-01-19,United States,Android,organic,25-34,collector
U02834,2026-02-02,United States,iOS,paid_social,18-24,casual
U02835,2026-01-24,Canada,iOS,organic,18-24,collector
U02836,2026-02-02,Japan,Web,organic,35-44,competitive
U02837,2026-02-27,Brazil,Android,paid_social,25-34,casual
U02838,2026-02-23,Brazil,Web,organic,18-24,collector
U02839,2026-01-13,Japan,iOS,influencer,25-34,collector
U02840,2026-02-28,United States,Android,paid_social,18-24,casual
U02841,2026-01-27,Canada,Android,organic,25-34,competitive
U02842,2026-02-12,United States,Web,influencer,35-44,casual
U02843,2026-02-15,Japan,iOS,paid_social,45-54,casual
U02844,2026-01-29,Germany,Web,organic,18-24,casual
U02845,2026-01-28,United States,iOS,paid_social,45-54,casual
U02846,2026-01-28,United States,Android,influencer,45-54,casual
U02847,2026-02-21,Brazil,Android,paid_social,35-44,casual
U02848,2026-01-24,Brazil,Android,paid_social,55+,collector
U02849,2026-01-17,Brazil,iOS,paid_social,18-24,casual
U02850,2026-01-22,United States,Android,organic,18-24,competitive
U02851,2026-01-12,India,iOS,organic,45-54,casual
U02852,2026-01-24,Brazil,Android,paid_social,25-34,casual
U02853,2026-01-07,Brazil,Android,influencer,25-34,competitive
U02854,2026-01-06,Brazil,Android,referral,18-24,casual
U02855,2026-02-13,India,Android,organic,18-24,casual
U02856,2026-01-05,India,Android,paid_social,18-24,collector
U02857,2026-02-04,Germany,Android,organic,18-24,casual
U02858,2026-02-16,Canada,Android,organic,55+,casual
U02859,2026-02-13,Canada,Android,referral,25-34,competitive
U02860,2026-01-27,Japan,Android,organic,35-44,casual
U02861,2026-01-12,Brazil,Android,store_feature,18-24,competitive
U02862,2026-02-25,United States,Android,paid_social,25-34,casual
U02863,2026-02-20,United States,iOS,referral,45-54,casual
U02864,2026-02-06,India,Android,influencer,18-24,casual
U02865,2026-01-06,India,iOS,referral,25-34,casual
U02866,2026-01-03,India,iOS,influencer,45-54,competitive
U02867,2026-01-19,United Kingdom,Android,store_feature,18-24,collector
U02868,2026-01-10,Japan,Android,paid_social,18-24,competitive
U02869,2026-02-21,Japan,Android,organic,55+,casual
U02870,2026-01-13,Canada,Web,organic,25-34,collector
U02871,2026-01-17,United States,iOS,store_feature,35-44,competitive
U02872,2026-02-28,India,iOS,organic,18-24,casual
U02873,2026-02-19,United States,iOS,influencer,18-24,casual
U02874,2026-01-14,Germany,iOS,organic,25-34,casual
U02875,2026-01-24,Brazil,Android,referral,35-44,casual
U02876,2026-01-31,Brazil,Android,organic,25-34,casual
U02877,2026-02-09,United States,Android,influencer,45-54,casual
U02878,2026-02-26,Brazil,iOS,organic,35-44,collector
U02879,2026-02-22,United States,Android,paid_social,25-34,casual
U02880,2026-02-28,Japan,iOS,store_feature,25-34,casual
U02881,2026-01-03,United States,Android,organic,35-44,collector
U02882,2026-01-15,Brazil,Android,organic,35-44,casual
U02883,2026-02-03,Japan,iOS,influencer,18-24,casual
U02884,2026-01-03,United States,Android,store_feature,45-54,casual
U02885,2026-01-22,United States,Android,organic,25-34,competitive
U02886,2026-01-10,Japan,iOS,paid_social,45-54,casual
U02887,2026-02-25,United States,Android,organic,55+,competitive
U02888,2026-01-04,United States,Android,organic,18-24,competitive
U02889,2026-01-09,United Kingdom,iOS,paid_social,25-34,competitive
U02890,2026-01-12,India,iOS,organic,25-34,collector
U02891,2026-01-09,Germany,Android,paid_social,25-34,competitive
U02892,2026-02-04,Canada,Web,organic,45-54,competitive
U02893,2026-01-22,India,Android,store_feature,18-24,casual
U02894,2026-02-24,United Kingdom,Android,paid_social,35-44,casual
U02895,2026-01-16,United Kingdom,Android,organic,55+,casual
U02896,2026-02-02,Canada,Android,influencer,55+,casual
U02897,2026-02-09,Canada,iOS,store_feature,18-24,casual
U02898,2026-02-07,Canada,iOS,organic,55+,competitive
U02899,2026-02-17,Brazil,Web,influencer,18-24,casual
U02900,2026-01-13,United States,Android,organic,25-34,competitive
U02901,2026-01-31,Brazil,Web,organic,18-24,casual
U02902,2026-02-18,United States,iOS,paid_social,35-44,collector
U02903,2026-02-21,Canada,Android,organic,18-24,casual
U02904,2026-02-07,United States,Android,referral,18-24,competitive
U02905,2026-02-09,Germany,iOS,paid_social,25-34,competitive
U02906,2026-02-21,Brazil,iOS,influencer,45-54,casual
U02907,2026-02-07,Canada,Android,organic,25-34,competitive
U02908,2026-02-26,United States,Android,organic,35-44,collector
U02909,2026-01-08,United States,Android,paid_social,35-44,competitive
U02910,2026-01-21,Japan,iOS,organic,25-34,collector
U02911,2026-01-07,United States,Android,influencer,18-24,casual
U02912,2026-01-06,Japan,iOS,referral,18-24,collector
U02913,2026-01-29,Canada,iOS,store_feature,25-34,collector
U02914,2026-01-14,United States,Android,referral,55+,competitive
U02915,2026-01-25,Brazil,iOS,organic,18-24,competitive
U02916,2026-01-27,United Kingdom,Web,organic,35-44,competitive
U02917,2026-02-07,United States,Android,paid_social,45-54,casual
U02918,2026-02-26,India,iOS,store_feature,45-54,competitive
U02919,2026-02-20,United States,iOS,organic,25-34,casual
U02920,2026-01-23,Canada,Android,organic,45-54,competitive
U02921,2026-01-20,Canada,iOS,referral,35-44,casual
U02922,2026-02-16,United Kingdom,iOS,organic,25-34,competitive
U02923,2026-01-08,Japan,Android,paid_social,35-44,casual
U02924,2026-02-02,United States,iOS,organic,18-24,casual
U02925,2026-01-26,India,Android,paid_social,35-44,casual
U02926,2026-01-11,Brazil,Android,paid_social,35-44,casual
U02927,2026-02-06,India,iOS,influencer,35-44,competitive
U02928,2026-01-20,Japan,Android,referral,45-54,casual
U02929,2026-01-12,India,Android,organic,35-44,casual
U02930,2026-02-09,Germany,Android,store_feature,18-24,casual
U02931,2026-01-11,Canada,iOS,store_feature,25-34,casual
U02932,2026-02-10,United Kingdom,Android,referral,45-54,casual
U02933,2026-01-10,Brazil,iOS,influencer,35-44,casual
U02934,2026-01-27,United Kingdom,Android,store_feature,45-54,competitive
U02935,2026-02-18,Brazil,iOS,organic,25-34,competitive
U02936,2026-01-14,United States,Web,paid_social,25-34,collector
U02937,2026-02-16,Japan,iOS,paid_social,45-54,casual
U02938,2026-02-13,United States,Web,paid_social,35-44,casual
U02939,2026-02-24,India,Web,influencer,25-34,casual
U02940,2026-01-11,United States,Android,paid_social,18-24,competitive
U02941,2026-02-12,United States,iOS,organic,45-54,casual
U02942,2026-02-26,Japan,iOS,influencer,35-44,casual
U02943,2026-02-15,Japan,Web,referral,25-34,competitive
U02944,2026-01-12,Brazil,Android,organic,25-34,casual
U02945,2026-02-19,India,Android,influencer,18-24,casual
U02946,2026-01-07,United States,iOS,paid_social,25-34,competitive
U02947,2026-02-05,Japan,Android,paid_social,18-24,competitive
U02948,2026-01-30,Canada,iOS,paid_social,18-24,casual
U02949,2026-02-01,United Kingdom,iOS,influencer,45-54,casual
U02950,2026-02-01,United Kingdom,iOS,organic,25-34,casual
U02951,2026-01-02,United States,Android,organic,35-44,casual
U02952,2026-01-31,Germany,Web,referral,25-34,casual
U02953,2026-02-26,Brazil,Android,influencer,18-24,casual
U02954,2026-01-27,United States,iOS,organic,25-34,casual
U02955,2026-01-17,India,iOS,organic,18-24,casual
U02956,2026-03-01,United Kingdom,Android,influencer,35-44,competitive
U02957,2026-01-06,United States,Android,store_feature,45-54,competitive
U02958,2026-01-30,Brazil,iOS,paid_social,35-44,casual
U02959,2026-01-31,United States,iOS,paid_social,35-44,competitive
U02960,2026-01-29,United States,Android,paid_social,45-54,collector
U02961,2026-02-25,Brazil,Web,referral,35-44,casual
U02962,2026-01-26,United States,Android,paid_social,25-34,competitive
U02963,2026-02-28,United States,iOS,store_feature,35-44,casual
U02964,2026-01-05,Brazil,Android,organic,25-34,collector
U02965,2026-02-14,United States,iOS,store_feature,18-24,casual
U02966,2026-02-05,Japan,Web,organic,35-44,casual
U02967,2026-01-15,Japan,iOS,influencer,35-44,collector
U02968,2026-01-14,United States,iOS,organic,18-24,competitive
U02969,2026-02-13,United Kingdom,Android,organic,55+,casual
U02970,2026-02-08,United States,iOS,organic,18-24,competitive
U02971,2026-02-06,Germany,iOS,organic,35-44,collector
U02972,2026-01-04,United States,Android,paid_social,55+,casual
U02973,2026-02-05,India,Android,referral,25-34,casual
U02974,2026-02-28,United States,Android,influencer,45-54,casual
U02975,2026-01-02,Brazil,iOS,paid_social,45-54,collector
U02976,2026-01-29,United States,iOS,paid_social,35-44,casual
U02977,2026-01-30,United States,Android,organic,55+,casual
U02978,2026-02-23,United Kingdom,Android,store_feature,35-44,casual
U02979,2026-01-17,Germany,iOS,organic,25-34,casual
U02980,2026-01-29,India,Web,organic,35-44,casual
U02981,2026-02-13,United States,Web,organic,25-34,casual
U02982,2026-01-04,United States,iOS,organic,25-34,casual
U02983,2026-02-18,Canada,Android,paid_social,18-24,casual
U02984,2026-02-19,Canada,Android,organic,25-34,casual
U02985,2026-02-13,India,iOS,organic,35-44,casual
U02986,2026-02-08,India,Android,store_feature,55+,casual
U02987,2026-02-14,India,iOS,organic,55+,competitive
U02988,2026-02-16,United States,iOS,paid_social,18-24,casual
U02989,2026-02-24,Canada,Web,paid_social,25-34,casual
U02990,2026-01-26,Brazil,Android,influencer,25-34,competitive
U02991,2026-01-28,Canada,iOS,referral,18-24,competitive
U02992,2026-02-08,Brazil,Android,organic,25-34,competitive
U02993,2026-01-12,United States,Web,influencer,25-34,collector
U02994,2026-02-21,Canada,Android,paid_social,55+,casual
U02995,2026-02-16,Japan,Web,organic,18-24,casual
U02996,2026-02-07,United States,Web,referral,45-54,casual
U02997,2026-01-19,India,iOS,referral,45-54,casual
U02998,2026-01-21,Canada,Android,organic,35-44,collector
U02999,2026-01-27,United States,Android,paid_social,18-24,competitive
U03000,2026-02-09,United States,Android,organic,25-34,competitive
U03001,2026-02-16,United States,iOS,paid_social,55+,collector
U03002,2026-02-10,United Kingdom,iOS,influencer,18-24,competitive
U03003,2026-02-25,United States,iOS,paid_social,18-24,casual
U03004,2026-02-27,Germany,Android,influencer,55+,collector
U03005,2026-02-12,Japan,Android,organic,35-44,casual
U03006,2026-01-23,Canada,Android,store_feature,35-44,casual
U03007,2026-02-05,United States,Android,influencer,18-24,casual
U03008,2026-01-26,Canada,iOS,referral,25-34,collector
U03009,2026-02-07,Japan,iOS,organic,45-54,competitive
U03010,2026-02-18,Germany,Android,organic,25-34,casual
U03011,2026-01-23,United States,Android,organic,18-24,collector
U03012,2026-01-31,United Kingdom,Android,paid_social,18-24,casual
U03013,2026-01-03,United Kingdom,iOS,influencer,35-44,competitive
U03014,2026-02-14,Canada,iOS,paid_social,25-34,casual
U03015,2026-01-30,United States,Web,organic,45-54,casual
U03016,2026-01-28,India,iOS,organic,25-34,casual
U03017,2026-02-01,United States,iOS,paid_social,18-24,collector
U03018,2026-01-13,United States,Android,paid_social,55+,collector
U03019,2026-02-05,United States,Android,organic,55+,casual
U03020,2026-02-14,Germany,Web,referral,35-44,casual
U03021,2026-01-21,United Kingdom,Web,organic,45-54,casual
U03022,2026-01-08,United States,Android,referral,18-24,competitive
U03023,2026-01-24,United Kingdom,iOS,paid_social,25-34,casual
U03024,2026-01-12,Brazil,Android,organic,18-24,competitive
U03025,2026-01-23,United States,Web,referral,25-34,casual
U03026,2026-02-07,India,Android,referral,35-44,casual
U03027,2026-01-07,Canada,Web,paid_social,45-54,collector
U03028,2026-02-14,United States,Android,store_feature,18-24,competitive
U03029,2026-01-14,India,iOS,paid_social,25-34,casual
U03030,2026-02-23,Japan,Android,organic,55+,casual
U03031,2026-02-13,Canada,Android,influencer,25-34,casual
U03032,2026-01-17,Japan,iOS,influencer,25-34,casual
U03033,2026-02-03,United Kingdom,iOS,organic,25-34,casual
U03034,2026-01-07,Canada,Android,influencer,25-34,competitive
U03035,2026-01-06,Japan,iOS,store_feature,25-34,casual
U03036,2026-02-27,Brazil,iOS,organic,25-34,casual
U03037,2026-02-18,United States,Android,paid_social,25-34,casual
U03038,2026-01-10,Germany,Android,organic,25-34,casual
U03039,2026-01-17,Canada,Android,paid_social,25-34,casual
U03040,2026-01-12,United States,Web,influencer,18-24,collector
U03041,2026-01-24,India,Web,paid_social,18-24,casual
U03042,2026-01-18,Germany,Android,paid_social,25-34,competitive
U03043,2026-01-20,Germany,iOS,organic,45-54,casual
U03044,2026-02-01,Germany,Android,paid_social,35-44,casual
U03045,2026-01-12,Germany,iOS,store_feature,18-24,casual
U03046,2026-02-22,United States,Android,organic,25-34,competitive
U03047,2026-02-13,India,Android,paid_social,35-44,casual
U03048,2026-02-15,Germany,iOS,paid_social,25-34,competitive
U03049,2026-01-11,Brazil,Android,referral,35-44,casual
U03050,2026-02-12,United Kingdom,Android,referral,55+,competitive
U03051,2026-02-20,United States,Web,referral,18-24,casual
U03052,2026-01-11,United States,iOS,paid_social,25-34,casual
U03053,2026-02-15,Canada,Web,paid_social,25-34,competitive
U03054,2026-01-22,United States,iOS,referral,25-34,casual
U03055,2026-02-17,Brazil,Android,referral,18-24,casual
U03056,2026-01-29,Japan,Web,paid_social,35-44,competitive
U03057,2026-02-18,Canada,iOS,store_feature,18-24,competitive
U03058,2026-01-09,Canada,iOS,organic,35-44,competitive
U03059,2026-01-24,Brazil,Android,organic,35-44,casual
U03060,2026-01-17,United States,Android,influencer,25-34,casual
U03061,2026-01-15,India,iOS,organic,55+,casual
U03062,2026-01-19,Canada,Android,influencer,45-54,casual
U03063,2026-01-23,United States,Android,paid_social,25-34,casual
U03064,2026-01-08,United States,iOS,influencer,55+,casual
U03065,2026-02-12,India,Android,paid_social,45-54,casual
U03066,2026-02-03,United States,Android,store_feature,18-24,casual
U03067,2026-02-19,Brazil,iOS,referral,25-34,casual
U03068,2026-02-12,United States,Android,paid_social,25-34,casual
U03069,2026-01-09,United States,iOS,paid_social,35-44,casual
U03070,2026-01-05,Japan,Web,organic,55+,casual
U03071,2026-01-26,United States,Android,organic,25-34,competitive
U03072,2026-01-29,United States,Android,influencer,18-24,casual
U03073,2026-01-15,United Kingdom,Android,organic,25-34,casual
U03074,2026-02-16,Japan,iOS,referral,35-44,collector
U03075,2026-02-04,Canada,Android,paid_social,25-34,casual
U03076,2026-02-14,United States,Android,organic,18-24,casual
U03077,2026-01-07,India,Android,influencer,25-34,competitive
U03078,2026-02-18,Brazil,Android,organic,35-44,competitive
U03079,2026-01-13,Japan,iOS,paid_social,18-24,collector
U03080,2026-01-27,Brazil,iOS,paid_social,25-34,collector
U03081,2026-01-27,Brazil,Android,organic,18-24,competitive
U03082,2026-02-19,Canada,iOS,organic,25-34,casual
U03083,2026-01-17,Canada,Android,referral,18-24,casual
U03084,2026-01-15,Brazil,Android,organic,18-24,casual
U03085,2026-01-21,Brazil,Android,store_feature,35-44,casual
U03086,2026-01-22,India,Android,referral,18-24,collector
U03087,2026-01-11,Germany,Android,organic,18-24,casual
U03088,2026-01-11,United States,Web,organic,25-34,collector
U03089,2026-01-14,United Kingdom,iOS,organic,18-24,casual
U03090,2026-01-29,Germany,Android,store_feature,18-24,casual
U03091,2026-01-21,United Kingdom,iOS,paid_social,25-34,collector
U03092,2026-01-24,Japan,Android,organic,25-34,casual
U03093,2026-02-13,Germany,Android,paid_social,25-34,casual
U03094,2026-01-15,United States,Android,paid_social,55+,casual
U03095,2026-02-24,Germany,Android,referral,25-34,casual
U03096,2026-02-15,Germany,Android,organic,25-34,casual
U03097,2026-01-11,India,iOS,organic,45-54,competitive
U03098,2026-01-19,Canada,Android,paid_social,25-34,collector
U03099,2026-01-12,Germany,iOS,referral,35-44,competitive
U03100,2026-01-17,United Kingdom,Web,referral,25-34,competitive
U03101,2026-01-22,United Kingdom,Android,organic,35-44,competitive
U03102,2026-01-08,United States,Android,organic,45-54,casual
U03103,2026-01-01,India,Web,referral,18-24,competitive
U03104,2026-01-27,India,Android,organic,45-54,competitive
U03105,2026-02-12,Germany,Android,paid_social,25-34,casual
U03106,2026-01-19,Germany,iOS,paid_social,35-44,casual
U03107,2026-02-21,United States,iOS,organic,25-34,competitive
U03108,2026-01-23,Germany,Web,paid_social,25-34,collector
U03109,2026-02-24,United Kingdom,Web,organic,18-24,collector
U03110,2026-01-15,Brazil,Android,paid_social,55+,casual
U03111,2026-02-02,United States,iOS,organic,35-44,competitive
U03112,2026-02-15,Brazil,iOS,paid_social,45-54,casual
U03113,2026-01-04,United States,Web,paid_social,25-34,collector
U03114,2026-02-25,Brazil,iOS,organic,25-34,competitive
U03115,2026-01-22,Germany,Android,paid_social,25-34,collector
U03116,2026-01-30,United States,iOS,referral,18-24,collector
U03117,2026-02-07,United Kingdom,iOS,influencer,25-34,casual
U03118,2026-02-08,Japan,Android,organic,45-54,collector
U03119,2026-01-02,Germany,Web,organic,45-54,competitive
U03120,2026-02-22,United States,Android,organic,25-34,casual
U03121,2026-02-07,United Kingdom,Android,influencer,25-34,casual
U03122,2026-03-01,Canada,Android,paid_social,35-44,competitive
U03123,2026-01-29,Brazil,Web,organic,35-44,casual
U03124,2026-02-06,Germany,Android,referral,35-44,casual
U03125,2026-01-27,United States,Android,organic,25-34,competitive
U03126,2026-02-23,Germany,Android,paid_social,18-24,casual
U03127,2026-02-19,Brazil,iOS,paid_social,18-24,casual
U03128,2026-02-24,Japan,iOS,referral,55+,competitive
U03129,2026-01-31,United States,Web,referral,35-44,casual
U03130,2026-02-17,Canada,Android,organic,55+,competitive
U03131,2026-01-22,United Kingdom,iOS,referral,25-34,casual
U03132,2026-01-28,United States,iOS,paid_social,25-34,collector
U03133,2026-02-15,United Kingdom,Web,organic,25-34,casual
U03134,2026-01-05,United States,Android,influencer,45-54,competitive
U03135,2026-02-12,United States,Android,referral,25-34,competitive
U03136,2026-01-01,Brazil,iOS,influencer,35-44,collector
U03137,2026-02-04,United States,Web,referral,18-24,casual
U03138,2026-01-29,Brazil,Web,organic,18-24,casual
U03139,2026-01-29,United States,Android,paid_social,18-24,casual
U03140,2026-01-30,Germany,iOS,paid_social,25-34,casual
U03141,2026-01-30,Canada,Android,organic,45-54,casual
U03142,2026-01-25,Japan,Android,paid_social,55+,competitive
U03143,2026-01-28,Japan,Android,paid_social,35-44,casual
U03144,2026-02-04,Canada,Web,organic,25-34,casual
U03145,2026-02-15,Germany,Android,store_feature,35-44,casual
U03146,2026-02-03,United States,iOS,organic,18-24,competitive
U03147,2026-02-08,Germany,Android,paid_social,35-44,competitive
U03148,2026-02-20,United States,Android,store_feature,35-44,casual
U03149,2026-03-01,United Kingdom,iOS,paid_social,25-34,casual
U03150,2026-01-07,United States,iOS,organic,18-24,casual
U03151,2026-02-12,India,Android,paid_social,18-24,competitive
U03152,2026-01-14,United Kingdom,Android,referral,25-34,competitive
U03153,2026-01-12,Germany,Android,store_feature,55+,casual
U03154,2026-02-17,Canada,iOS,organic,35-44,casual
U03155,2026-01-05,United States,iOS,organic,25-34,competitive
U03156,2026-02-20,United States,iOS,paid_social,25-34,competitive
U03157,2026-02-16,India,Android,organic,35-44,casual
U03158,2026-03-01,Japan,Android,store_feature,25-34,casual
U03159,2026-02-10,United States,Android,referral,18-24,casual
U03160,2026-02-22,Brazil,Android,store_feature,35-44,competitive
U03161,2026-01-08,Canada,iOS,influencer,25-34,casual
U03162,2026-02-23,United States,Android,paid_social,25-34,competitive
U03163,2026-01-10,United Kingdom,Web,influencer,25-34,competitive
U03164,2026-01-19,United States,Android,referral,18-24,competitive
U03165,2026-01-08,United States,iOS,organic,45-54,collector
U03166,2026-01-25,Brazil,Android,store_feature,45-54,casual
U03167,2026-02-14,United States,iOS,referral,55+,competitive
U03168,2026-01-17,India,iOS,influencer,55+,competitive
U03169,2026-02-19,Brazil,iOS,organic,25-34,competitive
U03170,2026-02-06,Japan,iOS,organic,25-34,casual
U03171,2026-02-07,Germany,iOS,store_feature,35-44,casual
U03172,2026-02-26,Japan,Android,organic,18-24,collector
U03173,2026-01-26,Canada,iOS,referral,55+,casual
U03174,2026-01-21,Germany,Android,paid_social,18-24,collector
U03175,2026-03-01,United Kingdom,Web,organic,25-34,casual
U03176,2026-02-03,India,Android,organic,35-44,casual
U03177,2026-02-06,United States,Android,store_feature,45-54,collector
U03178,2026-01-18,Germany,Android,organic,35-44,competitive
U03179,2026-01-13,Brazil,iOS,referral,25-34,competitive
U03180,2026-01-11,Canada,Android,referral,25-34,casual
U03181,2026-01-14,Japan,Android,referral,25-34,casual
U03182,2026-01-12,Canada,Android,paid_social,35-44,casual
U03183,2026-02-14,United States,Android,organic,25-34,competitive
U03184,2026-01-04,Germany,Android,store_feature,35-44,casual
U03185,2026-02-07,United Kingdom,Android,organic,18-24,casual
U03186,2026-02-26,United States,Android,organic,25-34,casual
U03187,2026-02-15,United States,Android,influencer,55+,collector
U03188,2026-01-25,United States,Web,organic,25-34,competitive
U03189,2026-01-04,Japan,Android,organic,35-44,casual
U03190,2026-02-20,India,Web,influencer,25-34,collector
U03191,2026-01-01,Germany,Web,organic,45-54,casual
U03192,2026-02-10,United States,Android,organic,18-24,casual
U03193,2026-02-10,United Kingdom,iOS,paid_social,25-34,casual
U03194,2026-01-12,Japan,iOS,store_feature,45-54,collector
U03195,2026-02-14,Brazil,Android,influencer,35-44,casual
U03196,2026-01-11,United States,iOS,referral,25-34,casual
U03197,2026-01-14,United States,Android,influencer,25-34,collector
U03198,2026-02-18,India,Android,organic,25-34,competitive
U03199,2026-02-28,Japan,Web,paid_social,45-54,competitive
U03200,2026-01-16,United States,Android,organic,35-44,competitive
U03201,2026-02-25,Japan,Android,influencer,45-54,competitive
U03202,2026-02-24,United States,iOS,influencer,55+,casual
U03203,2026-02-16,United States,iOS,organic,25-34,competitive
U03204,2026-01-09,Brazil,Android,store_feature,35-44,casual
U03205,2026-01-18,United Kingdom,iOS,referral,35-44,casual
U03206,2026-02-10,Canada,Android,organic,45-54,collector
U03207,2026-03-01,India,Web,paid_social,35-44,casual
U03208,2026-02-18,Japan,Android,influencer,18-24,casual
U03209,2026-01-26,United States,Android,organic,55+,casual
U03210,2026-01-15,Germany,Android,organic,35-44,competitive
U03211,2026-02-27,Japan,Android,influencer,45-54,collector
U03212,2026-01-17,Germany,Android,paid_social,25-34,casual
U03213,2026-01-21,India,Android,paid_social,25-34,casual
U03214,2026-02-27,Brazil,iOS,referral,35-44,competitive
U03215,2026-02-03,United States,Android,paid_social,35-44,competitive
U03216,2026-01-16,United States,iOS,organic,18-24,casual
U03217,2026-01-01,Japan,Android,organic,25-34,casual
U03218,2026-01-26,India,Android,store_feature,35-44,competitive
U03219,2026-03-01,United States,iOS,paid_social,55+,casual
U03220,2026-01-26,United States,Android,referral,18-24,competitive
U03221,2026-02-11,Japan,iOS,store_feature,25-34,casual
U03222,2026-01-16,United States,iOS,organic,25-34,competitive
U03223,2026-02-16,United States,iOS,store_feature,18-24,competitive
U03224,2026-02-16,India,iOS,referral,18-24,competitive
U03225,2026-02-06,Japan,Web,influencer,25-34,competitive
U03226,2026-02-16,India,Web,organic,35-44,casual
U03227,2026-02-04,Brazil,Android,organic,25-34,casual
U03228,2026-01-23,Canada,Android,referral,25-34,casual
U03229,2026-02-14,India,Android,influencer,55+,competitive
U03230,2026-02-20,United States,Web,influencer,25-34,competitive
U03231,2026-02-20,United States,Android,paid_social,35-44,casual
U03232,2026-01-13,India,iOS,paid_social,25-34,competitive
U03233,2026-02-10,Brazil,Android,organic,45-54,casual
U03234,2026-01-01,India,Web,referral,45-54,casual
U03235,2026-02-04,United States,iOS,store_feature,25-34,casual
U03236,2026-02-04,India,Android,store_feature,35-44,collector
U03237,2026-01-22,Germany,iOS,paid_social,35-44,casual
U03238,2026-03-01,Brazil,iOS,influencer,25-34,casual
U03239,2026-02-22,India,Android,organic,35-44,competitive
U03240,2026-01-03,Canada,iOS,paid_social,25-34,casual
U03241,2026-01-13,Brazil,Web,paid_social,25-34,casual
U03242,2026-01-13,Brazil,Android,paid_social,55+,casual
U03243,2026-02-23,Japan,iOS,referral,18-24,casual
U03244,2026-02-01,India,Android,paid_social,18-24,casual
U03245,2026-02-13,Brazil,Android,organic,18-24,casual
U03246,2026-02-18,United States,Android,organic,55+,competitive
U03247,2026-02-16,United States,Android,paid_social,18-24,competitive
U03248,2026-01-06,India,Android,referral,18-24,collector
U03249,2026-01-09,India,Android,paid_social,35-44,casual
U03250,2026-01-24,India,iOS,paid_social,35-44,casual
U03251,2026-01-21,United States,iOS,organic,25-34,casual
U03252,2026-02-14,Canada,iOS,store_feature,55+,casual
U03253,2026-01-10,Brazil,Android,paid_social,18-24,competitive
U03254,2026-01-23,Brazil,iOS,paid_social,35-44,casual
U03255,2026-01-15,United States,Android,paid_social,35-44,competitive
U03256,2026-01-12,Germany,Android,organic,25-34,competitive
U03257,2026-01-11,United States,Android,organic,45-54,casual
U03258,2026-01-12,United Kingdom,Android,organic,25-34,collector
U03259,2026-02-03,United States,Web,referral,18-24,casual
U03260,2026-01-25,United States,Web,organic,18-24,collector
U03261,2026-01-27,United States,iOS,organic,18-24,competitive
U03262,2026-01-29,India,Android,influencer,45-54,casual
U03263,2026-02-14,Brazil,iOS,paid_social,18-24,casual
U03264,2026-02-21,India,Android,paid_social,45-54,casual
U03265,2026-02-01,United Kingdom,Android,paid_social,18-24,competitive
U03266,2026-02-08,Canada,iOS,organic,55+,casual
U03267,2026-02-14,Canada,iOS,organic,45-54,competitive
U03268,2026-02-11,Germany,Android,store_feature,18-24,casual
U03269,2026-01-09,Canada,Android,paid_social,18-24,collector
U03270,2026-02-28,Brazil,Android,referral,35-44,casual
U03271,2026-01-10,Japan,iOS,influencer,18-24,competitive
U03272,2026-01-25,Japan,iOS,organic,25-34,competitive
U03273,2026-02-09,United States,Android,referral,35-44,casual
U03274,2026-01-25,United Kingdom,Android,organic,45-54,casual
U03275,2026-01-15,United States,iOS,paid_social,35-44,competitive
U03276,2026-02-25,United States,iOS,store_feature,45-54,competitive
U03277,2026-01-05,Brazil,Web,organic,25-34,competitive
U03278,2026-01-15,Germany,Android,influencer,35-44,casual
U03279,2026-03-01,Brazil,Android,paid_social,25-34,collector
U03280,2026-02-13,United States,Android,paid_social,35-44,collector
U03281,2026-01-06,India,Android,organic,35-44,competitive
U03282,2026-02-15,India,Android,paid_social,25-34,casual
U03283,2026-02-28,United Kingdom,iOS,paid_social,55+,casual
U03284,2026-01-06,Japan,iOS,organic,25-34,collector
U03285,2026-01-25,United States,Web,paid_social,35-44,competitive
U03286,2026-01-29,Brazil,Web,organic,25-34,competitive
U03287,2026-01-08,Japan,Android,influencer,25-34,collector
U03288,2026-01-13,Japan,iOS,organic,25-34,casual
U03289,2026-01-11,Japan,iOS,paid_social,55+,competitive
U03290,2026-01-12,United Kingdom,iOS,store_feature,25-34,competitive
U03291,2026-01-25,Japan,Web,referral,35-44,competitive
U03292,2026-01-28,Brazil,Android,influencer,25-34,competitive
U03293,2026-01-15,United States,Android,influencer,45-54,casual
U03294,2026-01-18,United States,Web,organic,35-44,casual
U03295,2026-01-12,Japan,iOS,paid_social,18-24,collector
U03296,2026-02-17,Germany,Android,referral,25-34,competitive
U03297,2026-01-13,United Kingdom,iOS,organic,35-44,casual
U03298,2026-02-24,India,iOS,referral,18-24,collector
U03299,2026-02-02,Brazil,Web,organic,25-34,casual
U03300,2026-02-18,Canada,Web,influencer,25-34,casual
U03301,2026-02-08,Canada,iOS,referral,18-24,collector
U03302,2026-01-16,Germany,iOS,paid_social,55+,competitive
U03303,2026-02-06,Japan,Android,paid_social,45-54,collector
U03304,2026-01-17,Germany,iOS,influencer,35-44,collector
U03305,2026-01-08,United Kingdom,Android,referral,18-24,casual
U03306,2026-01-16,Brazil,Android,store_feature,55+,casual
U03307,2026-01-17,Brazil,iOS,store_feature,35-44,competitive
U03308,2026-01-09,Japan,iOS,organic,55+,casual
U03309,2026-01-02,United States,iOS,organic,18-24,competitive
U03310,2026-02-26,Brazil,Web,organic,18-24,casual
U03311,2026-01-31,United Kingdom,iOS,referral,35-44,casual
U03312,2026-01-25,United States,Android,referral,45-54,casual
U03313,2026-02-25,Brazil,iOS,organic,18-24,competitive
U03314,2026-01-14,Brazil,Android,influencer,25-34,competitive
U03315,2026-01-25,United Kingdom,iOS,organic,25-34,casual
U03316,2026-02-20,Japan,iOS,store_feature,55+,casual
U03317,2026-02-07,Canada,Android,paid_social,35-44,casual
U03318,2026-01-24,United States,Android,paid_social,45-54,competitive
U03319,2026-01-16,Canada,iOS,organic,35-44,casual
U03320,2026-01-03,Canada,iOS,referral,45-54,competitive
U03321,2026-01-06,Brazil,Web,store_feature,25-34,competitive
U03322,2026-01-10,Japan,iOS,organic,18-24,casual
U03323,2026-02-17,Brazil,iOS,paid_social,35-44,competitive
U03324,2026-02-08,United States,Android,paid_social,35-44,collector
U03325,2026-01-27,Canada,iOS,paid_social,25-34,casual
U03326,2026-02-16,United States,Android,paid_social,25-34,casual
U03327,2026-01-10,Brazil,Android,paid_social,35-44,casual
U03328,2026-01-13,United States,Android,store_feature,45-54,competitive
U03329,2026-01-24,United Kingdom,Android,referral,25-34,collector
U03330,2026-02-25,Japan,Android,organic,45-54,competitive
U03331,2026-02-06,Brazil,Android,store_feature,25-34,collector
U03332,2026-02-21,United States,iOS,organic,18-24,competitive
U03333,2026-01-15,Canada,iOS,influencer,18-24,casual
U03334,2026-02-20,Brazil,Android,paid_social,25-34,casual
U03335,2026-01-05,Germany,iOS,organic,18-24,competitive
U03336,2026-01-14,United States,iOS,referral,35-44,competitive
U03337,2026-02-01,Japan,iOS,organic,35-44,casual
U03338,2026-01-04,United Kingdom,Android,store_feature,25-34,casual
U03339,2026-02-21,United Kingdom,iOS,influencer,45-54,casual
U03340,2026-02-22,United States,Android,referral,55+,casual
U03341,2026-02-02,Canada,Android,paid_social,25-34,competitive
U03342,2026-01-19,Canada,Android,paid_social,18-24,competitive
U03343,2026-01-06,United States,iOS,paid_social,18-24,competitive
U03344,2026-02-07,Germany,Android,organic,35-44,casual
U03345,2026-02-02,United Kingdom,iOS,influencer,25-34,collector
U03346,2026-02-15,India,Web,organic,35-44,casual
U03347,2026-02-06,India,Android,organic,35-44,casual
U03348,2026-01-08,United States,iOS,organic,35-44,competitive
U03349,2026-01-08,United States,Android,influencer,18-24,collector
U03350,2026-02-16,Japan,Android,influencer,25-34,collector
U03351,2026-01-10,India,Android,paid_social,25-34,casual
U03352,2026-02-26,Japan,Android,organic,45-54,casual
U03353,2026-01-07,United States,Android,store_feature,35-44,competitive
U03354,2026-02-13,United States,Android,paid_social,35-44,competitive
U03355,2026-02-28,United States,Web,influencer,35-44,casual
U03356,2026-01-27,Japan,iOS,influencer,25-34,casual
U03357,2026-01-04,Germany,Android,referral,18-24,casual
U03358,2026-02-22,United Kingdom,Android,organic,18-24,casual
U03359,2026-01-12,Germany,Android,referral,18-24,casual
U03360,2026-02-01,United States,Android,influencer,18-24,competitive
U03361,2026-03-01,Germany,iOS,paid_social,25-34,casual
U03362,2026-02-14,United States,Android,influencer,35-44,competitive
U03363,2026-01-03,Brazil,iOS,paid_social,18-24,competitive
U03364,2026-02-19,Brazil,iOS,influencer,18-24,casual
U03365,2026-01-10,Brazil,Android,referral,18-24,casual
U03366,2026-02-14,Canada,iOS,organic,25-34,collector
U03367,2026-02-07,Japan,iOS,paid_social,18-24,competitive
U03368,2026-01-18,Brazil,iOS,organic,18-24,collector
U03369,2026-01-26,United States,Android,paid_social,25-34,casual
U03370,2026-01-08,United States,Web,influencer,55+,competitive
U03371,2026-03-01,Germany,Android,organic,25-34,collector
U03372,2026-01-15,United States,iOS,influencer,18-24,casual
U03373,2026-01-19,United States,Android,organic,25-34,casual
U03374,2026-01-31,United States,iOS,referral,18-24,collector
U03375,2026-02-10,United States,Web,influencer,25-34,casual
U03376,2026-01-31,United Kingdom,Android,referral,25-34,casual
U03377,2026-01-31,Germany,iOS,influencer,45-54,collector
U03378,2026-02-04,United States,Android,influencer,45-54,casual
U03379,2026-02-21,Brazil,iOS,referral,35-44,competitive
U03380,2026-01-24,United States,Android,store_feature,18-24,competitive
U03381,2026-02-19,Canada,iOS,organic,25-34,competitive
U03382,2026-02-17,United States,Web,paid_social,25-34,casual
U03383,2026-02-27,Japan,Android,organic,35-44,casual
U03384,2026-02-24,India,Web,store_feature,18-24,competitive
U03385,2026-02-17,United Kingdom,Web,referral,35-44,competitive
U03386,2026-01-15,United States,iOS,paid_social,25-34,casual
U03387,2026-02-16,United States,Android,influencer,25-34,casual
U03388,2026-02-14,United States,Android,organic,25-34,casual
U03389,2026-01-18,Japan,iOS,influencer,25-34,casual
U03390,2026-02-10,United States,iOS,organic,35-44,competitive
U03391,2026-01-16,India,iOS,paid_social,25-34,collector
U03392,2026-02-01,Germany,iOS,referral,18-24,casual
U03393,2026-02-17,United Kingdom,Web,paid_social,18-24,collector
U03394,2026-01-12,Japan,Android,referral,45-54,competitive
U03395,2026-01-21,United States,Android,store_feature,25-34,competitive
U03396,2026-02-17,Japan,Web,store_feature,35-44,collector
U03397,2026-01-28,United States,iOS,organic,25-34,casual
U03398,2026-02-27,Japan,Android,organic,35-44,collector
U03399,2026-01-01,United Kingdom,iOS,organic,35-44,casual
U03400,2026-02-13,United States,iOS,paid_social,18-24,casual
U03401,2026-02-18,Japan,iOS,organic,25-34,competitive
U03402,2026-02-25,United States,iOS,organic,25-34,casual
U03403,2026-01-10,United States,iOS,store_feature,18-24,competitive
U03404,2026-03-01,Japan,Android,influencer,35-44,casual
U03405,2026-01-24,United Kingdom,iOS,store_feature,18-24,casual
U03406,2026-01-22,India,iOS,organic,18-24,competitive
U03407,2026-01-22,Germany,Android,paid_social,35-44,casual
U03408,2026-02-08,Germany,iOS,organic,45-54,casual
U03409,2026-02-09,United States,Android,paid_social,18-24,casual
U03410,2026-01-29,United States,Web,paid_social,35-44,collector
U03411,2026-01-05,India,Android,influencer,18-24,competitive
U03412,2026-03-01,United States,Android,referral,35-44,casual
U03413,2026-01-14,United Kingdom,Android,organic,25-34,competitive
U03414,2026-01-06,United States,Android,referral,35-44,competitive
U03415,2026-02-05,United States,Web,influencer,25-34,casual
U03416,2026-01-25,Germany,Web,organic,25-34,casual
U03417,2026-02-06,Japan,Android,store_feature,45-54,competitive
U03418,2026-02-22,Japan,Android,organic,18-24,casual
U03419,2026-01-06,Japan,Android,organic,18-24,collector
U03420,2026-01-18,United States,iOS,influencer,25-34,casual
U03421,2026-01-31,United Kingdom,Android,organic,25-34,competitive
U03422,2026-02-17,United States,Android,referral,18-24,casual
U03423,2026-02-06,Brazil,Android,organic,25-34,competitive
U03424,2026-01-23,Canada,iOS,paid_social,25-34,collector
U03425,2026-02-06,Germany,iOS,referral,35-44,casual
U03426,2026-02-28,United States,iOS,store_feature,45-54,casual
U03427,2026-01-29,Japan,Android,store_feature,25-34,competitive
U03428,2026-02-23,Japan,Web,referral,25-34,casual
U03429,2026-02-16,Japan,Web,paid_social,25-34,casual
U03430,2026-01-19,United States,iOS,organic,18-24,competitive
U03431,2026-01-15,India,iOS,referral,35-44,casual
U03432,2026-02-16,United States,Android,paid_social,45-54,casual
U03433,2026-01-13,Canada,Android,organic,35-44,casual
U03434,2026-01-21,United States,Android,influencer,55+,casual
U03435,2026-01-15,United States,iOS,organic,25-34,collector
U03436,2026-02-06,Germany,iOS,organic,35-44,casual
U03437,2026-01-18,United States,Android,influencer,18-24,casual
U03438,2026-02-09,Canada,Android,paid_social,55+,competitive
U03439,2026-02-26,Brazil,iOS,referral,25-34,competitive
U03440,2026-02-19,Japan,Web,organic,25-34,casual
U03441,2026-02-26,Brazil,Android,paid_social,35-44,competitive
U03442,2026-01-02,Germany,Web,referral,25-34,competitive
U03443,2026-01-28,United States,Android,organic,55+,casual
U03444,2026-01-14,Japan,Android,referral,35-44,casual
U03445,2026-02-25,United States,Web,organic,45-54,competitive
U03446,2026-02-12,United States,Web,organic,25-34,casual
U03447,2026-01-20,United States,Web,organic,25-34,casual
U03448,2026-02-03,Brazil,Android,organic,35-44,competitive
U03449,2026-02-06,Canada,Android,organic,18-24,casual
U03450,2026-01-30,Brazil,iOS,store_feature,18-24,casual
U03451,2026-01-29,Canada,iOS,paid_social,55+,casual
U03452,2026-01-04,United Kingdom,Web,organic,45-54,collector
U03453,2026-01-28,United Kingdom,iOS,paid_social,55+,competitive
U03454,2026-01-21,United States,Android,organic,18-24,casual
U03455,2026-02-19,United Kingdom,Web,paid_social,25-34,casual
U03456,2026-02-21,Brazil,Web,influencer,45-54,collector
U03457,2026-02-15,Germany,Web,referral,18-24,competitive
U03458,2026-01-02,United States,Android,referral,25-34,competitive
U03459,2026-02-20,Brazil,Android,organic,25-34,casual
U03460,2026-01-24,Canada,Web,organic,45-54,casual
U03461,2026-01-25,United States,iOS,referral,25-34,casual
U03462,2026-02-26,United States,iOS,paid_social,25-34,competitive
U03463,2026-02-22,United Kingdom,Web,referral,25-34,collector
U03464,2026-01-04,Canada,Android,influencer,18-24,casual
U03465,2026-01-22,Brazil,Android,paid_social,35-44,competitive
U03466,2026-02-14,United States,iOS,store_feature,35-44,collector
U03467,2026-02-02,Japan,Android,paid_social,35-44,collector
U03468,2026-01-16,United States,Web,organic,25-34,casual
U03469,2026-02-01,Germany,Android,organic,25-34,casual
U03470,2026-02-21,Japan,iOS,paid_social,18-24,collector
U03471,2026-01-14,Canada,Android,organic,55+,casual
U03472,2026-02-14,United States,Web,referral,25-34,casual
U03473,2026-02-14,United Kingdom,Web,referral,25-34,casual
U03474,2026-02-23,India,iOS,paid_social,25-34,casual
U03475,2026-01-18,India,Android,paid_social,55+,casual
U03476,2026-01-13,United States,iOS,referral,35-44,competitive
U03477,2026-02-02,Brazil,Android,paid_social,18-24,collector
U03478,2026-02-01,Canada,iOS,store_feature,35-44,casual
U03479,2026-01-25,United States,Android,organic,25-34,collector
U03480,2026-02-16,Brazil,Android,influencer,35-44,collector
U03481,2026-02-17,United Kingdom,iOS,organic,55+,competitive
U03482,2026-01-15,United Kingdom,iOS,organic,35-44,competitive
U03483,2026-02-17,Japan,iOS,referral,45-54,collector
U03484,2026-01-14,Canada,iOS,organic,25-34,competitive
U03485,2026-01-25,Brazil,Android,organic,25-34,casual
U03486,2026-01-02,Canada,iOS,organic,35-44,collector
U03487,2026-01-21,United States,iOS,referral,35-44,casual
U03488,2026-02-27,Canada,Web,paid_social,18-24,collector
U03489,2026-01-27,India,iOS,organic,25-34,casual
U03490,2026-02-12,United Kingdom,Web,paid_social,18-24,casual
U03491,2026-01-07,United States,Android,organic,18-24,competitive
U03492,2026-02-08,Brazil,Android,influencer,45-54,competitive
U03493,2026-01-23,India,Android,organic,18-24,casual
U03494,2026-02-14,India,iOS,paid_social,35-44,collector
U03495,2026-02-25,Germany,Android,paid_social,25-34,casual
U03496,2026-02-01,Canada,Android,paid_social,35-44,casual
U03497,2026-01-07,Germany,iOS,influencer,45-54,competitive
U03498,2026-01-29,Japan,Android,paid_social,35-44,casual
U03499,2026-01-08,Japan,Android,referral,45-54,casual
U03500,2026-01-27,Japan,Web,paid_social,25-34,casual
U03501,2026-01-04,United Kingdom,Android,referral,25-34,casual
U03502,2026-02-08,United States,iOS,paid_social,35-44,collector
U03503,2026-01-19,Germany,Web,organic,35-44,casual
U03504,2026-01-13,United States,Web,organic,35-44,competitive
U03505,2026-01-02,United States,Android,organic,35-44,competitive
U03506,2026-02-23,United Kingdom,iOS,influencer,18-24,casual
U03507,2026-02-20,Brazil,Android,store_feature,25-34,collector
U03508,2026-02-18,Japan,Android,organic,55+,casual
U03509,2026-01-04,Japan,iOS,paid_social,25-34,casual
U03510,2026-01-21,Japan,Web,referral,35-44,competitive
U03511,2026-02-28,Japan,Android,paid_social,25-34,competitive
U03512,2026-02-04,Brazil,Web,paid_social,45-54,casual
U03513,2026-01-08,United States,Android,referral,45-54,competitive
U03514,2026-01-09,Germany,iOS,organic,25-34,collector
U03515,2026-01-16,United States,Web,paid_social,45-54,casual
U03516,2026-02-28,United States,Android,organic,25-34,competitive
U03517,2026-01-11,United States,Android,organic,25-34,casual
U03518,2026-02-24,Japan,iOS,referral,45-54,casual
U03519,2026-02-10,Brazil,iOS,referral,25-34,casual
U03520,2026-02-25,India,Android,influencer,25-34,casual
U03521,2026-02-19,India,Android,organic,35-44,competitive
U03522,2026-01-20,India,Web,referral,55+,casual
U03523,2026-02-19,United States,Web,influencer,18-24,casual
U03524,2026-01-11,Japan,Android,referral,35-44,casual
U03525,2026-01-18,Japan,iOS,influencer,25-34,casual
U03526,2026-01-13,Japan,Android,influencer,25-34,competitive
U03527,2026-01-08,United States,iOS,store_feature,35-44,casual
U03528,2026-01-06,United States,Android,influencer,25-34,casual
U03529,2026-01-12,India,Android,referral,35-44,casual
U03530,2026-01-08,United States,Web,paid_social,35-44,casual
U03531,2026-01-23,Canada,iOS,influencer,55+,competitive
U03532,2026-01-05,United Kingdom,iOS,store_feature,35-44,casual
U03533,2026-01-04,United States,Web,organic,18-24,competitive
U03534,2026-03-01,United States,Android,organic,35-44,competitive
U03535,2026-01-06,India,Web,organic,35-44,casual
U03536,2026-01-05,Japan,Web,store_feature,18-24,casual
U03537,2026-01-02,India,Android,organic,35-44,casual
U03538,2026-01-08,United States,Android,organic,35-44,casual
U03539,2026-02-01,United States,Android,paid_social,18-24,casual
U03540,2026-02-19,United Kingdom,Android,organic,25-34,collector
U03541,2026-02-14,United Kingdom,Web,influencer,25-34,casual
U03542,2026-02-04,United States,iOS,paid_social,25-34,casual
U03543,2026-01-06,Japan,Android,organic,45-54,competitive
U03544,2026-02-16,India,iOS,organic,18-24,collector
U03545,2026-01-03,United Kingdom,Android,store_feature,35-44,casual
U03546,2026-02-07,Canada,Android,referral,35-44,casual
U03547,2026-01-25,Canada,Web,paid_social,25-34,casual
U03548,2026-02-22,United States,Android,organic,25-34,competitive
U03549,2026-01-19,United States,iOS,influencer,18-24,competitive
U03550,2026-02-08,United Kingdom,iOS,store_feature,18-24,casual
U03551,2026-01-27,United Kingdom,iOS,referral,25-34,casual
U03552,2026-02-01,Germany,iOS,paid_social,18-24,casual
U03553,2026-02-26,Japan,Web,influencer,35-44,competitive
U03554,2026-02-12,United States,iOS,referral,35-44,casual
U03555,2026-01-25,United States,iOS,paid_social,18-24,casual
U03556,2026-01-27,United States,Android,influencer,25-34,casual
U03557,2026-02-12,United States,iOS,influencer,45-54,competitive
U03558,2026-01-21,Germany,iOS,referral,25-34,casual
U03559,2026-01-11,Japan,Web,store_feature,35-44,collector
U03560,2026-01-29,India,iOS,paid_social,18-24,casual
U03561,2026-01-05,Germany,iOS,paid_social,45-54,casual
U03562,2026-01-11,Canada,Android,organic,25-34,casual
U03563,2026-01-26,United States,iOS,paid_social,25-34,casual
U03564,2026-02-17,Canada,iOS,paid_social,25-34,casual
U03565,2026-02-16,Canada,iOS,paid_social,25-34,casual
U03566,2026-01-16,Japan,iOS,influencer,35-44,casual
U03567,2026-01-26,United Kingdom,Web,organic,18-24,casual
U03568,2026-01-10,United States,Android,store_feature,18-24,competitive
U03569,2026-02-15,United States,iOS,organic,18-24,casual
U03570,2026-01-15,United States,iOS,organic,35-44,competitive
U03571,2026-02-17,India,Web,organic,45-54,collector
U03572,2026-02-20,United States,iOS,paid_social,18-24,competitive
U03573,2026-02-11,United States,Web,paid_social,45-54,casual
U03574,2026-01-20,United States,iOS,organic,35-44,competitive
U03575,2026-02-27,Japan,Web,referral,18-24,competitive
U03576,2026-02-11,United Kingdom,iOS,paid_social,18-24,casual
U03577,2026-02-08,Germany,iOS,organic,25-34,casual
U03578,2026-02-21,Canada,Android,paid_social,18-24,casual
U03579,2026-02-22,United States,iOS,organic,35-44,casual
U03580,2026-01-05,Japan,Android,organic,25-34,casual
U03581,2026-02-22,United States,Android,organic,25-34,casual
U03582,2026-02-15,United States,Android,referral,35-44,competitive
U03583,2026-01-13,Germany,iOS,referral,25-34,casual
U03584,2026-01-19,United States,Android,store_feature,45-54,casual
U03585,2026-02-15,United States,iOS,referral,35-44,collector
U03586,2026-01-13,Japan,Web,paid_social,25-34,casual
U03587,2026-01-28,United Kingdom,Android,organic,25-34,casual
U03588,2026-02-11,United States,Android,organic,18-24,casual
U03589,2026-02-09,Canada,Web,referral,55+,casual
U03590,2026-02-24,Brazil,Android,organic,25-34,casual
U03591,2026-01-07,United States,Android,organic,45-54,casual
U03592,2026-01-18,United States,iOS,influencer,55+,collector
U03593,2026-03-01,Germany,Android,organic,25-34,collector
U03594,2026-02-04,Germany,iOS,organic,35-44,casual
U03595,2026-01-15,India,iOS,influencer,25-34,competitive
U03596,2026-01-18,Canada,Android,organic,18-24,competitive
U03597,2026-01-21,United States,iOS,paid_social,55+,competitive
U03598,2026-02-03,United Kingdom,Android,organic,25-34,casual
U03599,2026-01-18,Germany,iOS,paid_social,45-54,competitive
U03600,2026-02-07,United States,Android,influencer,35-44,casual
U03601,2026-01-27,Germany,Web,referral,18-24,casual
U03602,2026-02-06,United States,iOS,paid_social,25-34,collector
U03603,2026-01-10,Japan,Android,organic,18-24,casual
U03604,2026-02-07,Japan,Android,paid_social,18-24,casual
U03605,2026-02-25,United Kingdom,Web,paid_social,35-44,casual
U03606,2026-01-09,India,iOS,organic,18-24,collector
U03607,2026-01-20,India,Android,organic,55+,casual
U03608,2026-02-11,United States,Android,referral,25-34,casual
U03609,2026-02-07,Canada,Android,store_feature,25-34,competitive
U03610,2026-02-10,Germany,iOS,influencer,25-34,casual
U03611,2026-02-03,United States,iOS,store_feature,18-24,casual
U03612,2026-02-10,Canada,Android,paid_social,25-34,competitive
U03613,2026-02-06,United States,iOS,store_feature,25-34,collector
U03614,2026-01-05,India,Android,influencer,35-44,competitive
U03615,2026-02-15,Canada,Android,organic,25-34,casual
U03616,2026-01-27,Japan,Android,paid_social,18-24,casual
U03617,2026-01-04,Canada,iOS,organic,25-34,competitive
U03618,2026-01-25,United States,iOS,influencer,25-34,casual
U03619,2026-01-27,Japan,Android,influencer,18-24,competitive
U03620,2026-01-06,United States,Android,store_feature,35-44,casual
U03621,2026-03-01,United States,Web,organic,18-24,collector
U03622,2026-01-14,Canada,Android,influencer,25-34,casual
U03623,2026-01-20,Brazil,Android,organic,25-34,collector
U03624,2026-01-27,Canada,iOS,organic,25-34,casual
U03625,2026-02-19,United States,Web,paid_social,55+,competitive
U03626,2026-02-14,Canada,iOS,store_feature,45-54,casual
U03627,2026-02-16,United States,iOS,influencer,35-44,casual
U03628,2026-01-15,United States,iOS,organic,25-34,casual
U03629,2026-02-20,United Kingdom,iOS,paid_social,25-34,casual
U03630,2026-02-19,United States,Android,paid_social,18-24,casual
U03631,2026-01-28,United States,iOS,organic,45-54,casual
U03632,2026-02-02,Brazil,iOS,store_feature,25-34,collector
U03633,2026-01-03,Brazil,iOS,organic,25-34,competitive
U03634,2026-02-15,United States,Web,organic,35-44,competitive
U03635,2026-02-27,Canada,Android,paid_social,35-44,casual
U03636,2026-01-29,United States,Web,referral,25-34,casual
U03637,2026-02-02,India,Web,store_feature,18-24,casual
U03638,2026-01-30,United States,Web,organic,45-54,casual
U03639,2026-01-05,United States,Android,organic,18-24,competitive
U03640,2026-02-07,United Kingdom,iOS,influencer,55+,competitive
U03641,2026-02-13,United States,iOS,paid_social,25-34,casual
U03642,2026-02-25,United States,iOS,paid_social,55+,casual
U03643,2026-02-25,United States,Android,organic,45-54,casual
U03644,2026-01-30,Brazil,iOS,influencer,25-34,casual
U03645,2026-02-27,Germany,iOS,referral,35-44,casual
U03646,2026-02-01,Brazil,Android,organic,18-24,casual
U03647,2026-02-08,Japan,iOS,organic,18-24,casual
U03648,2026-02-06,Canada,iOS,organic,25-34,casual
U03649,2026-03-01,India,iOS,organic,35-44,competitive
U03650,2026-02-14,Brazil,Android,organic,18-24,collector
U03651,2026-01-08,Japan,iOS,organic,25-34,casual
U03652,2026-01-05,Brazil,iOS,organic,55+,casual
U03653,2026-01-25,Canada,iOS,paid_social,45-54,casual
U03654,2026-01-31,United States,Android,paid_social,18-24,competitive
U03655,2026-02-10,United Kingdom,iOS,paid_social,25-34,casual
U03656,2026-01-29,United States,iOS,store_feature,18-24,competitive
U03657,2026-01-31,United Kingdom,Web,organic,25-34,casual
U03658,2026-02-25,United States,Web,influencer,45-54,collector
U03659,2026-01-21,United States,iOS,influencer,55+,casual
U03660,2026-01-30,India,iOS,influencer,18-24,casual
U03661,2026-02-03,Brazil,iOS,organic,18-24,casual
U03662,2026-01-29,Germany,Android,organic,25-34,casual
U03663,2026-02-28,Canada,iOS,referral,25-34,casual
U03664,2026-02-27,Germany,Web,organic,18-24,collector
U03665,2026-01-31,India,Android,organic,18-24,competitive
U03666,2026-01-28,Brazil,Android,organic,25-34,collector
U03667,2026-02-05,Germany,iOS,paid_social,18-24,collector
U03668,2026-01-11,United Kingdom,Web,store_feature,45-54,casual
U03669,2026-01-26,Canada,Android,organic,35-44,collector
U03670,2026-01-14,Brazil,Android,influencer,25-34,competitive
U03671,2026-01-09,India,iOS,store_feature,25-34,casual
U03672,2026-01-06,United Kingdom,Android,organic,45-54,competitive
U03673,2026-02-05,Canada,Android,paid_social,18-24,collector
U03674,2026-01-01,United Kingdom,Web,organic,45-54,competitive
U03675,2026-02-08,United Kingdom,Android,influencer,18-24,competitive
U03676,2026-01-26,India,Android,referral,45-54,casual
U03677,2026-01-22,Brazil,Android,referral,18-24,competitive
U03678,2026-02-16,Canada,Android,referral,35-44,casual
U03679,2026-02-02,Canada,Web,organic,18-24,competitive
U03680,2026-02-14,United Kingdom,Android,influencer,35-44,competitive
U03681,2026-02-12,United States,iOS,influencer,25-34,casual
U03682,2026-01-02,United Kingdom,iOS,referral,18-24,casual
U03683,2026-01-13,Japan,Android,paid_social,35-44,competitive
U03684,2026-02-04,Brazil,Web,organic,18-24,casual
U03685,2026-02-28,United States,iOS,organic,25-34,casual
U03686,2026-01-10,Brazil,iOS,organic,25-34,casual
U03687,2026-01-07,Brazil,Web,paid_social,35-44,competitive
U03688,2026-02-26,United States,Android,store_feature,45-54,casual
U03689,2026-02-28,Germany,iOS,influencer,25-34,casual
U03690,2026-01-11,Germany,iOS,organic,35-44,collector
U03691,2026-01-25,Japan,iOS,organic,45-54,casual
U03692,2026-02-07,United States,iOS,organic,35-44,collector
U03693,2026-01-12,United States,Android,influencer,25-34,casual
U03694,2026-01-20,United Kingdom,Android,store_feature,25-34,casual
U03695,2026-01-24,United States,Android,paid_social,18-24,competitive
U03696,2026-02-08,Canada,Android,paid_social,25-34,casual
U03697,2026-01-19,Japan,iOS,paid_social,18-24,collector
U03698,2026-01-25,United States,iOS,organic,35-44,casual
U03699,2026-01-18,United Kingdom,iOS,organic,35-44,competitive
U03700,2026-02-15,India,iOS,organic,35-44,casual
U03701,2026-01-10,United Kingdom,Android,organic,18-24,competitive
U03702,2026-01-14,United Kingdom,iOS,paid_social,18-24,casual
U03703,2026-01-15,Germany,Android,organic,35-44,competitive
U03704,2026-02-24,United States,iOS,referral,25-34,casual
U03705,2026-02-26,United States,iOS,paid_social,45-54,competitive
U03706,2026-01-31,Brazil,iOS,paid_social,25-34,casual
U03707,2026-01-10,Canada,Android,influencer,18-24,casual
U03708,2026-02-15,United States,Android,organic,35-44,competitive
U03709,2026-01-30,United States,Android,referral,35-44,casual
U03710,2026-02-20,Japan,iOS,organic,18-24,competitive
U03711,2026-01-22,United States,Android,referral,35-44,competitive
U03712,2026-03-01,Brazil,Android,paid_social,18-24,casual
U03713,2026-02-18,Canada,iOS,organic,18-24,competitive
U03714,2026-01-14,Germany,iOS,organic,18-24,casual
U03715,2026-02-13,United States,iOS,referral,35-44,competitive
U03716,2026-01-18,United States,iOS,referral,35-44,casual
U03717,2026-01-21,United Kingdom,Web,referral,18-24,casual
U03718,2026-01-16,Brazil,iOS,paid_social,35-44,competitive
U03719,2026-02-10,United States,Android,referral,35-44,collector
U03720,2026-01-16,United Kingdom,Android,paid_social,25-34,collector
U03721,2026-02-08,United Kingdom,iOS,organic,18-24,competitive
U03722,2026-02-04,United States,Android,paid_social,25-34,casual
U03723,2026-02-15,Germany,iOS,paid_social,18-24,casual
U03724,2026-03-01,United States,Android,store_feature,55+,casual
U03725,2026-01-01,United Kingdom,iOS,paid_social,35-44,competitive
U03726,2026-03-01,United States,iOS,paid_social,18-24,casual
U03727,2026-01-07,United Kingdom,iOS,influencer,25-34,collector
U03728,2026-02-01,Canada,Android,influencer,25-34,casual
U03729,2026-01-21,United Kingdom,Android,organic,18-24,casual
U03730,2026-02-08,United Kingdom,Android,influencer,25-34,competitive
U03731,2026-02-13,India,iOS,organic,18-24,casual
U03732,2026-02-21,United Kingdom,Web,store_feature,18-24,casual
U03733,2026-01-25,Japan,iOS,organic,25-34,casual
U03734,2026-02-25,United States,Android,paid_social,25-34,collector
U03735,2026-01-20,Canada,Android,influencer,25-34,casual
U03736,2026-01-13,United States,Android,organic,25-34,casual
U03737,2026-01-23,United Kingdom,Android,store_feature,25-34,casual
U03738,2026-02-01,Brazil,Android,paid_social,25-34,competitive
U03739,2026-02-10,Japan,Android,organic,25-34,casual
U03740,2026-02-19,Germany,iOS,influencer,55+,competitive
U03741,2026-01-14,Brazil,Android,paid_social,18-24,casual
U03742,2026-01-19,United States,iOS,influencer,25-34,collector
U03743,2026-02-26,United States,Android,store_feature,18-24,competitive
U03744,2026-01-27,Japan,Android,organic,25-34,competitive
U03745,2026-01-15,United States,Android,organic,25-34,casual
U03746,2026-03-01,United States,Android,organic,35-44,casual
U03747,2026-01-27,India,iOS,paid_social,55+,casual
U03748,2026-03-01,India,Android,organic,25-34,casual
U03749,2026-02-25,Germany,iOS,paid_social,18-24,casual
U03750,2026-02-24,Canada,Android,store_feature,35-44,casual
U03751,2026-02-04,Japan,Android,organic,18-24,casual
U03752,2026-02-17,United States,Android,referral,25-34,casual
U03753,2026-02-27,United Kingdom,iOS,paid_social,45-54,casual
U03754,2026-01-17,Canada,iOS,organic,25-34,casual
U03755,2026-01-03,India,Android,organic,25-34,competitive
U03756,2026-01-20,India,iOS,organic,18-24,casual
U03757,2026-02-08,Brazil,iOS,paid_social,18-24,competitive
U03758,2026-02-02,United States,iOS,organic,55+,casual
U03759,2026-01-05,United Kingdom,Android,store_feature,18-24,collector
U03760,2026-02-03,United States,iOS,store_feature,25-34,casual
U03761,2026-01-11,India,Android,organic,25-34,casual
U03762,2026-01-31,United States,Web,influencer,25-34,competitive
U03763,2026-02-04,United States,Android,influencer,18-24,casual
U03764,2026-02-08,Brazil,iOS,organic,18-24,casual
U03765,2026-01-25,United Kingdom,iOS,influencer,25-34,casual
U03766,2026-01-25,Japan,iOS,organic,25-34,collector
U03767,2026-02-10,United States,Android,referral,35-44,collector
U03768,2026-02-14,Japan,Android,organic,25-34,casual
U03769,2026-02-18,United States,iOS,store_feature,55+,competitive
U03770,2026-01-21,United States,iOS,store_feature,25-34,casual
U03771,2026-01-26,United Kingdom,iOS,influencer,25-34,casual
U03772,2026-01-20,United States,iOS,influencer,55+,casual
U03773,2026-02-01,Germany,Web,organic,45-54,casual
U03774,2026-01-08,United States,iOS,referral,25-34,collector
U03775,2026-01-26,United States,iOS,organic,25-34,competitive
U03776,2026-01-12,Brazil,iOS,organic,45-54,collector
U03777,2026-02-01,United States,iOS,organic,18-24,competitive
U03778,2026-02-21,Brazil,iOS,influencer,25-34,casual
U03779,2026-03-01,Brazil,iOS,referral,25-34,competitive
U03780,2026-01-27,United States,iOS,organic,45-54,casual
U03781,2026-01-04,Japan,iOS,influencer,25-34,collector
U03782,2026-01-14,United States,Android,store_feature,25-34,casual
U03783,2026-01-07,Canada,Android,organic,55+,competitive
U03784,2026-02-15,United States,iOS,paid_social,18-24,competitive
U03785,2026-03-01,Japan,Web,referral,35-44,casual
U03786,2026-02-03,Germany,iOS,referral,18-24,casual
U03787,2026-01-11,United Kingdom,Web,paid_social,35-44,casual
U03788,2026-01-02,India,Web,paid_social,25-34,casual
U03789,2026-02-28,Canada,Android,organic,25-34,collector
U03790,2026-01-19,India,iOS,paid_social,25-34,casual
U03791,2026-01-07,Brazil,Android,paid_social,45-54,casual
U03792,2026-01-11,India,iOS,organic,25-34,casual
U03793,2026-01-16,India,iOS,organic,18-24,casual
U03794,2026-02-09,India,Android,referral,18-24,casual
U03795,2026-02-23,United States,Android,paid_social,35-44,collector
U03796,2026-01-17,Japan,Web,paid_social,35-44,competitive
U03797,2026-02-11,Japan,Android,organic,25-34,collector
U03798,2026-01-04,Brazil,Web,influencer,18-24,casual
U03799,2026-01-01,United States,Android,organic,35-44,casual
U03800,2026-01-04,India,Android,paid_social,25-34,casual
U03801,2026-02-25,United States,Android,organic,18-24,casual
U03802,2026-02-04,United Kingdom,Web,referral,25-34,casual
U03803,2026-02-18,United Kingdom,Web,paid_social,25-34,casual
U03804,2026-01-02,United States,Android,paid_social,55+,competitive
U03805,2026-01-02,Brazil,Android,store_feature,25-34,casual
U03806,2026-02-20,United States,Android,referral,18-24,competitive
U03807,2026-01-07,Brazil,iOS,paid_social,45-54,competitive
U03808,2026-01-10,Japan,Web,paid_social,25-34,competitive
U03809,2026-02-01,Canada,iOS,influencer,55+,casual
U03810,2026-02-06,Brazil,iOS,influencer,25-34,competitive
U03811,2026-01-14,United States,iOS,referral,45-54,casual
U03812,2026-01-27,Japan,Android,store_feature,45-54,casual
U03813,2026-02-10,India,Android,influencer,45-54,casual
U03814,2026-01-27,United States,iOS,influencer,18-24,casual
U03815,2026-01-23,Brazil,iOS,organic,45-54,casual
U03816,2026-01-05,United Kingdom,iOS,influencer,35-44,competitive
U03817,2026-01-28,United Kingdom,iOS,referral,25-34,competitive
U03818,2026-02-18,Brazil,iOS,paid_social,25-34,casual
U03819,2026-02-07,United Kingdom,Android,paid_social,35-44,casual
U03820,2026-02-23,Germany,iOS,organic,55+,casual
U03821,2026-01-08,United States,iOS,store_feature,35-44,collector
U03822,2026-01-01,Canada,iOS,referral,25-34,casual
U03823,2026-02-02,Japan,Android,organic,35-44,casual
U03824,2026-01-11,United States,Web,paid_social,18-24,casual
U03825,2026-02-05,Germany,iOS,organic,25-34,competitive
U03826,2026-02-24,United States,iOS,paid_social,35-44,casual
U03827,2026-01-21,Japan,Android,paid_social,35-44,casual
U03828,2026-02-02,Germany,iOS,referral,35-44,casual
U03829,2026-02-10,Canada,Android,organic,25-34,competitive
U03830,2026-01-10,United States,Web,organic,25-34,casual
U03831,2026-02-23,United Kingdom,Android,organic,35-44,collector
U03832,2026-01-13,India,Web,paid_social,18-24,collector
U03833,2026-02-18,United Kingdom,iOS,influencer,55+,casual
U03834,2026-02-09,United Kingdom,iOS,store_feature,55+,collector
U03835,2026-01-09,Brazil,iOS,referral,45-54,competitive
U03836,2026-02-13,Canada,iOS,organic,45-54,casual
U03837,2026-01-12,United Kingdom,iOS,organic,25-34,competitive
U03838,2026-02-05,Canada,Android,influencer,25-34,casual
U03839,2026-02-27,United States,Android,paid_social,45-54,casual
U03840,2026-02-27,Brazil,iOS,organic,25-34,casual
U03841,2026-02-22,Japan,Android,paid_social,45-54,competitive
U03842,2026-01-30,India,iOS,referral,18-24,collector
U03843,2026-02-03,India,iOS,organic,45-54,casual
U03844,2026-01-19,United Kingdom,iOS,organic,25-34,competitive
U03845,2026-02-25,United States,Android,referral,45-54,competitive
U03846,2026-01-29,Germany,Android,organic,25-34,collector
U03847,2026-02-16,India,Android,paid_social,35-44,casual
U03848,2026-01-22,Brazil,iOS,store_feature,45-54,casual
U03849,2026-02-14,United Kingdom,Android,influencer,25-34,casual
U03850,2026-01-14,Brazil,Web,paid_social,18-24,casual
U03851,2026-02-14,Japan,iOS,organic,18-24,casual
U03852,2026-01-03,India,iOS,paid_social,25-34,casual
U03853,2026-01-07,Japan,iOS,organic,35-44,casual
U03854,2026-01-22,United Kingdom,iOS,influencer,35-44,collector
U03855,2026-01-29,United States,Android,referral,18-24,casual
U03856,2026-02-12,United Kingdom,iOS,paid_social,18-24,casual
U03857,2026-01-22,Canada,Android,store_feature,45-54,competitive
U03858,2026-01-02,India,Web,paid_social,35-44,casual
U03859,2026-01-20,United Kingdom,iOS,paid_social,18-24,competitive
U03860,2026-01-27,United Kingdom,iOS,influencer,18-24,competitive
U03861,2026-02-02,Canada,Android,organic,18-24,casual
U03862,2026-02-08,Germany,Android,organic,35-44,casual
U03863,2026-01-15,United Kingdom,Web,influencer,35-44,casual
U03864,2026-02-06,United States,iOS,paid_social,35-44,casual
U03865,2026-02-07,Japan,Android,organic,35-44,competitive
U03866,2026-02-16,Canada,Web,organic,45-54,casual
U03867,2026-02-01,United Kingdom,iOS,paid_social,25-34,casual
U03868,2026-02-18,United States,Android,paid_social,25-34,casual
U03869,2026-01-14,Germany,Android,paid_social,25-34,casual
U03870,2026-02-12,Brazil,Android,organic,55+,casual
U03871,2026-01-03,India,iOS,paid_social,25-34,casual
U03872,2026-01-07,United States,Android,referral,25-34,casual
U03873,2026-02-21,India,iOS,influencer,35-44,competitive
U03874,2026-01-29,Brazil,Web,referral,18-24,collector
U03875,2026-02-07,United States,iOS,referral,25-34,competitive
U03876,2026-02-06,United States,iOS,store_feature,35-44,casual
U03877,2026-02-11,United States,Web,organic,55+,casual
U03878,2026-01-15,Japan,iOS,organic,18-24,competitive
U03879,2026-01-11,United States,Android,organic,25-34,competitive
U03880,2026-01-03,United Kingdom,iOS,paid_social,45-54,collector
U03881,2026-02-21,Brazil,Android,influencer,35-44,casual
U03882,2026-01-14,Japan,iOS,organic,35-44,casual
U03883,2026-02-04,Brazil,Android,store_feature,18-24,casual
U03884,2026-01-28,Brazil,Android,organic,18-24,collector
U03885,2026-01-10,United States,iOS,paid_social,25-34,competitive
U03886,2026-01-25,Japan,iOS,paid_social,18-24,collector
U03887,2026-01-05,United States,iOS,organic,35-44,competitive
U03888,2026-01-11,United States,Android,paid_social,35-44,collector
U03889,2026-01-09,India,iOS,referral,45-54,casual
U03890,2026-02-19,United States,iOS,paid_social,18-24,collector
U03891,2026-02-04,United States,iOS,store_feature,25-34,collector
U03892,2026-02-25,Germany,Android,influencer,35-44,competitive
U03893,2026-01-27,Canada,Android,paid_social,18-24,collector
U03894,2026-01-13,United States,Android,influencer,18-24,casual
U03895,2026-02-06,Germany,Web,organic,25-34,competitive
U03896,2026-02-25,Brazil,Android,organic,18-24,competitive
U03897,2026-02-01,Japan,Android,paid_social,18-24,competitive
U03898,2026-01-02,United States,Android,paid_social,25-34,competitive
U03899,2026-01-19,Germany,iOS,paid_social,45-54,competitive
U03900,2026-02-25,Japan,Web,paid_social,18-24,casual
U03901,2026-02-01,United States,Android,influencer,25-34,competitive
U03902,2026-02-27,United States,Android,organic,25-34,collector
U03903,2026-01-31,United States,iOS,store_feature,25-34,competitive
U03904,2026-01-01,United Kingdom,iOS,paid_social,25-34,casual
U03905,2026-02-22,United States,Android,paid_social,18-24,collector
U03906,2026-02-15,Brazil,iOS,organic,18-24,competitive
U03907,2026-02-12,India,Android,organic,25-34,casual
U03908,2026-02-28,United States,iOS,paid_social,55+,competitive
U03909,2026-01-12,Brazil,Android,store_feature,25-34,competitive
U03910,2026-02-24,United States,iOS,paid_social,25-34,competitive
U03911,2026-01-14,United States,iOS,organic,55+,casual
U03912,2026-02-28,Brazil,iOS,referral,35-44,casual
U03913,2026-01-12,United Kingdom,Android,referral,35-44,collector
U03914,2026-02-03,India,Android,influencer,25-34,collector
U03915,2026-02-17,United Kingdom,Web,paid_social,45-54,casual
U03916,2026-01-05,United States,Android,referral,25-34,collector
U03917,2026-01-05,United Kingdom,Android,paid_social,35-44,casual
U03918,2026-02-20,United States,Android,referral,35-44,casual
U03919,2026-01-04,Japan,Android,paid_social,25-34,competitive
U03920,2026-02-06,Brazil,Web,organic,55+,casual
U03921,2026-02-26,Canada,Android,influencer,55+,casual
U03922,2026-02-06,United Kingdom,iOS,referral,25-34,collector
U03923,2026-01-29,Brazil,Android,paid_social,18-24,casual
U03924,2026-01-26,Japan,iOS,paid_social,35-44,casual
U03925,2026-02-08,United States,iOS,referral,25-34,casual
U03926,2026-02-04,United States,Android,organic,25-34,competitive
U03927,2026-01-31,United States,Android,organic,18-24,competitive
U03928,2026-01-10,Canada,iOS,organic,35-44,casual
U03929,2026-02-09,United Kingdom,iOS,organic,55+,casual
U03930,2026-02-14,United States,Web,organic,18-24,casual
U03931,2026-02-12,Canada,iOS,referral,35-44,competitive
U03932,2026-01-05,United Kingdom,iOS,organic,45-54,collector
U03933,2026-02-12,United States,Android,store_feature,18-24,casual
U03934,2026-02-13,India,Android,influencer,18-24,collector
U03935,2026-01-12,Germany,Android,organic,25-34,collector
U03936,2026-02-20,Canada,Android,referral,45-54,casual
U03937,2026-02-01,United Kingdom,iOS,paid_social,25-34,casual
U03938,2026-01-29,Canada,iOS,influencer,18-24,competitive
U03939,2026-02-13,Japan,Android,paid_social,18-24,collector
U03940,2026-01-31,Germany,Android,paid_social,25-34,casual
U03941,2026-02-02,United Kingdom,iOS,organic,18-24,casual
U03942,2026-01-19,India,iOS,influencer,35-44,competitive
U03943,2026-02-25,Japan,iOS,organic,18-24,competitive
U03944,2026-02-28,Japan,iOS,store_feature,35-44,casual
U03945,2026-01-08,United States,iOS,organic,35-44,casual
U03946,2026-02-13,United States,iOS,referral,45-54,casual
U03947,2026-01-02,Brazil,Android,paid_social,18-24,collector
U03948,2026-01-23,United Kingdom,iOS,organic,35-44,competitive
U03949,2026-02-28,Brazil,Android,organic,35-44,casual
U03950,2026-01-11,Japan,Android,organic,25-34,collector
U03951,2026-01-23,United States,Android,store_feature,18-24,casual
U03952,2026-01-14,United States,Web,referral,18-24,collector
U03953,2026-02-13,United Kingdom,iOS,organic,35-44,casual
U03954,2026-01-28,United States,iOS,paid_social,25-34,casual
U03955,2026-02-05,Brazil,Android,organic,45-54,casual
U03956,2026-02-26,Brazil,iOS,referral,45-54,casual
U03957,2026-02-01,United Kingdom,iOS,store_feature,35-44,competitive
U03958,2026-02-14,Brazil,iOS,influencer,55+,casual
U03959,2026-01-06,United Kingdom,Web,influencer,35-44,casual
U03960,2026-01-13,Brazil,iOS,organic,18-24,competitive
U03961,2026-02-26,United States,Android,organic,18-24,casual
U03962,2026-02-21,Brazil,Android,influencer,35-44,casual
U03963,2026-02-09,Brazil,Android,organic,25-34,casual
U03964,2026-01-23,United States,iOS,organic,45-54,collector
U03965,2026-01-12,Germany,Web,organic,18-24,competitive
U03966,2026-02-21,Japan,Android,store_feature,18-24,collector
U03967,2026-02-17,United States,Android,referral,35-44,competitive
U03968,2026-01-15,Brazil,iOS,influencer,45-54,casual
U03969,2026-02-05,India,Android,paid_social,45-54,casual
U03970,2026-02-07,Japan,Android,organic,18-24,competitive
U03971,2026-01-29,Canada,iOS,paid_social,25-34,casual
U03972,2026-02-25,Germany,iOS,store_feature,35-44,collector
U03973,2026-01-08,India,iOS,organic,45-54,casual
U03974,2026-01-16,Germany,iOS,influencer,18-24,casual
U03975,2026-01-06,United States,iOS,paid_social,35-44,competitive
U03976,2026-02-11,United States,iOS,store_feature,18-24,casual
U03977,2026-02-08,Japan,iOS,store_feature,35-44,competitive
U03978,2026-03-01,United Kingdom,Web,paid_social,18-24,competitive
U03979,2026-02-02,United States,Android,referral,55+,competitive
U03980,2026-01-10,Canada,Android,paid_social,18-24,collector
U03981,2026-01-28,Brazil,Android,store_feature,35-44,casual
U03982,2026-01-06,United Kingdom,Android,store_feature,35-44,casual
U03983,2026-02-10,Japan,iOS,paid_social,18-24,collector
U03984,2026-02-10,Brazil,Android,organic,18-24,casual
U03985,2026-02-21,India,iOS,influencer,25-34,casual
U03986,2026-01-21,India,Android,influencer,35-44,casual
U03987,2026-01-19,United States,Web,paid_social,35-44,competitive
U03988,2026-01-05,Brazil,Web,influencer,25-34,competitive
U03989,2026-01-25,United States,iOS,paid_social,18-24,casual
U03990,2026-01-29,India,Android,paid_social,45-54,casual
U03991,2026-02-15,United States,iOS,paid_social,18-24,casual
U03992,2026-02-15,Brazil,iOS,organic,25-34,casual
U03993,2026-01-09,Japan,iOS,paid_social,45-54,casual
U03994,2026-01-18,United States,iOS,referral,45-54,competitive
U03995,2026-01-31,Japan,Android,organic,18-24,collector
U03996,2026-01-21,United States,iOS,organic,18-24,competitive
U03997,2026-01-02,United Kingdom,iOS,referral,35-44,collector
U03998,2026-02-20,United Kingdom,Web,store_feature,25-34,collector
U03999,2026-02-13,Canada,Android,influencer,35-44,competitive
U04000,2026-02-01,Germany,iOS,organic,25-34,competitive
U04001,2026-01-20,India,Android,store_feature,25-34,competitive
U04002,2026-02-20,Canada,Android,organic,25-34,competitive
U04003,2026-01-03,Germany,Android,organic,35-44,casual
U04004,2026-01-27,Japan,Android,referral,35-44,casual
U04005,2026-02-18,Japan,Web,paid_social,25-34,competitive
U04006,2026-02-27,United States,iOS,store_feature,18-24,collector
U04007,2026-01-16,India,Android,organic,25-34,competitive
U04008,2026-02-09,United States,iOS,organic,35-44,casual
U04009,2026-01-12,Germany,Web,paid_social,35-44,competitive
U04010,2026-01-07,Germany,iOS,organic,45-54,competitive
U04011,2026-01-22,Japan,iOS,organic,55+,competitive
U04012,2026-02-23,United States,Web,organic,25-34,casual
U04013,2026-02-11,United States,Android,organic,45-54,casual
U04014,2026-01-30,Brazil,iOS,store_feature,25-34,casual
U04015,2026-01-17,United States,iOS,organic,25-34,collector
U04016,2026-01-09,United Kingdom,iOS,paid_social,25-34,casual
U04017,2026-01-17,Brazil,Web,paid_social,35-44,collector
U04018,2026-01-10,Brazil,Android,paid_social,35-44,casual
U04019,2026-01-12,United States,iOS,paid_social,25-34,collector
U04020,2026-02-11,Canada,Android,referral,45-54,casual
U04021,2026-01-08,India,iOS,store_feature,45-54,competitive
U04022,2026-01-03,United Kingdom,iOS,organic,55+,competitive
U04023,2026-02-02,United States,Web,store_feature,25-34,competitive
U04024,2026-01-18,United States,iOS,organic,55+,competitive
U04025,2026-01-28,Canada,Web,paid_social,35-44,casual
U04026,2026-01-09,India,Android,paid_social,35-44,casual
U04027,2026-01-13,Canada,iOS,organic,25-34,casual
U04028,2026-01-27,United States,Android,organic,45-54,competitive
U04029,2026-02-11,United Kingdom,Android,organic,35-44,competitive
U04030,2026-01-25,United States,Android,organic,25-34,casual
U04031,2026-02-02,United States,Android,paid_social,55+,competitive
U04032,2026-02-01,India,iOS,organic,18-24,casual
U04033,2026-01-17,Brazil,iOS,store_feature,35-44,casual
U04034,2026-01-17,United States,Android,influencer,25-34,casual
U04035,2026-01-26,United Kingdom,iOS,organic,25-34,competitive
U04036,2026-01-02,United States,iOS,organic,25-34,casual
U04037,2026-02-11,United States,Android,paid_social,25-34,collector
U04038,2026-02-06,Germany,iOS,influencer,25-34,competitive
U04039,2026-01-19,United Kingdom,Android,paid_social,18-24,competitive
U04040,2026-01-23,Brazil,Android,organic,18-24,casual
U04041,2026-01-20,India,Android,influencer,35-44,competitive
U04042,2026-02-09,United States,iOS,paid_social,25-34,collector
U04043,2026-02-15,India,Android,paid_social,18-24,casual
U04044,2026-01-07,United Kingdom,Android,influencer,18-24,casual
U04045,2026-01-25,United States,iOS,influencer,18-24,casual
U04046,2026-01-01,Japan,Android,paid_social,18-24,casual
U04047,2026-01-28,United States,Android,organic,55+,casual
U04048,2026-01-15,Germany,iOS,paid_social,25-34,competitive
U04049,2026-01-21,Brazil,iOS,organic,25-34,casual
U04050,2026-01-28,United States,Android,paid_social,25-34,competitive
U04051,2026-01-20,Japan,iOS,organic,18-24,casual
U04052,2026-01-24,United States,Web,referral,35-44,competitive
U04053,2026-02-15,Japan,Android,referral,55+,collector
U04054,2026-02-18,United States,iOS,influencer,18-24,casual
U04055,2026-01-01,United States,Android,store_feature,18-24,casual
U04056,2026-01-23,Canada,Android,organic,35-44,casual
U04057,2026-02-20,Japan,iOS,organic,18-24,casual
U04058,2026-02-01,United States,Web,paid_social,18-24,competitive
U04059,2026-01-13,Japan,Android,organic,35-44,collector
U04060,2026-02-05,United States,Android,organic,35-44,competitive
U04061,2026-01-09,United Kingdom,Android,referral,18-24,collector
U04062,2026-01-02,Canada,Android,paid_social,45-54,casual
U04063,2026-02-07,United States,Android,organic,18-24,casual
U04064,2026-01-31,India,iOS,paid_social,25-34,casual
U04065,2026-02-15,United Kingdom,iOS,influencer,35-44,competitive
U04066,2026-01-21,Brazil,Android,referral,35-44,casual
U04067,2026-02-21,Germany,Android,organic,35-44,casual
U04068,2026-01-26,United Kingdom,Android,paid_social,35-44,collector
U04069,2026-02-14,Germany,Android,influencer,35-44,casual
U04070,2026-01-07,India,Android,organic,45-54,casual
U04071,2026-01-06,Brazil,Android,referral,25-34,casual
U04072,2026-02-16,United Kingdom,Web,referral,25-34,casual
U04073,2026-02-20,Brazil,iOS,referral,35-44,casual
U04074,2026-02-26,Germany,Web,organic,18-24,casual
U04075,2026-01-20,United Kingdom,Android,influencer,35-44,casual
U04076,2026-01-02,Germany,iOS,organic,25-34,competitive
U04077,2026-02-28,United Kingdom,iOS,organic,25-34,casual
U04078,2026-02-06,Brazil,iOS,organic,35-44,competitive
U04079,2026-01-15,India,Android,paid_social,35-44,competitive
U04080,2026-02-15,India,Android,organic,18-24,competitive
U04081,2026-02-24,Japan,Android,store_feature,25-34,collector
U04082,2026-01-18,Germany,Android,store_feature,35-44,casual
U04083,2026-02-16,Brazil,iOS,organic,55+,casual
U04084,2026-02-17,United States,iOS,store_feature,25-34,casual
U04085,2026-01-31,United Kingdom,Web,influencer,18-24,casual
U04086,2026-02-07,United States,Web,organic,25-34,competitive
U04087,2026-01-17,United States,Android,referral,25-34,competitive
U04088,2026-02-25,India,iOS,influencer,18-24,casual
U04089,2026-02-28,Japan,iOS,store_feature,45-54,casual
U04090,2026-02-28,United Kingdom,iOS,paid_social,25-34,collector
U04091,2026-02-14,United States,Android,influencer,25-34,casual
U04092,2026-01-03,Brazil,iOS,referral,25-34,casual
U04093,2026-01-22,United Kingdom,Web,organic,18-24,collector
U04094,2026-01-27,Japan,Android,organic,25-34,competitive
U04095,2026-02-27,India,iOS,paid_social,25-34,casual
U04096,2026-02-02,Canada,iOS,paid_social,25-34,casual
U04097,2026-02-02,United States,iOS,organic,35-44,competitive
U04098,2026-01-09,United States,Android,organic,25-34,casual
U04099,2026-02-17,United States,Android,store_feature,25-34,collector
U04100,2026-01-21,Canada,iOS,referral,45-54,competitive
U04101,2026-01-06,United States,Android,organic,25-34,competitive
U04102,2026-03-01,United States,iOS,organic,25-34,competitive
U04103,2026-01-12,United States,iOS,organic,45-54,collector
U04104,2026-01-01,United States,Web,organic,25-34,casual
U04105,2026-01-05,Brazil,iOS,referral,25-34,casual
U04106,2026-01-28,United States,iOS,organic,35-44,competitive
U04107,2026-01-07,Japan,Android,influencer,25-34,casual
U04108,2026-02-20,United States,iOS,organic,45-54,competitive
U04109,2026-01-31,United States,iOS,organic,25-34,casual
U04110,2026-01-20,United States,iOS,store_feature,25-34,casual
U04111,2026-01-01,Brazil,iOS,paid_social,18-24,casual
U04112,2026-01-29,United States,Android,paid_social,18-24,competitive
U04113,2026-01-10,United Kingdom,iOS,organic,25-34,casual
U04114,2026-02-28,United States,Android,referral,18-24,casual
U04115,2026-01-18,India,Web,paid_social,25-34,casual
U04116,2026-01-29,United States,iOS,store_feature,25-34,casual
U04117,2026-01-02,Canada,iOS,referral,18-24,competitive
U04118,2026-01-08,Japan,iOS,store_feature,25-34,collector
U04119,2026-01-13,United States,iOS,referral,35-44,competitive
U04120,2026-01-04,United States,iOS,store_feature,25-34,competitive
U04121,2026-02-13,Japan,Android,referral,35-44,casual
U04122,2026-02-26,United States,iOS,paid_social,18-24,collector
U04123,2026-03-01,United States,Android,referral,18-24,collector
U04124,2026-01-16,United Kingdom,Android,referral,45-54,competitive
U04125,2026-02-17,United States,Android,organic,45-54,casual
U04126,2026-01-31,India,iOS,referral,25-34,casual
U04127,2026-01-03,Brazil,iOS,organic,25-34,casual
U04128,2026-01-06,Germany,Web,paid_social,45-54,casual
U04129,2026-02-02,United States,iOS,organic,25-34,casual
U04130,2026-01-26,Brazil,Android,organic,18-24,collector
U04131,2026-01-01,Brazil,Android,organic,18-24,casual
U04132,2026-02-25,United States,Android,organic,18-24,casual
U04133,2026-02-13,India,iOS,organic,35-44,collector
U04134,2026-01-31,Germany,iOS,organic,35-44,collector
U04135,2026-03-01,Japan,Android,paid_social,25-34,casual
U04136,2026-02-28,United States,Android,paid_social,18-24,casual
U04137,2026-02-28,United States,Android,influencer,18-24,competitive
U04138,2026-01-16,Brazil,Android,store_feature,35-44,collector
U04139,2026-02-22,Japan,Web,organic,45-54,competitive
U04140,2026-01-31,Canada,Web,paid_social,25-34,casual
U04141,2026-02-13,United States,Android,paid_social,35-44,competitive
U04142,2026-02-21,Japan,iOS,paid_social,25-34,competitive
U04143,2026-01-10,United States,iOS,paid_social,25-34,casual
U04144,2026-01-27,Canada,Android,referral,25-34,casual
U04145,2026-01-08,Germany,Android,referral,18-24,collector
U04146,2026-01-17,United States,iOS,paid_social,25-34,competitive
U04147,2026-01-25,United States,Android,referral,45-54,casual
U04148,2026-02-21,United States,iOS,organic,18-24,competitive
U04149,2026-02-21,India,iOS,store_feature,25-34,competitive
U04150,2026-01-24,Canada,Android,influencer,45-54,casual
U04151,2026-01-20,Brazil,Android,organic,35-44,casual
U04152,2026-02-01,India,Android,store_feature,25-34,casual
U04153,2026-02-24,Brazil,Android,store_feature,18-24,collector
U04154,2026-02-28,United Kingdom,Android,paid_social,45-54,casual
U04155,2026-01-14,United Kingdom,iOS,organic,18-24,competitive
U04156,2026-01-12,Canada,Android,store_feature,25-34,casual
U04157,2026-02-12,Germany,iOS,paid_social,18-24,collector
U04158,2026-01-19,India,Android,organic,25-34,collector
U04159,2026-01-12,Japan,iOS,referral,35-44,collector
U04160,2026-01-02,United Kingdom,Web,paid_social,45-54,collector
U04161,2026-01-25,Canada,Android,organic,25-34,casual
U04162,2026-01-24,India,iOS,influencer,55+,casual
U04163,2026-02-03,United States,iOS,organic,25-34,casual
U04164,2026-01-13,Japan,iOS,paid_social,35-44,competitive
U04165,2026-02-12,United States,Android,referral,18-24,casual
U04166,2026-02-10,Brazil,Android,organic,18-24,casual
U04167,2026-01-28,Japan,Android,referral,25-34,casual
U04168,2026-01-11,United Kingdom,Web,referral,35-44,competitive
U04169,2026-01-31,United States,Android,paid_social,18-24,casual
U04170,2026-02-10,Japan,Android,paid_social,25-34,casual
U04171,2026-01-23,Canada,Android,influencer,25-34,competitive
U04172,2026-01-16,Canada,Android,influencer,25-34,casual
U04173,2026-01-31,United Kingdom,Android,organic,18-24,collector
U04174,2026-01-22,United Kingdom,Android,paid_social,18-24,competitive
U04175,2026-01-25,Brazil,iOS,paid_social,25-34,competitive
U04176,2026-01-21,United States,iOS,influencer,45-54,casual
U04177,2026-01-19,United Kingdom,iOS,store_feature,35-44,casual
U04178,2026-02-13,India,Web,paid_social,18-24,competitive
U04179,2026-01-28,United States,Android,influencer,18-24,casual
U04180,2026-01-28,United Kingdom,iOS,paid_social,25-34,competitive
U04181,2026-02-09,Brazil,iOS,organic,25-34,collector
U04182,2026-01-22,India,Android,paid_social,45-54,casual
U04183,2026-01-07,Germany,Web,paid_social,25-34,competitive
U04184,2026-02-21,Japan,Web,referral,45-54,casual
U04185,2026-01-04,United States,Android,paid_social,18-24,casual
U04186,2026-02-04,Canada,Android,store_feature,55+,casual
U04187,2026-01-16,India,iOS,influencer,35-44,competitive
U04188,2026-01-13,India,iOS,organic,35-44,collector
U04189,2026-01-03,Germany,Android,paid_social,55+,casual
U04190,2026-02-24,United Kingdom,Android,referral,25-34,competitive
U04191,2026-01-26,United Kingdom,iOS,organic,18-24,casual
U04192,2026-01-21,United States,Android,store_feature,25-34,casual
U04193,2026-02-14,India,iOS,paid_social,35-44,competitive
U04194,2026-01-03,Japan,iOS,organic,45-54,competitive
U04195,2026-02-03,United Kingdom,iOS,store_feature,25-34,competitive
U04196,2026-01-30,United States,Android,paid_social,35-44,collector
U04197,2026-02-03,Canada,Android,organic,18-24,casual
U04198,2026-01-08,United States,Android,organic,18-24,casual
U04199,2026-02-27,Brazil,Android,store_feature,25-34,casual
U04200,2026-01-15,Germany,Android,influencer,25-34,competitive
U04201,2026-02-10,United States,iOS,paid_social,18-24,casual
U04202,2026-02-14,Germany,Android,organic,35-44,casual
U04203,2026-01-21,India,iOS,organic,25-34,competitive
U04204,2026-01-08,United States,Android,referral,25-34,casual
U04205,2026-01-18,United Kingdom,iOS,paid_social,18-24,competitive
U04206,2026-02-18,United Kingdom,Android,paid_social,18-24,collector
U04207,2026-02-24,United States,Android,organic,35-44,casual
U04208,2026-02-26,United Kingdom,iOS,paid_social,45-54,casual
U04209,2026-01-14,Germany,Android,referral,18-24,collector
U04210,2026-02-06,United States,Android,paid_social,35-44,competitive
U04211,2026-01-10,United States,Android,organic,35-44,casual
U04212,2026-02-12,Japan,iOS,paid_social,35-44,competitive
U04213,2026-01-25,Canada,iOS,paid_social,25-34,casual
U04214,2026-02-12,Germany,iOS,paid_social,25-34,competitive
U04215,2026-02-11,Germany,Android,organic,35-44,competitive
U04216,2026-03-01,Japan,Web,organic,25-34,casual
U04217,2026-01-30,Brazil,iOS,paid_social,18-24,competitive
U04218,2026-01-21,Japan,Android,organic,25-34,casual
U04219,2026-02-01,Germany,Android,referral,25-34,collector
U04220,2026-01-10,United Kingdom,Web,paid_social,25-34,competitive
U04221,2026-01-07,Canada,iOS,organic,45-54,collector
U04222,2026-02-01,Canada,Android,referral,25-34,casual
U04223,2026-02-19,Canada,Android,paid_social,25-34,casual
U04224,2026-02-01,United States,iOS,organic,55+,casual
U04225,2026-02-16,United Kingdom,iOS,store_feature,18-24,casual
U04226,2026-01-11,Canada,iOS,paid_social,18-24,casual
U04227,2026-01-27,United States,Android,influencer,45-54,competitive
U04228,2026-02-06,United States,Android,organic,55+,casual
U04229,2026-01-21,Brazil,Android,store_feature,35-44,collector
U04230,2026-01-01,Germany,iOS,store_feature,25-34,casual
U04231,2026-01-05,Japan,Web,organic,25-34,casual
U04232,2026-02-25,Germany,iOS,paid_social,45-54,competitive
U04233,2026-02-06,Japan,Web,referral,45-54,casual
U04234,2026-01-16,Japan,iOS,paid_social,18-24,competitive
U04235,2026-01-16,United States,Android,paid_social,45-54,competitive
U04236,2026-01-03,India,Web,influencer,35-44,competitive
U04237,2026-02-26,United States,Android,referral,18-24,competitive
U04238,2026-01-07,Germany,Android,influencer,18-24,competitive
U04239,2026-02-15,Japan,iOS,store_feature,18-24,collector
U04240,2026-01-15,Canada,Android,store_feature,55+,casual
U04241,2026-01-21,Germany,Android,referral,25-34,casual
U04242,2026-01-17,Canada,Android,referral,35-44,competitive
U04243,2026-02-19,United States,Web,influencer,18-24,casual
U04244,2026-01-02,United States,iOS,paid_social,35-44,casual
U04245,2026-01-22,United States,iOS,organic,25-34,competitive
U04246,2026-01-17,United States,Web,paid_social,45-54,casual
U04247,2026-01-17,Germany,iOS,organic,25-34,casual
U04248,2026-01-12,United Kingdom,iOS,influencer,35-44,competitive
U04249,2026-02-24,United Kingdom,iOS,referral,35-44,casual
U04250,2026-01-23,Brazil,Android,paid_social,25-34,casual
U04251,2026-01-26,United States,Web,organic,55+,competitive
U04252,2026-01-24,United States,iOS,paid_social,25-34,competitive
U04253,2026-02-28,Japan,Android,paid_social,45-54,competitive
U04254,2026-01-21,India,Android,referral,18-24,casual
U04255,2026-01-21,United Kingdom,Android,paid_social,35-44,casual
U04256,2026-01-20,United States,Android,paid_social,45-54,competitive
U04257,2026-01-20,Japan,Web,organic,45-54,casual
U04258,2026-01-06,India,iOS,paid_social,25-34,collector
U04259,2026-02-06,Canada,iOS,paid_social,25-34,competitive
U04260,2026-01-02,United States,Android,store_feature,35-44,casual
U04261,2026-01-14,United States,Android,influencer,25-34,competitive
U04262,2026-01-13,Germany,Android,referral,45-54,collector
U04263,2026-01-18,India,iOS,organic,18-24,collector
U04264,2026-02-15,Brazil,iOS,organic,18-24,competitive
U04265,2026-02-05,Canada,Web,influencer,35-44,casual
U04266,2026-03-01,Brazil,iOS,influencer,25-34,competitive
U04267,2026-01-22,Japan,Android,organic,25-34,competitive
U04268,2026-02-25,United Kingdom,Android,referral,25-34,competitive
U04269,2026-01-03,Japan,iOS,paid_social,55+,casual
U04270,2026-01-31,Canada,iOS,organic,25-34,collector
U04271,2026-02-17,Canada,iOS,influencer,55+,casual
U04272,2026-02-01,Germany,Android,influencer,25-34,casual
U04273,2026-02-25,United Kingdom,iOS,influencer,25-34,casual
U04274,2026-01-19,India,Android,organic,18-24,casual
U04275,2026-01-02,United Kingdom,iOS,paid_social,25-34,casual
U04276,2026-02-16,Canada,iOS,influencer,18-24,casual
U04277,2026-01-05,Canada,iOS,referral,18-24,casual
U04278,2026-02-15,Germany,iOS,paid_social,25-34,casual
U04279,2026-02-14,Canada,iOS,paid_social,35-44,casual
U04280,2026-02-20,Brazil,Web,organic,25-34,casual
U04281,2026-01-29,Canada,iOS,paid_social,25-34,casual
U04282,2026-02-23,Canada,Android,store_feature,25-34,casual
U04283,2026-01-11,Germany,Android,organic,25-34,casual
U04284,2026-01-27,United States,Android,organic,35-44,competitive
U04285,2026-01-08,Brazil,Android,paid_social,35-44,casual
U04286,2026-02-16,United Kingdom,iOS,paid_social,45-54,competitive
U04287,2026-02-12,United Kingdom,Android,paid_social,18-24,casual
U04288,2026-02-18,Brazil,iOS,organic,25-34,casual
U04289,2026-02-15,Brazil,Android,referral,45-54,casual
U04290,2026-01-19,Japan,iOS,organic,55+,casual
U04291,2026-01-05,Canada,Android,referral,25-34,competitive
U04292,2026-02-25,Canada,Android,paid_social,25-34,competitive
U04293,2026-01-30,Brazil,Android,paid_social,35-44,competitive
U04294,2026-01-06,Germany,iOS,paid_social,55+,casual
U04295,2026-02-25,Germany,Android,referral,25-34,casual
U04296,2026-03-01,Germany,Android,paid_social,18-24,collector
U04297,2026-01-27,Japan,Android,paid_social,45-54,casual
U04298,2026-02-16,United States,iOS,paid_social,35-44,casual
U04299,2026-01-03,Germany,iOS,paid_social,18-24,casual
U04300,2026-01-06,United States,iOS,paid_social,25-34,collector
U04301,2026-01-17,Canada,Android,paid_social,25-34,collector
U04302,2026-02-09,Brazil,iOS,paid_social,35-44,casual
U04303,2026-01-09,United Kingdom,Android,organic,35-44,casual
U04304,2026-01-03,Canada,Android,referral,18-24,competitive
U04305,2026-02-10,India,Android,organic,18-24,casual
U04306,2026-02-16,Japan,Android,influencer,35-44,casual
U04307,2026-02-14,United Kingdom,Android,referral,18-24,casual
U04308,2026-02-17,India,Android,organic,25-34,casual
U04309,2026-02-18,United Kingdom,iOS,referral,25-34,casual
U04310,2026-02-06,Japan,Android,paid_social,25-34,competitive
U04311,2026-02-01,United States,Web,influencer,35-44,competitive
U04312,2026-02-21,United States,Android,influencer,18-24,competitive
U04313,2026-01-21,Canada,Web,store_feature,35-44,casual
U04314,2026-01-06,United States,Web,paid_social,35-44,casual
U04315,2026-02-15,United Kingdom,Android,influencer,25-34,collector
U04316,2026-01-17,United States,Android,referral,45-54,casual
U04317,2026-02-28,Germany,Android,store_feature,18-24,casual
U04318,2026-01-25,United States,iOS,organic,35-44,casual
U04319,2026-02-21,United States,iOS,influencer,18-24,casual
U04320,2026-01-03,India,Android,referral,55+,casual
U04321,2026-02-09,Brazil,Android,organic,18-24,casual
U04322,2026-01-27,India,iOS,influencer,25-34,competitive
U04323,2026-01-28,United Kingdom,Android,referral,18-24,casual
U04324,2026-01-16,United States,Android,influencer,25-34,competitive
U04325,2026-02-28,Germany,Android,organic,18-24,competitive
U04326,2026-01-24,Germany,iOS,paid_social,18-24,casual
U04327,2026-02-21,United States,Android,referral,18-24,competitive
U04328,2026-01-26,Japan,iOS,organic,18-24,collector
U04329,2026-01-03,Germany,iOS,store_feature,35-44,casual
U04330,2026-02-22,Brazil,iOS,referral,25-34,competitive
U04331,2026-01-12,United Kingdom,iOS,organic,18-24,competitive
U04332,2026-01-17,Germany,iOS,referral,45-54,competitive
U04333,2026-02-21,United States,Android,organic,35-44,casual
U04334,2026-02-23,India,Android,store_feature,25-34,casual
U04335,2026-02-25,Canada,iOS,store_feature,25-34,casual
U04336,2026-01-26,United States,Web,paid_social,25-34,casual
U04337,2026-02-15,United States,Android,paid_social,25-34,casual
U04338,2026-01-20,Germany,Web,paid_social,45-54,collector
U04339,2026-02-14,India,Android,paid_social,25-34,casual
U04340,2026-01-31,India,iOS,store_feature,55+,casual
U04341,2026-01-04,Brazil,Web,organic,35-44,casual
U04342,2026-01-26,India,Web,paid_social,55+,casual
U04343,2026-01-29,Brazil,Android,organic,25-34,competitive
U04344,2026-01-16,Canada,Android,referral,35-44,competitive
U04345,2026-01-23,Germany,Android,store_feature,35-44,casual
U04346,2026-01-31,United States,Android,organic,35-44,casual
U04347,2026-01-03,United States,Android,organic,18-24,casual
U04348,2026-01-10,Canada,Android,organic,18-24,collector
U04349,2026-02-16,United States,iOS,organic,18-24,casual
U04350,2026-01-22,India,iOS,paid_social,25-34,casual
U04351,2026-02-06,India,iOS,store_feature,45-54,casual
U04352,2026-02-03,Canada,iOS,paid_social,35-44,casual
U04353,2026-02-03,Brazil,iOS,organic,18-24,casual
U04354,2026-01-25,Canada,Web,referral,25-34,collector
U04355,2026-01-29,United States,iOS,store_feature,18-24,casual
U04356,2026-02-19,Canada,iOS,paid_social,45-54,casual
U04357,2026-02-27,United States,iOS,organic,45-54,casual
U04358,2026-01-16,Canada,Android,store_feature,18-24,casual
U04359,2026-02-10,United States,Android,organic,25-34,collector
U04360,2026-02-28,United States,Android,store_feature,55+,competitive
U04361,2026-01-01,United States,Web,store_feature,35-44,collector
U04362,2026-02-17,India,Web,influencer,45-54,collector
U04363,2026-01-30,United States,Android,organic,25-34,competitive
U04364,2026-02-28,Canada,Android,organic,18-24,competitive
U04365,2026-02-04,United Kingdom,iOS,store_feature,35-44,casual
U04366,2026-02-20,Canada,Android,paid_social,18-24,competitive
U04367,2026-01-10,United Kingdom,iOS,paid_social,45-54,competitive
U04368,2026-01-09,United States,Android,paid_social,35-44,competitive
U04369,2026-02-25,Brazil,iOS,organic,25-34,casual
U04370,2026-02-01,Germany,iOS,referral,25-34,competitive
U04371,2026-02-03,Brazil,iOS,influencer,35-44,casual
U04372,2026-01-11,Germany,Android,referral,45-54,competitive
U04373,2026-01-14,United Kingdom,Android,paid_social,25-34,casual
U04374,2026-02-19,Canada,iOS,influencer,35-44,casual
U04375,2026-01-19,United States,Android,referral,18-24,casual
U04376,2026-02-05,United Kingdom,iOS,organic,45-54,competitive
U04377,2026-01-19,United States,Android,referral,35-44,competitive
U04378,2026-01-16,Canada,iOS,organic,18-24,casual
U04379,2026-01-10,Brazil,iOS,organic,35-44,casual
U04380,2026-02-25,United States,Android,paid_social,35-44,casual
U04381,2026-02-26,United States,Android,organic,35-44,casual
U04382,2026-01-07,Brazil,Android,organic,25-34,casual
U04383,2026-01-22,Canada,Android,paid_social,35-44,competitive
U04384,2026-02-03,Japan,Web,organic,45-54,competitive
U04385,2026-01-23,India,iOS,paid_social,25-34,casual
U04386,2026-02-13,India,iOS,organic,18-24,collector
U04387,2026-01-16,United Kingdom,Web,referral,45-54,casual
U04388,2026-01-04,United States,iOS,influencer,35-44,competitive
U04389,2026-01-21,Germany,Android,organic,25-34,casual
U04390,2026-02-05,Germany,iOS,store_feature,45-54,competitive
U04391,2026-01-11,Germany,Android,organic,18-24,casual
U04392,2026-02-18,Canada,iOS,organic,35-44,casual
U04393,2026-01-01,United States,Android,paid_social,25-34,casual
U04394,2026-01-05,United States,Android,organic,18-24,competitive
U04395,2026-01-31,United States,iOS,organic,55+,collector
U04396,2026-01-31,United States,iOS,store_feature,35-44,competitive
U04397,2026-01-18,India,iOS,store_feature,18-24,competitive
U04398,2026-01-16,United States,iOS,influencer,45-54,casual
U04399,2026-01-05,Germany,iOS,influencer,45-54,competitive
U04400,2026-02-09,India,Web,paid_social,35-44,competitive
U04401,2026-01-23,Canada,iOS,organic,18-24,casual
U04402,2026-01-08,United Kingdom,Android,organic,18-24,casual
U04403,2026-01-24,Brazil,Android,paid_social,35-44,casual
U04404,2026-02-26,Canada,iOS,store_feature,45-54,casual
U04405,2026-01-16,United Kingdom,iOS,organic,18-24,casual
U04406,2026-02-23,Japan,Android,organic,25-34,competitive
U04407,2026-01-16,Brazil,Android,paid_social,18-24,competitive
U04408,2026-01-12,Japan,Android,influencer,25-34,casual
U04409,2026-01-16,India,iOS,paid_social,35-44,collector
U04410,2026-01-20,Canada,Android,referral,18-24,competitive
U04411,2026-01-08,Brazil,Web,paid_social,35-44,competitive
U04412,2026-02-05,Germany,Web,paid_social,35-44,collector
U04413,2026-01-21,Brazil,Web,paid_social,25-34,collector
U04414,2026-02-13,Brazil,iOS,store_feature,45-54,casual
U04415,2026-01-30,Brazil,Web,referral,18-24,collector
U04416,2026-01-27,India,Android,paid_social,18-24,casual
U04417,2026-01-29,Canada,Android,organic,25-34,casual
U04418,2026-01-10,Brazil,Android,organic,25-34,casual
U04419,2026-02-12,United States,Web,organic,25-34,competitive
U04420,2026-01-07,Germany,Android,organic,55+,collector
U04421,2026-02-13,Brazil,Android,organic,18-24,casual
U04422,2026-03-01,Japan,Android,referral,25-34,competitive
U04423,2026-02-15,United Kingdom,Android,store_feature,35-44,casual
U04424,2026-01-28,United Kingdom,Android,referral,45-54,competitive
U04425,2026-01-19,Canada,iOS,referral,25-34,casual
U04426,2026-02-22,United States,iOS,influencer,18-24,competitive
U04427,2026-01-16,United States,iOS,influencer,25-34,competitive
U04428,2026-01-29,India,Android,organic,18-24,casual
U04429,2026-02-16,Canada,Android,organic,25-34,collector
U04430,2026-02-25,India,Android,organic,35-44,collector
U04431,2026-02-25,United States,Android,influencer,25-34,casual
U04432,2026-01-06,Brazil,Android,organic,25-34,competitive
U04433,2026-02-23,Germany,iOS,paid_social,35-44,competitive
U04434,2026-01-07,Brazil,Android,paid_social,18-24,casual
U04435,2026-02-05,Brazil,Web,paid_social,18-24,casual
U04436,2026-02-25,Brazil,Android,paid_social,35-44,competitive
U04437,2026-02-09,India,Web,store_feature,18-24,competitive
U04438,2026-02-26,Germany,Web,paid_social,18-24,competitive
U04439,2026-01-21,United States,iOS,store_feature,18-24,competitive
U04440,2026-01-19,United States,Android,organic,25-34,competitive
U04441,2026-01-20,Brazil,Android,store_feature,35-44,casual
U04442,2026-01-22,United Kingdom,Android,paid_social,25-34,casual
U04443,2026-02-10,Germany,iOS,organic,25-34,casual
U04444,2026-01-28,Germany,iOS,influencer,25-34,casual
U04445,2026-02-14,Canada,iOS,influencer,18-24,competitive
U04446,2026-01-25,Japan,Android,store_feature,45-54,competitive
U04447,2026-01-19,Brazil,iOS,influencer,55+,casual
U04448,2026-01-12,Brazil,Android,paid_social,25-34,competitive
U04449,2026-02-03,Brazil,Android,organic,25-34,casual
U04450,2026-02-23,India,Android,organic,35-44,casual
U04451,2026-02-21,Germany,Web,store_feature,18-24,collector
U04452,2026-01-16,India,Android,store_feature,25-34,casual
U04453,2026-01-29,United States,iOS,influencer,45-54,competitive
U04454,2026-02-12,Germany,Web,store_feature,18-24,casual
U04455,2026-02-06,Brazil,Android,referral,18-24,casual
U04456,2026-01-05,United Kingdom,Android,organic,25-34,competitive
U04457,2026-02-05,United States,Android,organic,25-34,competitive
U04458,2026-01-03,Germany,iOS,paid_social,25-34,competitive
U04459,2026-01-07,Canada,Android,store_feature,18-24,collector
U04460,2026-02-09,India,iOS,organic,35-44,competitive
U04461,2026-01-07,Canada,Android,influencer,18-24,competitive
U04462,2026-01-21,United States,iOS,referral,55+,casual
U04463,2026-02-05,Germany,Android,organic,18-24,casual
U04464,2026-02-09,Canada,iOS,influencer,18-24,competitive
U04465,2026-01-27,United States,iOS,paid_social,25-34,competitive
U04466,2026-01-06,Germany,iOS,referral,18-24,casual
U04467,2026-02-17,United Kingdom,Android,paid_social,35-44,casual
U04468,2026-02-26,United States,iOS,paid_social,18-24,casual
U04469,2026-02-23,Germany,Android,organic,25-34,casual
U04470,2026-02-14,Germany,iOS,paid_social,18-24,casual
U04471,2026-01-25,Japan,Android,store_feature,25-34,competitive
U04472,2026-02-22,Canada,iOS,influencer,18-24,competitive
U04473,2026-01-30,United States,Web,influencer,25-34,collector
U04474,2026-01-09,India,iOS,organic,18-24,competitive
U04475,2026-02-21,Germany,iOS,influencer,35-44,casual
U04476,2026-01-20,United States,iOS,organic,35-44,competitive
U04477,2026-02-26,Japan,iOS,organic,18-24,competitive
U04478,2026-01-23,United States,Android,referral,18-24,competitive
U04479,2026-02-22,Japan,iOS,influencer,18-24,casual
U04480,2026-02-02,Brazil,Web,influencer,18-24,competitive
U04481,2026-01-29,India,Android,store_feature,25-34,casual
U04482,2026-01-18,India,iOS,organic,25-34,casual
U04483,2026-02-20,United States,Android,organic,55+,casual
U04484,2026-01-04,Japan,iOS,organic,35-44,casual
U04485,2026-01-29,Canada,iOS,paid_social,18-24,collector
U04486,2026-01-23,Germany,iOS,paid_social,18-24,casual
U04487,2026-02-02,Germany,iOS,organic,18-24,casual
U04488,2026-01-16,United States,iOS,paid_social,18-24,competitive
U04489,2026-02-09,United States,Web,paid_social,25-34,collector
U04490,2026-01-24,United States,Android,referral,18-24,casual
U04491,2026-01-12,United States,Web,paid_social,18-24,casual
U04492,2026-01-12,United States,iOS,organic,18-24,casual
U04493,2026-02-11,India,Web,referral,35-44,competitive
U04494,2026-01-16,United Kingdom,iOS,referral,18-24,competitive
U04495,2026-01-19,Japan,iOS,organic,55+,casual
U04496,2026-02-07,Japan,Android,organic,25-34,collector
U04497,2026-01-20,Brazil,iOS,influencer,25-34,competitive
U04498,2026-01-24,Canada,iOS,referral,25-34,competitive
U04499,2026-01-15,Japan,Android,organic,25-34,casual
U04500,2026-01-21,Brazil,Android,paid_social,25-34,collector
U04501,2026-02-11,Brazil,Android,paid_social,25-34,casual
U04502,2026-02-02,India,iOS,organic,25-34,casual
U04503,2026-03-01,Germany,iOS,organic,25-34,casual
U04504,2026-02-16,United Kingdom,Web,influencer,18-24,casual
U04505,2026-01-02,India,iOS,paid_social,35-44,casual
U04506,2026-01-23,United Kingdom,iOS,organic,35-44,casual
U04507,2026-01-18,Japan,iOS,store_feature,35-44,casual
U04508,2026-02-05,United States,Web,paid_social,55+,casual
U04509,2026-01-16,United States,Android,referral,25-34,competitive
U04510,2026-02-27,United Kingdom,Android,organic,45-54,competitive
U04511,2026-01-18,United States,Web,organic,25-34,competitive
U04512,2026-02-01,India,iOS,organic,25-34,casual
U04513,2026-01-08,United States,Web,influencer,35-44,casual
U04514,2026-02-24,Brazil,iOS,referral,18-24,competitive
U04515,2026-02-24,United States,iOS,store_feature,18-24,competitive
U04516,2026-02-17,India,iOS,organic,25-34,casual
U04517,2026-01-22,Canada,Web,store_feature,18-24,collector
U04518,2026-01-04,United States,Web,paid_social,18-24,competitive
U04519,2026-02-12,United States,Android,referral,35-44,collector
U04520,2026-01-26,Germany,iOS,paid_social,25-34,competitive
U04521,2026-03-01,India,iOS,referral,18-24,casual
U04522,2026-02-11,India,Android,organic,18-24,collector
U04523,2026-02-02,Canada,iOS,organic,45-54,collector
U04524,2026-03-01,United Kingdom,iOS,store_feature,55+,competitive
U04525,2026-02-18,United States,Android,organic,35-44,collector
U04526,2026-01-28,United Kingdom,Android,organic,18-24,collector
U04527,2026-01-02,Germany,Web,influencer,25-34,competitive
U04528,2026-01-06,United States,Android,organic,25-34,casual
U04529,2026-01-27,Germany,iOS,paid_social,35-44,casual
U04530,2026-02-03,India,Android,store_feature,25-34,competitive
U04531,2026-01-02,United States,iOS,referral,35-44,competitive
U04532,2026-01-08,United States,Android,organic,25-34,casual
U04533,2026-02-12,United States,Android,paid_social,45-54,casual
U04534,2026-02-15,United States,iOS,paid_social,25-34,collector
U04535,2026-01-02,United States,iOS,paid_social,25-34,casual
U04536,2026-01-31,Germany,Web,referral,25-34,casual
U04537,2026-01-05,United States,Android,influencer,25-34,competitive
U04538,2026-02-13,Brazil,Android,organic,45-54,casual
U04539,2026-02-20,India,Android,organic,25-34,casual
U04540,2026-02-22,India,Android,referral,45-54,competitive
U04541,2026-02-05,Brazil,iOS,paid_social,25-34,collector
U04542,2026-02-07,United States,Android,store_feature,25-34,casual
U04543,2026-02-25,United States,Web,organic,25-34,casual
U04544,2026-02-06,United States,iOS,organic,18-24,casual
U04545,2026-01-27,India,iOS,referral,45-54,competitive
U04546,2026-02-15,India,Android,influencer,18-24,casual
U04547,2026-02-05,Canada,Android,organic,25-34,casual
U04548,2026-02-20,Canada,iOS,store_feature,18-24,competitive
U04549,2026-02-01,United Kingdom,Android,paid_social,35-44,collector
U04550,2026-02-22,United States,Android,organic,45-54,casual
U04551,2026-01-03,India,Android,paid_social,35-44,competitive
U04552,2026-01-03,United States,iOS,organic,25-34,competitive
U04553,2026-01-06,Canada,iOS,referral,25-34,casual
U04554,2026-02-03,United Kingdom,Android,organic,18-24,competitive
U04555,2026-02-12,United States,Web,paid_social,45-54,casual
U04556,2026-01-13,Canada,Android,organic,18-24,casual
U04557,2026-01-10,Japan,iOS,store_feature,55+,casual
U04558,2026-02-21,United States,Web,influencer,35-44,casual
U04559,2026-02-15,Germany,iOS,paid_social,35-44,competitive
U04560,2026-02-08,Canada,Android,paid_social,35-44,competitive
U04561,2026-01-30,United States,iOS,influencer,25-34,competitive
U04562,2026-01-26,United States,Android,organic,25-34,competitive
U04563,2026-01-02,United States,Android,store_feature,25-34,casual
U04564,2026-01-12,United States,Android,paid_social,18-24,collector
U04565,2026-02-23,Canada,iOS,influencer,35-44,collector
U04566,2026-01-21,Japan,Android,organic,25-34,casual
U04567,2026-02-12,Brazil,iOS,organic,45-54,competitive
U04568,2026-02-12,India,Web,organic,45-54,competitive
U04569,2026-01-19,United Kingdom,iOS,organic,18-24,casual
U04570,2026-01-13,Brazil,Android,organic,18-24,casual
U04571,2026-02-11,Brazil,Android,influencer,25-34,casual
U04572,2026-01-06,United States,iOS,organic,18-24,collector
U04573,2026-01-30,Canada,iOS,organic,35-44,competitive
U04574,2026-02-23,United Kingdom,iOS,organic,35-44,competitive
U04575,2026-02-12,Japan,Android,paid_social,35-44,collector
U04576,2026-02-15,United Kingdom,Web,paid_social,25-34,casual
U04577,2026-01-05,United States,Android,organic,45-54,collector
U04578,2026-01-12,India,Web,store_feature,35-44,casual
U04579,2026-01-17,United States,iOS,store_feature,55+,competitive
U04580,2026-01-18,India,iOS,organic,35-44,casual
U04581,2026-01-12,Japan,Web,store_feature,35-44,casual
U04582,2026-02-28,Japan,Web,paid_social,18-24,casual
U04583,2026-01-10,Japan,iOS,paid_social,45-54,casual
U04584,2026-02-12,United States,Android,influencer,25-34,casual
U04585,2026-02-05,Germany,Web,influencer,25-34,casual
U04586,2026-02-06,Brazil,Android,paid_social,25-34,competitive
U04587,2026-01-13,Brazil,Android,paid_social,25-34,collector
U04588,2026-01-19,United States,iOS,organic,18-24,casual
U04589,2026-02-06,United States,iOS,paid_social,18-24,casual
U04590,2026-01-18,Canada,Android,referral,35-44,competitive
U04591,2026-02-11,United Kingdom,Android,organic,35-44,competitive
U04592,2026-01-03,Germany,iOS,influencer,55+,competitive
U04593,2026-01-05,Japan,iOS,referral,45-54,collector
U04594,2026-02-13,Japan,iOS,organic,25-34,casual
U04595,2026-02-07,Brazil,Android,store_feature,35-44,casual
U04596,2026-01-03,United States,iOS,referral,25-34,collector
U04597,2026-02-23,United Kingdom,iOS,organic,25-34,competitive
U04598,2026-01-01,Canada,iOS,paid_social,55+,competitive
U04599,2026-02-27,United States,Web,store_feature,45-54,collector
U04600,2026-02-13,United States,Android,influencer,18-24,casual
U04601,2026-03-01,Canada,iOS,organic,45-54,casual
U04602,2026-02-26,United States,Android,referral,18-24,casual
U04603,2026-01-19,Germany,iOS,store_feature,45-54,competitive
U04604,2026-02-15,United States,Android,influencer,35-44,collector
U04605,2026-01-13,United States,Android,organic,18-24,casual
U04606,2026-01-29,United States,Android,paid_social,35-44,casual
U04607,2026-01-15,Brazil,Android,store_feature,25-34,competitive
U04608,2026-01-30,Germany,iOS,organic,18-24,casual
U04609,2026-02-22,Canada,iOS,paid_social,35-44,competitive
U04610,2026-01-27,United States,iOS,paid_social,35-44,casual
U04611,2026-01-06,India,Android,paid_social,25-34,collector
U04612,2026-01-20,Germany,Android,referral,35-44,competitive
U04613,2026-02-17,Brazil,Android,organic,18-24,casual
U04614,2026-02-01,United Kingdom,iOS,store_feature,25-34,competitive
U04615,2026-02-03,Japan,Android,organic,35-44,competitive
U04616,2026-01-26,India,iOS,store_feature,18-24,casual
U04617,2026-01-18,Canada,iOS,paid_social,25-34,casual
U04618,2026-02-05,Brazil,Android,organic,45-54,competitive
U04619,2026-02-07,United States,iOS,influencer,45-54,competitive
U04620,2026-02-23,Brazil,iOS,store_feature,25-34,competitive
U04621,2026-02-07,Canada,iOS,paid_social,25-34,casual
U04622,2026-03-01,United States,Android,organic,45-54,competitive
U04623,2026-02-19,India,iOS,paid_social,45-54,competitive
U04624,2026-01-05,Japan,Web,influencer,18-24,casual
U04625,2026-01-24,United States,Web,organic,25-34,casual
U04626,2026-01-24,India,Android,influencer,18-24,casual
U04627,2026-01-01,Canada,iOS,organic,18-24,competitive
U04628,2026-01-11,United Kingdom,Android,referral,25-34,casual
U04629,2026-02-15,Japan,iOS,paid_social,35-44,collector
U04630,2026-01-22,Canada,Web,organic,35-44,casual
U04631,2026-01-09,United Kingdom,Android,influencer,45-54,competitive
U04632,2026-01-18,Brazil,iOS,organic,25-34,casual
U04633,2026-01-17,United States,iOS,influencer,25-34,competitive
U04634,2026-01-11,United Kingdom,Android,organic,18-24,competitive
U04635,2026-01-07,Canada,Web,organic,18-24,competitive
U04636,2026-02-15,Brazil,Android,influencer,18-24,collector
U04637,2026-02-19,United States,Android,referral,55+,casual
U04638,2026-01-30,United States,Android,organic,18-24,casual
U04639,2026-02-06,Brazil,Android,paid_social,35-44,casual
U04640,2026-02-25,United States,Android,organic,25-34,casual
U04641,2026-02-20,United Kingdom,iOS,store_feature,25-34,competitive
U04642,2026-01-02,Brazil,Android,organic,45-54,casual
U04643,2026-02-27,Japan,Web,paid_social,45-54,competitive
U04644,2026-01-05,United States,iOS,organic,18-24,casual
U04645,2026-01-02,Japan,iOS,referral,45-54,collector
U04646,2026-01-25,Brazil,iOS,influencer,18-24,casual
U04647,2026-02-14,Canada,iOS,store_feature,35-44,collector
U04648,2026-01-05,Japan,Android,paid_social,18-24,competitive
U04649,2026-01-18,Brazil,iOS,organic,25-34,collector
U04650,2026-01-16,Germany,Android,organic,35-44,competitive
U04651,2026-01-24,Germany,iOS,store_feature,45-54,casual
U04652,2026-03-01,Brazil,Web,organic,45-54,competitive
U04653,2026-01-20,India,Android,referral,25-34,casual
U04654,2026-01-13,Germany,Android,paid_social,45-54,casual
U04655,2026-01-08,Japan,Android,influencer,25-34,casual
U04656,2026-01-12,Brazil,iOS,paid_social,18-24,collector
U04657,2026-01-08,Japan,Android,paid_social,18-24,competitive
U04658,2026-02-04,India,Android,influencer,18-24,casual
U04659,2026-01-26,United States,iOS,influencer,18-24,competitive
U04660,2026-01-30,United States,Web,paid_social,35-44,casual
U04661,2026-02-19,Germany,iOS,store_feature,18-24,casual
U04662,2026-02-04,United Kingdom,Android,referral,25-34,casual
U04663,2026-01-10,Germany,iOS,paid_social,18-24,casual
U04664,2026-01-23,Japan,Android,organic,35-44,competitive
U04665,2026-01-19,India,iOS,referral,25-34,casual
U04666,2026-02-19,Canada,iOS,referral,25-34,casual
U04667,2026-01-19,Brazil,Android,organic,35-44,casual
U04668,2026-01-09,United States,Web,organic,45-54,collector
U04669,2026-02-14,United Kingdom,iOS,referral,55+,competitive
U04670,2026-01-26,United States,Android,organic,25-34,casual
U04671,2026-01-06,United Kingdom,Android,referral,55+,competitive
U04672,2026-02-11,Germany,Android,referral,35-44,casual
U04673,2026-01-13,Brazil,iOS,paid_social,45-54,collector
U04674,2026-02-22,Brazil,Android,organic,18-24,casual
U04675,2026-02-19,Canada,Web,paid_social,18-24,casual
U04676,2026-01-23,United States,iOS,paid_social,18-24,casual
U04677,2026-02-03,United States,Android,paid_social,35-44,casual
U04678,2026-02-04,India,Web,referral,18-24,casual
U04679,2026-02-09,India,iOS,store_feature,18-24,competitive
U04680,2026-01-05,Canada,iOS,organic,25-34,casual
U04681,2026-01-20,United States,iOS,referral,55+,casual
U04682,2026-01-11,United Kingdom,Android,organic,25-34,competitive
U04683,2026-02-11,Brazil,Web,store_feature,35-44,competitive
U04684,2026-01-05,Canada,Android,organic,18-24,collector
U04685,2026-02-01,United States,Android,paid_social,45-54,casual
U04686,2026-02-13,Canada,iOS,paid_social,18-24,collector
U04687,2026-02-26,United States,iOS,organic,25-34,competitive
U04688,2026-01-18,Canada,iOS,influencer,25-34,competitive
U04689,2026-01-01,United States,iOS,organic,18-24,casual
U04690,2026-02-13,Brazil,iOS,organic,35-44,casual
U04691,2026-01-01,United Kingdom,Android,referral,35-44,casual
U04692,2026-01-04,United States,iOS,paid_social,18-24,competitive
U04693,2026-03-01,Germany,iOS,organic,18-24,competitive
U04694,2026-02-21,United Kingdom,iOS,organic,18-24,casual
U04695,2026-02-12,Japan,iOS,organic,18-24,casual
U04696,2026-02-20,India,iOS,store_feature,45-54,collector
U04697,2026-01-05,United States,iOS,paid_social,35-44,casual
U04698,2026-01-06,India,iOS,organic,18-24,competitive
U04699,2026-01-19,Brazil,Android,paid_social,18-24,collector
U04700,2026-01-02,Brazil,Android,influencer,35-44,casual
U04701,2026-02-23,Canada,Web,influencer,35-44,competitive
U04702,2026-01-04,Canada,Android,organic,45-54,competitive
U04703,2026-02-02,United States,Android,referral,18-24,casual
U04704,2026-02-21,India,Web,organic,25-34,casual
U04705,2026-02-14,Germany,Android,organic,18-24,collector
U04706,2026-01-15,Canada,Android,store_feature,35-44,casual
U04707,2026-01-29,Germany,iOS,influencer,25-34,casual
U04708,2026-02-02,United States,iOS,organic,35-44,casual
U04709,2026-02-16,United States,iOS,store_feature,18-24,competitive
U04710,2026-01-26,Germany,iOS,referral,35-44,casual
U04711,2026-01-18,United Kingdom,Android,store_feature,18-24,casual
U04712,2026-02-17,Japan,iOS,store_feature,45-54,casual
U04713,2026-02-23,Brazil,Android,paid_social,18-24,casual
U04714,2026-01-30,Germany,Web,influencer,35-44,competitive
U04715,2026-01-02,Japan,Android,organic,18-24,collector
U04716,2026-01-31,United States,iOS,paid_social,35-44,casual
U04717,2026-02-23,Brazil,Android,organic,35-44,competitive
U04718,2026-03-01,Brazil,iOS,store_feature,25-34,competitive
U04719,2026-01-25,United States,Web,organic,18-24,competitive
U04720,2026-01-10,United States,Android,paid_social,25-34,competitive
U04721,2026-02-04,United States,Android,store_feature,25-34,casual
U04722,2026-02-19,United States,Android,organic,35-44,competitive
U04723,2026-02-26,United Kingdom,Android,organic,18-24,competitive
U04724,2026-01-04,United States,Android,organic,18-24,competitive
U04725,2026-01-18,Brazil,iOS,referral,25-34,casual
U04726,2026-01-29,United States,iOS,organic,25-34,casual
U04727,2026-01-06,United States,iOS,paid_social,18-24,casual
U04728,2026-02-23,Canada,Android,paid_social,35-44,casual
U04729,2026-01-07,United States,Web,influencer,18-24,casual
U04730,2026-02-09,India,Android,store_feature,45-54,casual
U04731,2026-02-25,Canada,Android,organic,35-44,casual
U04732,2026-02-11,United States,Web,influencer,25-34,casual
U04733,2026-02-15,United States,iOS,store_feature,45-54,collector
U04734,2026-01-16,Canada,iOS,referral,35-44,casual
U04735,2026-02-19,Germany,Web,paid_social,25-34,casual
U04736,2026-01-26,Japan,Web,organic,25-34,competitive
U04737,2026-01-04,Canada,Android,referral,35-44,casual
U04738,2026-01-22,Germany,iOS,paid_social,18-24,casual
U04739,2026-01-21,United Kingdom,Web,organic,25-34,casual
U04740,2026-02-01,Japan,Android,organic,18-24,casual
U04741,2026-01-16,Germany,Android,organic,25-34,competitive
U04742,2026-01-28,United States,iOS,paid_social,35-44,casual
U04743,2026-01-26,Brazil,Android,organic,18-24,casual
U04744,2026-01-20,Japan,Android,referral,18-24,casual
U04745,2026-02-11,United Kingdom,Web,store_feature,35-44,casual
U04746,2026-01-19,India,Android,organic,18-24,competitive
U04747,2026-02-15,Japan,Android,organic,18-24,casual
U04748,2026-01-16,United States,Android,organic,25-34,casual
U04749,2026-02-21,Japan,Android,paid_social,45-54,casual
U04750,2026-01-22,Germany,iOS,store_feature,35-44,competitive
U04751,2026-01-03,United Kingdom,iOS,referral,25-34,casual
U04752,2026-01-09,United Kingdom,iOS,store_feature,45-54,competitive
U04753,2026-02-18,Japan,Android,influencer,35-44,casual
U04754,2026-02-22,Germany,iOS,organic,35-44,collector
U04755,2026-01-13,United Kingdom,iOS,referral,35-44,casual
U04756,2026-02-06,United States,Web,paid_social,45-54,competitive
U04757,2026-02-04,United Kingdom,Android,paid_social,35-44,casual
U04758,2026-01-09,India,iOS,organic,25-34,casual
U04759,2026-01-28,Brazil,iOS,paid_social,18-24,competitive
U04760,2026-02-11,United States,Android,referral,18-24,collector
U04761,2026-02-28,India,iOS,referral,25-34,competitive
U04762,2026-02-20,Japan,Android,organic,55+,casual
U04763,2026-01-06,Germany,Android,organic,35-44,casual
U04764,2026-01-15,United States,iOS,paid_social,35-44,casual
U04765,2026-01-27,Germany,Android,referral,35-44,competitive
U04766,2026-01-10,United States,iOS,paid_social,45-54,casual
U04767,2026-02-04,Canada,Android,organic,35-44,casual
U04768,2026-01-01,Germany,iOS,organic,18-24,casual
U04769,2026-01-07,India,iOS,store_feature,25-34,collector
U04770,2026-01-03,Canada,iOS,referral,25-34,casual
U04771,2026-01-18,Japan,Web,organic,18-24,casual
U04772,2026-02-15,India,iOS,paid_social,18-24,casual
U04773,2026-01-11,United States,iOS,paid_social,25-34,casual
U04774,2026-03-01,United States,iOS,referral,18-24,casual
U04775,2026-01-17,Brazil,Android,organic,18-24,competitive
U04776,2026-01-03,Brazil,Android,referral,45-54,casual
U04777,2026-01-21,Canada,Web,influencer,25-34,casual
U04778,2026-02-14,Brazil,Android,paid_social,45-54,casual
U04779,2026-01-07,Germany,Android,organic,18-24,casual
U04780,2026-01-05,Brazil,Android,organic,55+,competitive
U04781,2026-02-20,Brazil,iOS,organic,35-44,casual
U04782,2026-02-05,United States,Web,influencer,45-54,competitive
U04783,2026-01-21,United States,Web,influencer,25-34,casual
U04784,2026-02-15,United States,iOS,organic,35-44,casual
U04785,2026-02-20,India,Android,influencer,25-34,casual
U04786,2026-01-22,India,iOS,organic,25-34,casual
U04787,2026-02-03,Japan,Android,paid_social,35-44,casual
U04788,2026-01-01,United States,Android,referral,18-24,casual
U04789,2026-01-19,Germany,Web,paid_social,18-24,competitive
U04790,2026-02-05,United States,iOS,paid_social,45-54,casual
U04791,2026-01-12,Canada,Android,referral,18-24,casual
U04792,2026-03-01,United States,Android,organic,35-44,casual
U04793,2026-02-28,Japan,iOS,influencer,18-24,casual
U04794,2026-01-16,United States,Android,organic,25-34,casual
U04795,2026-01-24,Brazil,Android,organic,25-34,competitive
U04796,2026-01-12,India,Android,influencer,25-34,competitive
U04797,2026-01-31,Brazil,Web,paid_social,45-54,competitive
U04798,2026-01-08,United States,iOS,paid_social,45-54,casual
U04799,2026-01-24,India,iOS,organic,18-24,casual
U04800,2026-02-03,Brazil,iOS,organic,25-34,competitive
U04801,2026-02-06,United Kingdom,iOS,organic,45-54,casual
U04802,2026-02-05,Brazil,Android,paid_social,18-24,competitive
U04803,2026-01-14,Japan,Web,paid_social,18-24,competitive
U04804,2026-02-17,United Kingdom,Android,paid_social,25-34,casual
U04805,2026-02-11,United Kingdom,Android,store_feature,35-44,casual
U04806,2026-02-15,United Kingdom,iOS,influencer,25-34,competitive
U04807,2026-01-29,United States,iOS,organic,18-24,casual
U04808,2026-02-23,Japan,Android,influencer,55+,casual
U04809,2026-01-24,United States,Android,store_feature,45-54,casual
U04810,2026-02-18,Canada,iOS,influencer,35-44,casual
U04811,2026-01-13,Canada,Web,referral,35-44,competitive
U04812,2026-01-15,United States,Android,organic,45-54,casual
U04813,2026-02-01,Canada,iOS,organic,35-44,competitive
U04814,2026-02-03,Germany,Android,influencer,35-44,collector
U04815,2026-02-14,Canada,Android,paid_social,25-34,collector
U04816,2026-01-18,United States,iOS,influencer,18-24,casual
U04817,2026-02-22,Japan,Android,referral,45-54,casual
U04818,2026-01-20,India,Android,organic,35-44,collector
U04819,2026-02-02,United Kingdom,Android,paid_social,25-34,competitive
U04820,2026-02-25,Canada,Web,influencer,35-44,casual
U04821,2026-02-02,United States,Android,organic,35-44,competitive
U04822,2026-02-10,United States,iOS,referral,25-34,competitive
U04823,2026-02-24,Canada,iOS,influencer,35-44,competitive
U04824,2026-02-28,India,iOS,organic,18-24,collector
U04825,2026-01-30,Brazil,iOS,organic,35-44,collector
U04826,2026-01-26,Canada,iOS,paid_social,55+,casual
U04827,2026-01-12,India,Android,store_feature,45-54,casual
U04828,2026-02-02,United Kingdom,iOS,paid_social,45-54,competitive
U04829,2026-02-25,United States,iOS,organic,35-44,competitive
U04830,2026-01-30,United Kingdom,Android,organic,25-34,competitive
U04831,2026-01-21,United States,iOS,paid_social,35-44,casual
U04832,2026-01-07,India,Android,organic,25-34,competitive
U04833,2026-01-24,Canada,Android,organic,25-34,casual
U04834,2026-01-15,Brazil,iOS,store_feature,25-34,collector
U04835,2026-02-28,Canada,iOS,organic,25-34,competitive
U04836,2026-02-01,India,Android,store_feature,25-34,casual
U04837,2026-01-09,Brazil,iOS,influencer,25-34,competitive
U04838,2026-01-05,United Kingdom,Android,referral,25-34,competitive
U04839,2026-02-21,United States,Android,referral,18-24,casual
U04840,2026-02-25,India,Android,organic,25-34,casual
U04841,2026-02-15,Germany,Android,paid_social,18-24,competitive
U04842,2026-01-08,United States,Web,paid_social,45-54,competitive
U04843,2026-01-06,Japan,iOS,organic,18-24,casual
U04844,2026-01-12,United States,Web,paid_social,45-54,collector
U04845,2026-02-15,Canada,Android,organic,18-24,collector
U04846,2026-02-15,United Kingdom,iOS,organic,45-54,competitive
U04847,2026-02-20,Canada,iOS,referral,35-44,collector
U04848,2026-01-06,United Kingdom,iOS,paid_social,45-54,casual
U04849,2026-01-10,United States,Web,organic,45-54,collector
U04850,2026-02-24,United States,iOS,organic,35-44,collector
U04851,2026-02-25,United States,Web,organic,18-24,competitive
U04852,2026-02-13,United States,Android,paid_social,25-34,casual
U04853,2026-01-07,India,Android,paid_social,25-34,casual
U04854,2026-01-05,Germany,Android,organic,45-54,casual
U04855,2026-01-04,United Kingdom,iOS,paid_social,45-54,competitive
U04856,2026-02-11,Canada,Android,influencer,25-34,casual
U04857,2026-02-20,Brazil,Web,paid_social,35-44,competitive
U04858,2026-02-07,United States,iOS,paid_social,25-34,competitive
U04859,2026-01-16,United States,Web,referral,35-44,casual
U04860,2026-02-15,Brazil,Web,store_feature,35-44,casual
U04861,2026-01-04,United Kingdom,iOS,influencer,25-34,competitive
U04862,2026-02-19,Japan,Android,organic,45-54,casual
U04863,2026-02-23,India,iOS,organic,18-24,collector
U04864,2026-02-13,Japan,Android,organic,35-44,collector
U04865,2026-02-22,United States,Web,store_feature,35-44,casual
U04866,2026-02-05,United States,Web,organic,25-34,competitive
U04867,2026-01-29,United States,Web,influencer,25-34,competitive
U04868,2026-01-20,Japan,iOS,organic,18-24,collector
U04869,2026-02-25,India,Android,paid_social,25-34,competitive
U04870,2026-02-11,India,iOS,organic,45-54,collector
U04871,2026-01-12,United States,Web,paid_social,18-24,casual
U04872,2026-02-27,Japan,iOS,paid_social,18-24,casual
U04873,2026-01-04,United Kingdom,iOS,referral,25-34,competitive
U04874,2026-02-05,Japan,iOS,paid_social,25-34,competitive
U04875,2026-01-12,Germany,iOS,paid_social,25-34,collector
U04876,2026-02-09,United States,iOS,referral,35-44,casual
U04877,2026-01-25,United States,iOS,influencer,25-34,casual
U04878,2026-01-27,India,Web,store_feature,45-54,competitive
U04879,2026-02-10,United Kingdom,Android,referral,25-34,collector
U04880,2026-02-15,Canada,iOS,paid_social,35-44,competitive
U04881,2026-01-23,Canada,Android,influencer,25-34,casual
U04882,2026-03-01,Canada,Android,paid_social,18-24,collector
U04883,2026-01-30,India,Android,influencer,25-34,competitive
U04884,2026-01-10,United States,iOS,store_feature,35-44,collector
U04885,2026-01-01,United States,Android,organic,55+,competitive
U04886,2026-01-13,Japan,iOS,organic,18-24,casual
U04887,2026-02-11,Germany,iOS,referral,25-34,collector
U04888,2026-02-02,United States,Android,referral,35-44,casual
U04889,2026-01-21,United States,Android,paid_social,18-24,collector
U04890,2026-01-29,United States,Android,influencer,45-54,casual
U04891,2026-02-20,United States,iOS,paid_social,25-34,competitive
U04892,2026-02-04,United States,Android,paid_social,45-54,casual
U04893,2026-01-04,United States,Android,paid_social,25-34,casual
U04894,2026-01-03,Brazil,iOS,organic,18-24,collector
U04895,2026-01-29,Japan,iOS,paid_social,35-44,casual
U04896,2026-01-25,India,iOS,influencer,18-24,casual
U04897,2026-02-21,Canada,iOS,organic,35-44,collector
U04898,2026-02-04,Canada,iOS,store_feature,35-44,casual
U04899,2026-02-15,India,iOS,store_feature,25-34,competitive
U04900,2026-02-05,Japan,Android,organic,25-34,collector
U04901,2026-01-21,United Kingdom,Android,store_feature,25-34,casual
U04902,2026-02-09,United States,Android,store_feature,25-34,casual
U04903,2026-02-07,Canada,Android,paid_social,35-44,competitive
U04904,2026-02-13,United Kingdom,iOS,organic,35-44,competitive
U04905,2026-01-12,Germany,Web,organic,25-34,casual
U04906,2026-02-08,United States,Android,paid_social,35-44,casual
U04907,2026-01-18,India,Android,organic,35-44,casual
U04908,2026-02-17,Germany,iOS,organic,35-44,casual
U04909,2026-02-17,Germany,Android,influencer,25-34,casual
U04910,2026-02-07,United States,Android,referral,25-34,collector
U04911,2026-02-26,Japan,Android,referral,25-34,casual
U04912,2026-02-02,Brazil,Android,influencer,35-44,casual
U04913,2026-01-02,United States,Web,organic,35-44,collector
U04914,2026-02-06,Germany,Web,organic,45-54,casual
U04915,2026-02-16,Brazil,Android,referral,18-24,collector
U04916,2026-01-07,Japan,Web,paid_social,35-44,collector
U04917,2026-01-07,United States,Web,organic,45-54,casual
U04918,2026-01-17,Japan,iOS,store_feature,18-24,casual
U04919,2026-02-20,United Kingdom,Android,organic,18-24,casual
U04920,2026-02-01,United States,iOS,paid_social,18-24,casual
U04921,2026-02-28,United States,iOS,paid_social,35-44,casual
U04922,2026-02-22,United States,iOS,referral,25-34,casual
U04923,2026-02-03,United States,Android,organic,18-24,casual
U04924,2026-02-10,United Kingdom,iOS,organic,25-34,competitive
U04925,2026-01-20,Brazil,iOS,influencer,35-44,casual
U04926,2026-01-06,United States,iOS,influencer,45-54,casual
U04927,2026-01-24,India,Android,paid_social,35-44,casual
U04928,2026-02-05,United States,Web,organic,45-54,casual
U04929,2026-01-11,Germany,Web,paid_social,35-44,competitive
U04930,2026-01-14,India,Android,organic,45-54,competitive
U04931,2026-01-01,Japan,iOS,organic,25-34,casual
U04932,2026-02-14,Brazil,Web,organic,45-54,competitive
U04933,2026-02-23,Brazil,iOS,organic,45-54,casual
U04934,2026-02-19,United States,Web,organic,35-44,collector
U04935,2026-01-23,United States,Android,organic,25-34,casual
U04936,2026-02-05,United Kingdom,Android,store_feature,25-34,competitive
U04937,2026-02-27,United States,iOS,paid_social,25-34,casual
U04938,2026-02-05,Canada,iOS,paid_social,18-24,casual
U04939,2026-01-18,United States,Android,organic,18-24,casual
U04940,2026-01-21,India,iOS,store_feature,25-34,casual
U04941,2026-02-13,India,Android,organic,18-24,competitive
U04942,2026-01-27,Japan,Android,organic,45-54,competitive
U04943,2026-02-20,Brazil,Android,referral,35-44,casual
U04944,2026-02-21,United States,iOS,referral,45-54,collector
U04945,2026-01-03,United States,Android,store_feature,25-34,casual
U04946,2026-02-13,Brazil,iOS,paid_social,18-24,collector
U04947,2026-01-23,Brazil,Android,paid_social,25-34,casual
U04948,2026-02-01,Canada,Android,organic,45-54,casual
U04949,2026-01-16,United Kingdom,Android,paid_social,18-24,casual
U04950,2026-01-23,United Kingdom,Android,paid_social,35-44,competitive
U04951,2026-01-20,United States,iOS,organic,18-24,competitive
U04952,2026-01-04,Canada,Android,organic,25-34,competitive
U04953,2026-02-16,Canada,Android,influencer,18-24,casual
U04954,2026-01-09,Germany,Android,organic,25-34,casual
U04955,2026-01-23,India,Android,organic,18-24,competitive
U04956,2026-01-12,United Kingdom,Web,influencer,45-54,collector
U04957,2026-01-10,Brazil,iOS,referral,18-24,casual
U04958,2026-01-23,Japan,iOS,paid_social,18-24,competitive
U04959,2026-02-25,United States,Android,referral,18-24,competitive
U04960,2026-02-26,Brazil,iOS,organic,55+,casual
U04961,2026-01-23,United Kingdom,Android,store_feature,35-44,competitive
U04962,2026-01-31,Germany,iOS,organic,35-44,casual
U04963,2026-03-01,United States,iOS,influencer,25-34,casual
U04964,2026-01-15,India,iOS,organic,45-54,competitive
U04965,2026-02-26,India,Android,referral,18-24,collector
U04966,2026-01-07,United States,Android,paid_social,35-44,casual
U04967,2026-01-14,United States,iOS,organic,35-44,casual
U04968,2026-01-21,United States,iOS,paid_social,18-24,casual
U04969,2026-01-03,Japan,iOS,store_feature,18-24,casual
U04970,2026-02-18,Germany,iOS,organic,25-34,competitive
U04971,2026-02-21,United States,Android,influencer,18-24,casual
U04972,2026-01-24,Japan,iOS,organic,25-34,casual
U04973,2026-02-20,Canada,iOS,referral,25-34,competitive
U04974,2026-02-16,United Kingdom,iOS,paid_social,18-24,casual
U04975,2026-02-18,Canada,Android,paid_social,35-44,casual
U04976,2026-02-18,United Kingdom,Android,referral,25-34,competitive
U04977,2026-02-04,United Kingdom,Android,referral,35-44,casual
U04978,2026-01-07,United States,Android,paid_social,25-34,casual
U04979,2026-02-25,United Kingdom,Web,paid_social,25-34,casual
U04980,2026-02-06,India,Android,paid_social,25-34,casual
U04981,2026-02-24,United Kingdom,Web,paid_social,45-54,collector
U04982,2026-02-27,India,Android,organic,25-34,competitive
U04983,2026-01-12,Germany,iOS,organic,35-44,casual
U04984,2026-01-25,Japan,Android,paid_social,45-54,casual
U04985,2026-01-12,United States,Android,influencer,35-44,casual
U04986,2026-01-04,Japan,Android,organic,18-24,collector
U04987,2026-02-27,United States,iOS,paid_social,18-24,competitive
U04988,2026-02-25,United States,Android,organic,25-34,competitive
U04989,2026-02-25,United States,Web,paid_social,35-44,casual
U04990,2026-02-23,United States,iOS,referral,35-44,collector
U04991,2026-02-08,India,iOS,referral,35-44,competitive
U04992,2026-02-01,India,iOS,referral,18-24,casual
U04993,2026-03-01,Japan,Android,store_feature,35-44,casual
U04994,2026-02-03,United States,Android,organic,35-44,casual
U04995,2026-02-08,India,Android,paid_social,55+,competitive
U04996,2026-01-13,Brazil,Web,organic,35-44,casual
U04997,2026-02-14,Canada,Android,influencer,25-34,casual
U04998,2026-02-19,United Kingdom,iOS,store_feature,35-44,competitive
U04999,2026-02-10,Brazil,iOS,organic,35-44,competitive
U05000,2026-01-30,United States,iOS,organic,25-34,casual
